rcept_no,reprt_code,bsns_year,corp_code,sj_div,sj_nm,account_id,account_nm,account_detail,thstrm_nm,thstrm_amount,frmtrm_nm,frmtrm_amount,bfefrmtrm_nm,bfefrmtrm_amount,ord,currency,thstrm_add_amount
20210330000776,11011,2020,00164779,BS,재무상태표,ifrs-full_CurrentAssets,유동자산,-,제 73 기,16570953000000.0,제 72 기,14457602000000.0,제 71 기,19894146000000.0,1,KRW,
20210330000776,11011,2020,00164779,BS,재무상태표,ifrs-full_CashAndCashEquivalents,현금및현금성자산,-,제 73 기,2975989000000.0,제 72 기,2306070000000.0,제 71 기,2349319000000.0,2,KRW,
20210330000776,11011,2020,00164779,BS,재무상태표,dart_ShortTermDepositsNotClassifiedAsCashEquivalents,단기금융상품,-,제 73 기,436708000000.0,제 72 기,298350000000.0,제 71 기,523579000000.0,3,KRW,
20210330000776,11011,2020,00164779,BS,재무상태표,-표준계정코드 미사용-,단기투자자산,-,제 73 기,1535518000000.0,제 72 기,1390293000000.0,제 71 기,5496452000000.0,4,KRW,
20210330000776,11011,2020,00164779,BS,재무상태표,dart_ShortTermTradeReceivable,매출채권,-,제 73 기,4931322000000.0,제 72 기,4261674000000.0,제 71 기,6319994000000.0,5,KRW,
20210330000776,11011,2020,00164779,BS,재무상태표,-표준계정코드 미사용-,기타수취채권,-,제 73 기,69194000000.0,제 72 기,23508000000.0,제 71 기,18392000000.0,6,KRW,
20210330000776,11011,2020,00164779,BS,재무상태표,ifrs-full_Inventories,재고자산,-,제 73 기,6136318000000.0,제 72 기,5295835000000.0,제 71 기,4422733000000.0,7,KRW,
20210330000776,11011,2020,00164779,BS,재무상태표,ifrs-full_CurrentTaxAssets,당기법인세자산,-,제 73 기,202000000.0,제 72 기,199805000000.0,제 71 기,22252000000.0,8,KRW,
20210330000776,11011,2020,00164779,BS,재무상태표,dart_OtherCurrentAssets,기타유동자산,-,제 73 기,485672000000.0,제 72 기,682037000000.0,제 71 기,741425000000.0,9,KRW,
20210330000776,11011,2020,00164779,BS,재무상태표,-표준계정코드 미사용-,기타금융자산,-,제 73 기,30000000.0,제 72 기,30000000.0,제 71 기,,10,KRW,
20210330000776,11011,2020,00164779,BS,재무상태표,ifrs-full_NoncurrentAssets,비유동자산,-,제 73 기,54602900000000.0,제 72 기,50790748000000.0,제 71 기,43764189000000.0,11,KRW,
20210330000776,11011,2020,00164779,BS,재무상태표,ifrs-full_InvestmentsInSubsidiariesJointVenturesAndAssociates,"종속기업, 관계기업 및 공동기업투자",-,제 73 기,1166244000000.0,제 72 기,768767000000.0,제 71 기,562194000000.0,12,KRW,
20210330000776,11011,2020,00164779,BS,재무상태표,dart_LongTermTradeReceivablesGross,장기매출채권,-,제 73 기,,제 72 기,44775000000.0,제 71 기,,13,KRW,
20210330000776,11011,2020,00164779,BS,재무상태표,-표준계정코드 미사용-,장기투자자산,-,제 73 기,6139627000000.0,제 72 기,4381812000000.0,제 71 기,4325550000000.0,14,KRW,
20210330000776,11011,2020,00164779,BS,재무상태표,-표준계정코드 미사용-,기타수취채권,-,제 73 기,75589000000.0,제 72 기,109079000000.0,제 71 기,68514000000.0,15,KRW,
20210330000776,11011,2020,00164779,BS,재무상태표,-표준계정코드 미사용-,기타금융자산,-,제 73 기,353000000.0,제 72 기,901000000.0,제 71 기,310000000.0,16,KRW,
20210330000776,11011,2020,00164779,BS,재무상태표,ifrs-full_PropertyPlantAndEquipment,유형자산,-,제 73 기,41230562000000.0,제 72 기,39949940000000.0,제 71 기,34952617000000.0,17,KRW,
20210330000776,11011,2020,00164779,BS,재무상태표,ifrs-full_RightofuseAssets,사용권자산,-,제 73 기,1707645000000.0,제 72 기,1706658000000.0,제 71 기,,18,KRW,
20210330000776,11011,2020,00164779,BS,재무상태표,ifrs-full_IntangibleAssetsOtherThanGoodwill,무형자산,-,제 73 기,3400278000000.0,제 72 기,2571049000000.0,제 71 기,2678770000000.0,19,KRW,
20210330000776,11011,2020,00164779,BS,재무상태표,ifrs-full_InvestmentProperty,투자부동산,-,제 73 기,209417000000.0,제 72 기,258000000.0,제 71 기,1400000000.0,20,KRW,
20210330000776,11011,2020,00164779,BS,재무상태표,ifrs-full_DeferredTaxAssets,이연법인세자산,-,제 73 기,556194000000.0,제 72 기,673640000000.0,제 71 기,544016000000.0,21,KRW,
20210330000776,11011,2020,00164779,BS,재무상태표,-표준계정코드 미사용-,종업원급여자산,-,제 73 기,61962000000.0,제 72 기,3406000000.0,제 71 기,5164000000.0,22,KRW,
20210330000776,11011,2020,00164779,BS,재무상태표,dart_OtherNonCurrentAssets,기타비유동자산,-,제 73 기,55029000000.0,제 72 기,580463000000.0,제 71 기,625654000000.0,23,KRW,
20210330000776,11011,2020,00164779,BS,재무상태표,ifrs-full_Assets,자산총계,-,제 73 기,71173853000000.0,제 72 기,65248350000000.0,제 71 기,63658335000000.0,24,KRW,
20210330000776,11011,2020,00164779,BS,재무상태표,ifrs-full_CurrentLiabilities,유동부채,-,제 73 기,9072360000000.0,제 72 기,7961966000000.0,제 71 기,13031852000000.0,26,KRW,
20210330000776,11011,2020,00164779,BS,재무상태표,dart_ShortTermTradePayables,매입채무,-,제 73 기,1046159000000.0,제 72 기,1042542000000.0,제 71 기,1096380000000.0,27,KRW,
20210330000776,11011,2020,00164779,BS,재무상태표,dart_ShortTermOtherPayables,미지급금,-,제 73 기,2348909000000.0,제 72 기,2367673000000.0,제 71 기,3681933000000.0,28,KRW,
20210330000776,11011,2020,00164779,BS,재무상태표,-표준계정코드 미사용-,기타지급채무,-,제 73 기,1367193000000.0,제 72 기,1257895000000.0,제 71 기,1879520000000.0,29,KRW,
20210330000776,11011,2020,00164779,BS,재무상태표,ifrs-full_ShorttermBorrowings,차입금,-,제 73 기,3114250000000.0,제 72 기,2737770000000.0,제 71 기,1614303000000.0,30,KRW,
20210330000776,11011,2020,00164779,BS,재무상태표,ifrs-full_CurrentProvisions,충당부채,-,제 73 기,13797000000.0,제 72 기,10701000000.0,제 71 기,56208000000.0,31,KRW,
20210330000776,11011,2020,00164779,BS,재무상태표,ifrs-full_CurrentTaxLiabilities,당기법인세부채,-,제 73 기,636649000000.0,제 72 기,89217000000.0,제 71 기,4555670000000.0,32,KRW,
20210330000776,11011,2020,00164779,BS,재무상태표,ifrs-full_CurrentLeaseLiabilities,리스부채,-,제 73 기,347464000000.0,제 72 기,293171000000.0,제 71 기,,33,KRW,
20210330000776,11011,2020,00164779,BS,재무상태표,dart_OtherCurrentLiabilities,기타유동부채,-,제 73 기,197395000000.0,제 72 기,162997000000.0,제 71 기,147838000000.0,34,KRW,
20210330000776,11011,2020,00164779,BS,재무상태표,-표준계정코드 미사용-,기타금융부채,-,제 73 기,544000000.0,제 72 기,,제 71 기,,35,KRW,
20210330000776,11011,2020,00164779,BS,재무상태표,ifrs-full_NoncurrentLiabilities,비유동부채,-,제 73 기,10192396000000.0,제 72 기,9350502000000.0,제 71 기,3774152000000.0,36,KRW,
20210330000776,11011,2020,00164779,BS,재무상태표,dart_LongTermOtherPayablesGross,장기미지급금,-,제 73 기,272396000000.0,제 72 기,,제 71 기,,37,KRW,
20210330000776,11011,2020,00164779,BS,재무상태표,-표준계정코드 미사용-,기타지급채무,-,제 73 기,29923000000.0,제 72 기,18266000000.0,제 71 기,15231000000.0,38,KRW,
20210330000776,11011,2020,00164779,BS,재무상태표,dart_LongTermBorrowingsGross,차입금,-,제 73 기,8137398000000.0,제 72 기,7785736000000.0,제 71 기,3667634000000.0,39,KRW,
20210330000776,11011,2020,00164779,BS,재무상태표,dart_PresentValueOfDefinedBenefitObligation,확정급여부채,-,제 73 기,2739000000.0,제 72 기,53624000000.0,제 71 기,5387000000.0,40,KRW,
20210330000776,11011,2020,00164779,BS,재무상태표,ifrs-full_DeferredTaxLiabilities,이연법인세부채,-,제 73 기,266640000000.0,제 72 기,15743000000.0,제 71 기,6597000000.0,41,KRW,
20210330000776,11011,2020,00164779,BS,재무상태표,ifrs-full_NoncurrentLeaseLiabilities,리스부채,-,제 73 기,1296252000000.0,제 72 기,1373828000000.0,제 71 기,,42,KRW,
20210330000776,11011,2020,00164779,BS,재무상태표,ifrs-full_OtherNoncurrentFinancialLiabilities,기타금융부채,-,제 73 기,88121000000.0,제 72 기,15532000000.0,제 71 기,,43,KRW,
20210330000776,11011,2020,00164779,BS,재무상태표,dart_OtherNonCurrentLiabilities,기타비유동부채,-,제 73 기,98927000000.0,제 72 기,87773000000.0,제 71 기,79303000000.0,44,KRW,
20210330000776,11011,2020,00164779,BS,재무상태표,ifrs-full_Liabilities,부채총계,-,제 73 기,19264756000000.0,제 72 기,17312468000000.0,제 71 기,16806004000000.0,45,KRW,
20210330000776,11011,2020,00164779,BS,재무상태표,ifrs-full_EquityAttributableToOwnersOfParent,지배기업의 소유지분,-,제 73 기,51888541000000.0,제 72 기,47921102000000.0,제 71 기,46845719000000.0,47,KRW,
20210330000776,11011,2020,00164779,BS,재무상태표,ifrs-full_IssuedCapital,자본금,-,제 73 기,3657652000000.0,제 72 기,3657652000000.0,제 71 기,3657652000000.0,48,KRW,
20210330000776,11011,2020,00164779,BS,재무상태표,dart_CapitalSurplus,자본잉여금,-,제 73 기,4143736000000.0,제 72 기,4143736000000.0,제 71 기,4143736000000.0,49,KRW,
20210330000776,11011,2020,00164779,BS,재무상태표,dart_ElementsOfOtherStockholdersEquity,기타자본,-,제 73 기,-2503122000000.0,제 72 기,-2504713000000.0,제 71 기,-2506451000000.0,50,KRW,
20210330000776,11011,2020,00164779,BS,재무상태표,dart_OtherComprehensiveIncomeLossAccumulatedAmount,기타포괄손익누계액,-,제 73 기,-405453000000.0,제 72 기,-298935000000.0,제 71 기,-482819000000.0,51,KRW,
20210330000776,11011,2020,00164779,BS,재무상태표,ifrs-full_RetainedEarnings,이익잉여금,-,제 73 기,46995728000000.0,제 72 기,42923362000000.0,제 71 기,42033601000000.0,52,KRW,
20210330000776,11011,2020,00164779,BS,재무상태표,ifrs-full_NoncontrollingInterests,비지배지분,-,제 73 기,20556000000.0,제 72 기,14780000000.0,제 71 기,6612000000.0,53,KRW,
20210330000776,11011,2020,00164779,BS,재무상태표,ifrs-full_Equity,자본총계,-,제 73 기,51909097000000.0,제 72 기,47935882000000.0,제 71 기,46852331000000.0,54,KRW,
20210330000776,11011,2020,00164779,BS,재무상태표,ifrs-full_EquityAndLiabilities,부채및자본총계,-,제 73 기,71173853000000.0,제 72 기,65248350000000.0,제 71 기,63658335000000.0,55,KRW,
20210330000776,11011,2020,00164779,CIS,포괄손익계산서,ifrs-full_Revenue,매출액,-,제 73 기,31900418000000.0,제 72 기,26990733000000.0,제 71 기,40445066000000.0,0,KRW,
20210330000776,11011,2020,00164779,CIS,포괄손익계산서,ifrs-full_CostOfSales,매출원가,-,제 73 기,21089789000000.0,제 72 기,18818814000000.0,제 71 기,15180838000000.0,1,KRW,
20210330000776,11011,2020,00164779,CIS,포괄손익계산서,ifrs-full_GrossProfit,매출총이익,-,제 73 기,10810629000000.0,제 72 기,8171919000000.0,제 71 기,25264228000000.0,2,KRW,
20210330000776,11011,2020,00164779,CIS,포괄손익계산서,dart_TotalSellingGeneralAdministrativeExpenses,판매비와관리비,-,제 73 기,5798005000000.0,제 72 기,5452740000000.0,제 71 기,4420478000000.0,3,KRW,
20210330000776,11011,2020,00164779,CIS,포괄손익계산서,dart_OperatingIncomeLoss,영업이익,-,제 73 기,5012624000000.0,제 72 기,2719179000000.0,제 71 기,20843750000000.0,4,KRW,
20210330000776,11011,2020,00164779,CIS,포괄손익계산서,ifrs-full_FinanceIncome,금융수익,-,제 73 기,3327905000000.0,제 72 기,1247640000000.0,제 71 기,1691955000000.0,5,KRW,
20210330000776,11011,2020,00164779,CIS,포괄손익계산서,ifrs-full_FinanceCosts,금융비용,-,제 73 기,1980411000000.0,제 72 기,1531417000000.0,제 71 기,1142134000000.0,6,KRW,
20210330000776,11011,2020,00164779,CIS,포괄손익계산서,-표준계정코드 미사용-,지분법투자 관련 손익,-,제 73 기,-36279000000.0,제 72 기,22633000000.0,제 71 기,13007000000.0,7,KRW,
20210330000776,11011,2020,00164779,CIS,포괄손익계산서,-표준계정코드 미사용-,기타영업외수익,-,제 73 기,84773000000.0,제 72 기,88179000000.0,제 71 기,112810000000.0,8,KRW,
20210330000776,11011,2020,00164779,CIS,포괄손익계산서,-표준계정코드 미사용-,기타영업외비용,-,제 73 기,171575000000.0,제 72 기,113575000000.0,제 71 기,178358000000.0,9,KRW,
20210330000776,11011,2020,00164779,CIS,포괄손익계산서,ifrs-full_ProfitLossBeforeTax,법인세비용차감전순이익,-,제 73 기,6237037000000.0,제 72 기,2432639000000.0,제 71 기,21341030000000.0,10,KRW,
20210330000776,11011,2020,00164779,CIS,포괄손익계산서,ifrs-full_IncomeTaxExpenseContinuingOperations,법인세비용,-,제 73 기,1478123000000.0,제 72 기,423561000000.0,제 71 기,5801046000000.0,11,KRW,
20210330000776,11011,2020,00164779,CIS,포괄손익계산서,ifrs-full_ProfitLoss,당기순이익,-,제 73 기,4758914000000.0,제 72 기,2009078000000.0,제 71 기,15539984000000.0,12,KRW,
20210330000776,11011,2020,00164779,CIS,포괄손익계산서,ifrs-full_OtherComprehensiveIncome,법인세차감후 기타포괄손익,-,제 73 기,-107378000000.0,제 72 기,94023000000.0,제 71 기,-67219000000.0,13,KRW,
20210330000776,11011,2020,00164779,CIS,포괄손익계산서,dart_OtherComprehensiveIncomeNetOfTaxGainsLossesOnRemeasurementsOfDefinedBenefitPlans,확정급여제도의 재측정요소,-,제 73 기,1266000000.0,제 72 기,-90211000000.0,제 71 기,-77029000000.0,15,KRW,
20210330000776,11011,2020,00164779,CIS,포괄손익계산서,ifrs-full_GainsLossesOnExchangeDifferencesOnTranslationNetOfTax,해외사업장환산외환차이,-,제 73 기,-47407000000.0,제 72 기,150037000000.0,제 71 기,7534000000.0,17,KRW,
20210330000776,11011,2020,00164779,CIS,포괄손익계산서,-표준계정코드 미사용-,파생상품평가손익,-,제 73 기,-417000000.0,제 72 기,12753000000.0,제 71 기,,18,KRW,
20210330000776,11011,2020,00164779,CIS,포괄손익계산서,dart_ShareOfOtherComprehensiveIncomeOfAssociatesAndJointVenturesAccountedForUsingEquityMethodThatWillBeReclassifiedToProfitOrLossNetOfTax,관계기업의 기타포괄손익에 대한 지분,-,제 73 기,-60820000000.0,제 72 기,21444000000.0,제 71 기,2276000000.0,19,KRW,
20210330000776,11011,2020,00164779,CIS,포괄손익계산서,ifrs-full_ComprehensiveIncome,총포괄손익,-,제 73 기,4651536000000.0,제 72 기,2103101000000.0,제 71 기,15472765000000.0,20,KRW,
20210330000776,11011,2020,00164779,CIS,포괄손익계산서,ifrs-full_ProfitLossAttributableToOwnersOfParent,지배기업의 소유주지분,-,제 73 기,4755102000000.0,제 72 기,2005975000000.0,제 71 기,15540111000000.0,22,KRW,
20210330000776,11011,2020,00164779,CIS,포괄손익계산서,ifrs-full_ProfitLossAttributableToNoncontrollingInterests,비지배지분,-,제 73 기,3812000000.0,제 72 기,3103000000.0,제 71 기,-127000000.0,23,KRW,
20210330000776,11011,2020,00164779,CIS,포괄손익계산서,ifrs-full_ComprehensiveIncomeAttributableToOwnersOfParent,지배기업의 소유주지분,-,제 73 기,4649850000000.0,제 72 기,2099648000000.0,제 71 기,15471792000000.0,25,KRW,
20210330000776,11011,2020,00164779,CIS,포괄손익계산서,ifrs-full_ComprehensiveIncomeAttributableToNoncontrollingInterests,비지배지분,-,제 73 기,1686000000.0,제 72 기,3453000000.0,제 71 기,973000000.0,26,KRW,
20210330000776,11011,2020,00164779,CIS,포괄손익계산서,ifrs-full_BasicEarningsLossPerShare,기본주당순이익,-,제 73 기,6952.0,제 72 기,2933.0,제 71 기,22255.0,28,KRW,
20210330000776,11011,2020,00164779,CIS,포괄손익계산서,ifrs-full_DilutedEarningsLossPerShare,희석주당순이익,-,제 73 기,6950.0,제 72 기,2932.0,제 71 기,22252.0,29,KRW,
20210330000776,11011,2020,00164779,CF,현금흐름표,ifrs-full_CashFlowsFromUsedInOperatingActivities,영업활동 현금흐름,-,제 73 기,12314571000000.0,제 72 기,6549736000000.0,제 71 기,22227199000000.0,0,KRW,
20210330000776,11011,2020,00164779,CF,현금흐름표,-표준계정코드 미사용-,영업으로부터 창출된 현금흐름,-,제 73 기,12916771000000.0,제 72 기,11895834000000.0,제 71 기,25825017000000.0,1,KRW,
20210330000776,11011,2020,00164779,CF,현금흐름표,ifrs-full_InterestReceivedClassifiedAsOperatingActivities,이자의 수취,-,제 73 기,40635000000.0,제 72 기,30543000000.0,제 71 기,81323000000.0,2,KRW,
20210330000776,11011,2020,00164779,CF,현금흐름표,ifrs-full_InterestPaidClassifiedAsOperatingActivities,이자의 지급,-,제 73 기,288565000000.0,제 72 기,238314000000.0,제 71 기,126029000000.0,3,KRW,
20210330000776,11011,2020,00164779,CF,현금흐름표,ifrs-full_DividendsReceivedClassifiedAsOperatingActivities,배당금의 수취,-,제 73 기,16365000000.0,제 72 기,14891000000.0,제 71 기,15258000000.0,4,KRW,
20210330000776,11011,2020,00164779,CF,현금흐름표,ifrs-full_IncomeTaxesPaidRefundClassifiedAsOperatingActivities,법인세의 납부,-,제 73 기,370635000000.0,제 72 기,5153218000000.0,제 71 기,3568370000000.0,5,KRW,
20210330000776,11011,2020,00164779,CF,현금흐름표,ifrs-full_CashFlowsFromUsedInInvestingActivities,투자활동 현금흐름,-,제 73 기,-11840393000000.0,제 72 기,-10450936000000.0,제 71 기,-21428749000000.0,6,KRW,
20210330000776,11011,2020,00164779,CF,현금흐름표,dart_ProceedsFromSalesOfShortTermFinancialInstruments,단기금융상품의 감소,-,제 73 기,913591000000.0,제 72 기,1070784000000.0,제 71 기,6761161000000.0,7,KRW,
20210330000776,11011,2020,00164779,CF,현금흐름표,dart_PurchaseOfShortTermFinancialInstruments,단기금융상품의 증가,-,제 73 기,1054401000000.0,제 72 기,845337000000.0,제 71 기,2586494000000.0,8,KRW,
20210330000776,11011,2020,00164779,CF,현금흐름표,-표준계정코드 미사용-,단기투자자산의 순증감,-,제 73 기,-115122000000.0,제 72 기,4164793000000.0,제 71 기,-4519395000000.0,9,KRW,
20210330000776,11011,2020,00164779,CF,현금흐름표,dart_ProceedsFromSalesOfOtherFinancialAssets,기타금융자산의 감소,-,제 73 기,773000000.0,제 72 기,,제 71 기,116000000.0,10,KRW,
20210330000776,11011,2020,00164779,CF,현금흐름표,dart_PurchaseOfOtherFinancialAssets,기타금융자산의 증가,-,제 73 기,205000000.0,제 72 기,627000000.0,제 71 기,100000000.0,11,KRW,
20210330000776,11011,2020,00164779,CF,현금흐름표,dart_ProceedsFromSalesOfLoansAndReceivables,기타수취채권의 감소,-,제 73 기,36722000000.0,제 72 기,13057000000.0,제 71 기,21824000000.0,12,KRW,
20210330000776,11011,2020,00164779,CF,현금흐름표,dart_PurchaseOfLoansAndReceivables,기타수취채권의 증가,-,제 73 기,238727000000.0,제 72 기,57482000000.0,제 71 기,48424000000.0,13,KRW,
20210330000776,11011,2020,00164779,CF,현금흐름표,dart_ProceedsFromSalesOfInvestmentsInSubsidiaries,장기투자자산의 처분,-,제 73 기,708000000.0,제 72 기,4316000000.0,제 71 기,7118000000.0,14,KRW,
20210330000776,11011,2020,00164779,CF,현금흐름표,dart_PurchaseOfInvestmentsInSubsidiariesJointVenturesAndAssociates,장기투자자산의 취득,-,제 73 기,93846000000.0,제 72 기,81447000000.0,제 71 기,4012799000000.0,15,KRW,
20210330000776,11011,2020,00164779,CF,현금흐름표,ifrs-full_ProceedsFromSalesOfPropertyPlantAndEquipmentClassifiedAsInvestingActivities,유형자산의 처분,-,제 73 기,59089000000.0,제 72 기,53840000000.0,제 71 기,131754000000.0,16,KRW,
20210330000776,11011,2020,00164779,CF,현금흐름표,ifrs-full_PurchaseOfPropertyPlantAndEquipmentClassifiedAsInvestingActivities,유형자산의 취득,-,제 73 기,10068662000000.0,제 72 기,13920244000000.0,제 71 기,16036146000000.0,17,KRW,
20210330000776,11011,2020,00164779,CF,현금흐름표,ifrs-full_ProceedsFromSalesOfIntangibleAssetsClassifiedAsInvestingActivities,무형자산의 처분,-,제 73 기,695000000.0,제 72 기,183000000.0,제 71 기,2532000000.0,18,KRW,
20210330000776,11011,2020,00164779,CF,현금흐름표,ifrs-full_PurchaseOfIntangibleAssetsClassifiedAsInvestingActivities,무형자산의 취득,-,제 73 기,800729000000.0,제 72 기,673356000000.0,제 71 기,933139000000.0,19,KRW,
20210330000776,11011,2020,00164779,CF,현금흐름표,-표준계정코드 미사용-,영업양도로 인한 현금 유입,-,제 73 기,2958000000.0,제 72 기,,제 71 기,,20,KRW,
20210330000776,11011,2020,00164779,CF,현금흐름표,dart_PurchaseOfInvestmentsInAssociates,관계기업투자의 취득,-,제 73 기,483237000000.0,제 72 기,176954000000.0,제 71 기,200508000000.0,21,KRW,
20210330000776,11011,2020,00164779,CF,현금흐름표,-표준계정코드 미사용-,사업결합으로 인한 순현금유출,-,제 73 기,,제 72 기,-2462000000.0,제 71 기,,22,KRW,
20210330000776,11011,2020,00164779,CF,현금흐름표,dart_PurchaseOfInvestmentsInSubsidiaries,종속기업투자의 취득,-,제 73 기,,제 72 기,,제 71 기,33330000000.0,23,KRW,
20210330000776,11011,2020,00164779,CF,현금흐름표,ifrs-full_ProceedsFromGovernmentGrantsClassifiedAsInvestingActivities,정부보조금의 수취,-,제 73 기,,제 72 기,,제 71 기,17081000000.0,24,KRW,
20210330000776,11011,2020,00164779,CF,현금흐름표,ifrs-full_CashFlowsFromUsedInFinancingActivities,재무활동현금흐름,-,제 73 기,252054000000.0,제 72 기,3836668000000.0,제 71 기,-1395317000000.0,25,KRW,
20210330000776,11011,2020,00164779,CF,현금흐름표,ifrs-full_ProceedsFromBorrowingsClassifiedAsFinancingActivities,차입금의 차입,-,제 73 기,5173016000000.0,제 72 기,9833882000000.0,제 71 기,3125721000000.0,26,KRW,
20210330000776,11011,2020,00164779,CF,현금흐름표,ifrs-full_RepaymentsOfBorrowingsClassifiedAsFinancingActivities,차입금의 상환,-,제 73 기,3921310000000.0,제 72 기,4585425000000.0,제 71 기,2078522000000.0,27,KRW,
20210330000776,11011,2020,00164779,CF,현금흐름표,ifrs-full_PaymentsOfFinanceLeaseLiabilitiesClassifiedAsFinancingActivities,리스부채의 상환,-,제 73 기,319740000000.0,제 72 기,390501000000.0,제 71 기,,28,KRW,
20210330000776,11011,2020,00164779,CF,현금흐름표,ifrs-full_DividendsPaidClassifiedAsFinancingActivities,배당금의 지급,-,제 73 기,684002000000.0,제 72 기,1026003000000.0,제 71 기,706002000000.0,29,KRW,
20210330000776,11011,2020,00164779,CF,현금흐름표,-표준계정코드 미사용-,비지배지분의 증가,-,제 73 기,4090000000.0,제 72 기,4715000000.0,제 71 기,,30,KRW,
20210330000776,11011,2020,00164779,CF,현금흐름표,dart_AcquisitionOfTreasuryShares,자기주식의 취득,-,제 73 기,,제 72 기,,제 71 기,1736514000000.0,31,KRW,
20210330000776,11011,2020,00164779,CF,현금흐름표,ifrs-full_EffectOfExchangeRateChangesOnCashAndCashEquivalents,현금및현금성자산의 환율변동효과,-,제 73 기,-56313000000.0,제 72 기,21283000000.0,제 71 기,-3805000000.0,32,KRW,
20210330000776,11011,2020,00164779,CF,현금흐름표,ifrs-full_IncreaseDecreaseInCashAndCashEquivalents,현금및현금성자산의 순증감,-,제 73 기,669919000000.0,제 72 기,-43249000000.0,제 71 기,-600672000000.0,33,KRW,
20210330000776,11011,2020,00164779,CF,현금흐름표,dart_CashAndCashEquivalentsAtBeginningOfPeriodCf,기초현금및현금성자산,-,제 73 기,2306070000000.0,제 72 기,2349319000000.0,제 71 기,2949991000000.0,34,KRW,
20210330000776,11011,2020,00164779,CF,현금흐름표,dart_CashAndCashEquivalentsAtEndOfPeriodCf,기말현금및현금성자산,-,제 73 기,2975989000000.0,제 72 기,2306070000000.0,제 71 기,2349319000000.0,35,KRW,
20210330000776,11011,2020,00164779,SCE,자본변동표,dart_EquityAtBeginningOfPeriod,기초자본,자본 [member]|비지배지분 [member],제 73 기,14780000000.0,제 72 기,6612000000.0,제 71 기,5639000000.0,1,KRW,
20210330000776,11011,2020,00164779,SCE,자본변동표,dart_EquityAtBeginningOfPeriod,기초자본,자본 [member]|지배기업의 소유주에게 귀속되는 자본 [member],제 73 기,47921102000000.0,제 72 기,46845719000000.0,제 71 기,33815280000000.0,1,KRW,
20210330000776,11011,2020,00164779,SCE,자본변동표,dart_EquityAtBeginningOfPeriod,기초자본,자본 [member]|지배기업의 소유주에게 귀속되는 자본 [member]|기타자본,제 73 기,-2504713000000.0,제 72 기,-2506451000000.0,제 71 기,-771100000000.0,1,KRW,
20210330000776,11011,2020,00164779,SCE,자본변동표,dart_EquityAtBeginningOfPeriod,기초자본,연결재무제표 [member],제 73 기,47935882000000.0,제 72 기,46852331000000.0,제 71 기,33820919000000.0,1,KRW,
20210330000776,11011,2020,00164779,SCE,자본변동표,dart_EquityAtBeginningOfPeriod,기초자본,자본 [member]|지배기업의 소유주에게 귀속되는 자본 [member]|이익잉여금 [member],제 73 기,42923362000000.0,제 72 기,42033601000000.0,제 71 기,27276521000000.0,1,KRW,
20210330000776,11011,2020,00164779,SCE,자본변동표,dart_EquityAtBeginningOfPeriod,기초자본,자본 [member]|지배기업의 소유주에게 귀속되는 자본 [member]|기타포괄손익누계액 [member],제 73 기,-298935000000.0,제 72 기,-482819000000.0,제 71 기,-491529000000.0,1,KRW,
20210330000776,11011,2020,00164779,SCE,자본변동표,dart_EquityAtBeginningOfPeriod,기초자본,자본 [member]|지배기업의 소유주에게 귀속되는 자본 [member]|자본잉여금 [member],제 73 기,4143736000000.0,제 72 기,4143736000000.0,제 71 기,4143736000000.0,1,KRW,
20210330000776,11011,2020,00164779,SCE,자본변동표,dart_EquityAtBeginningOfPeriod,기초자본,자본 [member]|지배기업의 소유주에게 귀속되는 자본 [member]|자본금 [member],제 73 기,3657652000000.0,제 72 기,3657652000000.0,제 71 기,3657652000000.0,1,KRW,
20210330000776,11011,2020,00164779,SCE,자본변동표,ifrs-full_ProfitLoss,당기순이익,자본 [member]|지배기업의 소유주에게 귀속되는 자본 [member],제 73 기,4755102000000.0,제 72 기,2005975000000.0,제 71 기,15540111000000.0,2,KRW,
20210330000776,11011,2020,00164779,SCE,자본변동표,ifrs-full_ProfitLoss,당기순이익,자본 [member]|지배기업의 소유주에게 귀속되는 자본 [member]|이익잉여금 [member],제 73 기,4755102000000.0,제 72 기,2005975000000.0,제 71 기,15540111000000.0,2,KRW,
20210330000776,11011,2020,00164779,SCE,자본변동표,ifrs-full_ProfitLoss,당기순이익,자본 [member]|비지배지분 [member],제 73 기,3812000000.0,제 72 기,3103000000.0,제 71 기,-127000000.0,2,KRW,
20210330000776,11011,2020,00164779,SCE,자본변동표,ifrs-full_ProfitLoss,당기순이익,연결재무제표 [member],제 73 기,4758914000000.0,제 72 기,2009078000000.0,제 71 기,15539984000000.0,2,KRW,
20210330000776,11011,2020,00164779,SCE,자본변동표,-표준계정코드 미사용-,확정급여제도의 재측정요소,자본 [member]|지배기업의 소유주에게 귀속되는 자본 [member]|이익잉여금 [member],제 73 기,1266000000.0,제 72 기,-90211000000.0,제 71 기,-77029000000.0,3,KRW,
20210330000776,11011,2020,00164779,SCE,자본변동표,-표준계정코드 미사용-,확정급여제도의 재측정요소,연결재무제표 [member],제 73 기,1266000000.0,제 72 기,-90211000000.0,제 71 기,-77029000000.0,3,KRW,
20210330000776,11011,2020,00164779,SCE,자본변동표,-표준계정코드 미사용-,확정급여제도의 재측정요소,자본 [member]|지배기업의 소유주에게 귀속되는 자본 [member],제 73 기,1266000000.0,제 72 기,-90211000000.0,제 71 기,-77029000000.0,3,KRW,
20210330000776,11011,2020,00164779,SCE,자본변동표,-표준계정코드 미사용-,관계기업의 기타포괄손익에 대한 지분,연결재무제표 [member],제 73 기,-60820000000.0,제 72 기,21444000000.0,제 71 기,2276000000.0,4,KRW,
20210330000776,11011,2020,00164779,SCE,자본변동표,-표준계정코드 미사용-,관계기업의 기타포괄손익에 대한 지분,자본 [member]|지배기업의 소유주에게 귀속되는 자본 [member],제 73 기,-60820000000.0,제 72 기,21444000000.0,제 71 기,2276000000.0,4,KRW,
20210330000776,11011,2020,00164779,SCE,자본변동표,-표준계정코드 미사용-,관계기업의 기타포괄손익에 대한 지분,자본 [member]|지배기업의 소유주에게 귀속되는 자본 [member]|기타포괄손익누계액 [member],제 73 기,-60820000000.0,제 72 기,21444000000.0,제 71 기,2276000000.0,4,KRW,
20210330000776,11011,2020,00164779,SCE,자본변동표,dart_ChangesInReserveOfGainsAndLossesOnHedgingInstrumentsThatHedgeInvestmentsInEquityInstruments,파생상품평가손익,자본 [member]|지배기업의 소유주에게 귀속되는 자본 [member],제 73 기,-417000000.0,제 72 기,12753000000.0,제 71 기,,5,KRW,
20210330000776,11011,2020,00164779,SCE,자본변동표,dart_ChangesInReserveOfGainsAndLossesOnHedgingInstrumentsThatHedgeInvestmentsInEquityInstruments,파생상품평가손익,자본 [member]|지배기업의 소유주에게 귀속되는 자본 [member]|기타포괄손익누계액 [member],제 73 기,-417000000.0,제 72 기,12753000000.0,제 71 기,,5,KRW,
20210330000776,11011,2020,00164779,SCE,자본변동표,dart_ChangesInReserveOfGainsAndLossesOnHedgingInstrumentsThatHedgeInvestmentsInEquityInstruments,파생상품평가손익,연결재무제표 [member],제 73 기,-417000000.0,제 72 기,12753000000.0,제 71 기,,5,KRW,
20210330000776,11011,2020,00164779,SCE,자본변동표,-표준계정코드 미사용-,해외사업장환산외환차이,자본 [member]|지배기업의 소유주에게 귀속되는 자본 [member]|기타포괄손익누계액 [member],제 73 기,-45281000000.0,제 72 기,149687000000.0,제 71 기,6434000000.0,6,KRW,
20210330000776,11011,2020,00164779,SCE,자본변동표,-표준계정코드 미사용-,해외사업장환산외환차이,자본 [member]|지배기업의 소유주에게 귀속되는 자본 [member],제 73 기,-45281000000.0,제 72 기,149687000000.0,제 71 기,6434000000.0,6,KRW,
20210330000776,11011,2020,00164779,SCE,자본변동표,-표준계정코드 미사용-,해외사업장환산외환차이,연결재무제표 [member],제 73 기,-47407000000.0,제 72 기,150037000000.0,제 71 기,7534000000.0,6,KRW,
20210330000776,11011,2020,00164779,SCE,자본변동표,-표준계정코드 미사용-,해외사업장환산외환차이,자본 [member]|비지배지분 [member],제 73 기,-2126000000.0,제 72 기,350000000.0,제 71 기,1100000000.0,6,KRW,
20210330000776,11011,2020,00164779,SCE,자본변동표,dart_TreasuryShareTransactions,자기주식의 취득,자본 [member]|지배기업의 소유주에게 귀속되는 자본 [member],제 73 기,,제 72 기,,제 71 기,-1736514000000.0,7,KRW,
20210330000776,11011,2020,00164779,SCE,자본변동표,dart_TreasuryShareTransactions,자기주식의 취득,자본 [member]|지배기업의 소유주에게 귀속되는 자본 [member]|기타자본,제 73 기,,제 72 기,,제 71 기,-1736514000000.0,7,KRW,
20210330000776,11011,2020,00164779,SCE,자본변동표,dart_TreasuryShareTransactions,자기주식의 취득,연결재무제표 [member],제 73 기,,제 72 기,,제 71 기,-1736514000000.0,7,KRW,
20210330000776,11011,2020,00164779,SCE,자본변동표,ifrs-full_IncreaseDecreaseThroughChangesInOwnershipInterestsInSubsidiariesThatDoNotResultInLossOfControl,비지배지분의 증가,연결재무제표 [member],제 73 기,4090000000.0,제 72 기,4715000000.0,제 71 기,,8,KRW,
20210330000776,11011,2020,00164779,SCE,자본변동표,ifrs-full_IncreaseDecreaseThroughChangesInOwnershipInterestsInSubsidiariesThatDoNotResultInLossOfControl,비지배지분의 증가,자본 [member]|비지배지분 [member],제 73 기,4090000000.0,제 72 기,4715000000.0,제 71 기,,8,KRW,
20210330000776,11011,2020,00164779,SCE,자본변동표,ifrs-full_DividendsPaid,배당금의 지급,자본 [member]|지배기업의 소유주에게 귀속되는 자본 [member],제 73 기,684002000000.0,제 72 기,1026003000000.0,제 71 기,706002000000.0,9,KRW,
20210330000776,11011,2020,00164779,SCE,자본변동표,ifrs-full_DividendsPaid,배당금의 지급,자본 [member]|지배기업의 소유주에게 귀속되는 자본 [member]|이익잉여금 [member],제 73 기,684002000000.0,제 72 기,1026003000000.0,제 71 기,706002000000.0,9,KRW,
20210330000776,11011,2020,00164779,SCE,자본변동표,ifrs-full_DividendsPaid,배당금의 지급,연결재무제표 [member],제 73 기,684002000000.0,제 72 기,1026003000000.0,제 71 기,706002000000.0,9,KRW,
20210330000776,11011,2020,00164779,SCE,자본변동표,-표준계정코드 미사용-,주식선택권의 부여,자본 [member]|지배기업의 소유주에게 귀속되는 자본 [member]|기타자본,제 73 기,1591000000.0,제 72 기,1738000000.0,제 71 기,1163000000.0,10,KRW,
20210330000776,11011,2020,00164779,SCE,자본변동표,-표준계정코드 미사용-,주식선택권의 부여,자본 [member]|지배기업의 소유주에게 귀속되는 자본 [member],제 73 기,1591000000.0,제 72 기,1738000000.0,제 71 기,1163000000.0,10,KRW,
20210330000776,11011,2020,00164779,SCE,자본변동표,-표준계정코드 미사용-,주식선택권의 부여,연결재무제표 [member],제 73 기,1591000000.0,제 72 기,1738000000.0,제 71 기,1163000000.0,10,KRW,
20210330000776,11011,2020,00164779,SCE,자본변동표,ifrs-full_Equity,기말자본,자본 [member]|지배기업의 소유주에게 귀속되는 자본 [member]|자본금 [member],제 73 기,3657652000000.0,제 72 기,3657652000000.0,제 71 기,3657652000000.0,11,KRW,
20210330000776,11011,2020,00164779,SCE,자본변동표,ifrs-full_Equity,기말자본,자본 [member]|지배기업의 소유주에게 귀속되는 자본 [member]|자본잉여금 [member],제 73 기,4143736000000.0,제 72 기,4143736000000.0,제 71 기,4143736000000.0,11,KRW,
20210330000776,11011,2020,00164779,SCE,자본변동표,ifrs-full_Equity,기말자본,자본 [member]|비지배지분 [member],제 73 기,20556000000.0,제 72 기,14780000000.0,제 71 기,6612000000.0,11,KRW,
20210330000776,11011,2020,00164779,SCE,자본변동표,ifrs-full_Equity,기말자본,자본 [member]|지배기업의 소유주에게 귀속되는 자본 [member],제 73 기,51888541000000.0,제 72 기,47921102000000.0,제 71 기,46845719000000.0,11,KRW,
20210330000776,11011,2020,00164779,SCE,자본변동표,ifrs-full_Equity,기말자본,자본 [member]|지배기업의 소유주에게 귀속되는 자본 [member]|이익잉여금 [member],제 73 기,46995728000000.0,제 72 기,42923362000000.0,제 71 기,42033601000000.0,11,KRW,
20210330000776,11011,2020,00164779,SCE,자본변동표,ifrs-full_Equity,기말자본,자본 [member]|지배기업의 소유주에게 귀속되는 자본 [member]|기타포괄손익누계액 [member],제 73 기,-405453000000.0,제 72 기,-298935000000.0,제 71 기,-482819000000.0,11,KRW,
20210330000776,11011,2020,00164779,SCE,자본변동표,ifrs-full_Equity,기말자본,자본 [member]|지배기업의 소유주에게 귀속되는 자본 [member]|기타자본,제 73 기,-2503122000000.0,제 72 기,-2504713000000.0,제 71 기,-2506451000000.0,11,KRW,
20210330000776,11011,2020,00164779,SCE,자본변동표,ifrs-full_Equity,기말자본,연결재무제표 [member],제 73 기,51909097000000.0,제 72 기,47935882000000.0,제 71 기,46852331000000.0,11,KRW,
20220322000590,11011,2021,00164779,BS,재무상태표,ifrs-full_CurrentAssets,유동자산,-,제 74 기,26870451000000.0,제 73 기,16570953000000.0,제 72 기,14457602000000.0,1,KRW,
20220322000590,11011,2021,00164779,BS,재무상태표,ifrs-full_CashAndCashEquivalents,현금및현금성자산,-,제 74 기,5057982000000.0,제 73 기,2975989000000.0,제 72 기,2306070000000.0,2,KRW,
20220322000590,11011,2021,00164779,BS,재무상태표,dart_ShortTermDepositsNotClassifiedAsCashEquivalents,단기금융상품,-,제 74 기,474637000000.0,제 73 기,436708000000.0,제 72 기,298350000000.0,3,KRW,
20220322000590,11011,2021,00164779,BS,재무상태표,-표준계정코드 미사용-,단기투자자산,-,제 74 기,3139923000000.0,제 73 기,1535518000000.0,제 72 기,1390293000000.0,4,KRW,
20220322000590,11011,2021,00164779,BS,재무상태표,dart_ShortTermTradeReceivable,매출채권,-,제 74 기,8267111000000.0,제 73 기,4931322000000.0,제 72 기,4261674000000.0,5,KRW,
20220322000590,11011,2021,00164779,BS,재무상태표,-표준계정코드 미사용-,기타수취채권,-,제 74 기,171464000000.0,제 73 기,69194000000.0,제 72 기,23508000000.0,6,KRW,
20220322000590,11011,2021,00164779,BS,재무상태표,ifrs-full_Inventories,재고자산,-,제 74 기,8916605000000.0,제 73 기,6136318000000.0,제 72 기,5295835000000.0,7,KRW,
20220322000590,11011,2021,00164779,BS,재무상태표,ifrs-full_CurrentTaxAssets,당기법인세자산,-,제 74 기,4113000000.0,제 73 기,202000000.0,제 72 기,199805000000.0,8,KRW,
20220322000590,11011,2021,00164779,BS,재무상태표,dart_OtherCurrentAssets,기타유동자산,-,제 74 기,838586000000.0,제 73 기,485672000000.0,제 72 기,682037000000.0,9,KRW,
20220322000590,11011,2021,00164779,BS,재무상태표,-표준계정코드 미사용-,기타금융자산,-,제 74 기,30000000.0,제 73 기,30000000.0,제 72 기,30000000.0,10,KRW,
20220322000590,11011,2021,00164779,BS,재무상태표,ifrs-full_NoncurrentAssets,비유동자산,-,제 74 기,69516023000000.0,제 73 기,54602900000000.0,제 72 기,50790748000000.0,11,KRW,
20220322000590,11011,2021,00164779,BS,재무상태표,ifrs-full_InvestmentsInSubsidiariesJointVenturesAndAssociates,관계기업 및 공동기업투자,-,제 74 기,1410428000000.0,제 73 기,1166244000000.0,제 72 기,768767000000.0,12,KRW,
20220322000590,11011,2021,00164779,BS,재무상태표,dart_LongTermTradeReceivablesGross,장기매출채권,-,제 74 기,,제 73 기,,제 72 기,44775000000.0,13,KRW,
20220322000590,11011,2021,00164779,BS,재무상태표,-표준계정코드 미사용-,장기투자자산,-,제 74 기,6665513000000.0,제 73 기,6139627000000.0,제 72 기,4381812000000.0,14,KRW,
20220322000590,11011,2021,00164779,BS,재무상태표,-표준계정코드 미사용-,기타수취채권,-,제 74 기,339517000000.0,제 73 기,75589000000.0,제 72 기,109079000000.0,15,KRW,
20220322000590,11011,2021,00164779,BS,재무상태표,-표준계정코드 미사용-,기타금융자산,-,제 74 기,91139000000.0,제 73 기,353000000.0,제 72 기,901000000.0,16,KRW,
20220322000590,11011,2021,00164779,BS,재무상태표,ifrs-full_PropertyPlantAndEquipment,유형자산,-,제 74 기,53034270000000.0,제 73 기,41230562000000.0,제 72 기,39949940000000.0,17,KRW,
20220322000590,11011,2021,00164779,BS,재무상태표,ifrs-full_RightofuseAssets,사용권자산,-,제 74 기,1597344000000.0,제 73 기,1707645000000.0,제 72 기,1706658000000.0,18,KRW,
20220322000590,11011,2021,00164779,BS,재무상태표,ifrs-full_IntangibleAssetsOtherThanGoodwill,무형자산,-,제 74 기,5065132000000.0,제 73 기,3400278000000.0,제 72 기,2571049000000.0,19,KRW,
20220322000590,11011,2021,00164779,BS,재무상태표,ifrs-full_InvestmentProperty,투자부동산,-,제 74 기,164197000000.0,제 73 기,209417000000.0,제 72 기,258000000.0,20,KRW,
20220322000590,11011,2021,00164779,BS,재무상태표,ifrs-full_DeferredTaxAssets,이연법인세자산,-,제 74 기,590244000000.0,제 73 기,556194000000.0,제 72 기,673640000000.0,21,KRW,
20220322000590,11011,2021,00164779,BS,재무상태표,-표준계정코드 미사용-,종업원급여자산,-,제 74 기,428962000000.0,제 73 기,61962000000.0,제 72 기,3406000000.0,22,KRW,
20220322000590,11011,2021,00164779,BS,재무상태표,dart_OtherNonCurrentAssets,기타비유동자산,-,제 74 기,129277000000.0,제 73 기,55029000000.0,제 72 기,580463000000.0,23,KRW,
20220322000590,11011,2021,00164779,BS,재무상태표,ifrs-full_Assets,자산총계,-,제 74 기,96386474000000.0,제 73 기,71173853000000.0,제 72 기,65248350000000.0,24,KRW,
20220322000590,11011,2021,00164779,BS,재무상태표,ifrs-full_CurrentLiabilities,유동부채,-,제 74 기,14769356000000.0,제 73 기,9072360000000.0,제 72 기,7961966000000.0,26,KRW,
20220322000590,11011,2021,00164779,BS,재무상태표,dart_ShortTermTradePayables,매입채무,-,제 74 기,1359247000000.0,제 73 기,1046159000000.0,제 72 기,1042542000000.0,27,KRW,
20220322000590,11011,2021,00164779,BS,재무상태표,dart_ShortTermOtherPayables,미지급금,-,제 74 기,4640677000000.0,제 73 기,2348909000000.0,제 72 기,2367673000000.0,28,KRW,
20220322000590,11011,2021,00164779,BS,재무상태표,-표준계정코드 미사용-,기타지급채무,-,제 74 기,2278316000000.0,제 73 기,1367193000000.0,제 72 기,1257895000000.0,29,KRW,
20220322000590,11011,2021,00164779,BS,재무상태표,ifrs-full_ShorttermBorrowings,차입금,-,제 74 기,2880763000000.0,제 73 기,3114250000000.0,제 72 기,2737770000000.0,30,KRW,
20220322000590,11011,2021,00164779,BS,재무상태표,ifrs-full_CurrentProvisions,충당부채,-,제 74 기,10167000000.0,제 73 기,13797000000.0,제 72 기,10701000000.0,31,KRW,
20220322000590,11011,2021,00164779,BS,재무상태표,ifrs-full_CurrentTaxLiabilities,당기법인세부채,-,제 74 기,3002734000000.0,제 73 기,636649000000.0,제 72 기,89217000000.0,32,KRW,
20220322000590,11011,2021,00164779,BS,재무상태표,ifrs-full_CurrentLeaseLiabilities,리스부채,-,제 74 기,302059000000.0,제 73 기,347464000000.0,제 72 기,293171000000.0,33,KRW,
20220322000590,11011,2021,00164779,BS,재무상태표,dart_OtherCurrentLiabilities,기타유동부채,-,제 74 기,294780000000.0,제 73 기,197395000000.0,제 72 기,162997000000.0,34,KRW,
20220322000590,11011,2021,00164779,BS,재무상태표,-표준계정코드 미사용-,기타금융부채,-,제 74 기,613000000.0,제 73 기,544000000.0,제 72 기,,35,KRW,
20220322000590,11011,2021,00164779,BS,재무상태표,ifrs-full_NoncurrentLiabilities,비유동부채,-,제 74 기,19426060000000.0,제 73 기,10192396000000.0,제 72 기,9350502000000.0,36,KRW,
20220322000590,11011,2021,00164779,BS,재무상태표,dart_LongTermOtherPayablesGross,장기미지급금,-,제 74 기,2699071000000.0,제 73 기,272396000000.0,제 72 기,,37,KRW,
20220322000590,11011,2021,00164779,BS,재무상태표,-표준계정코드 미사용-,기타지급채무,-,제 74 기,32433000000.0,제 73 기,29923000000.0,제 72 기,18266000000.0,38,KRW,
20220322000590,11011,2021,00164779,BS,재무상태표,dart_LongTermBorrowingsGross,차입금,-,제 74 기,14743046000000.0,제 73 기,8137398000000.0,제 72 기,7785736000000.0,39,KRW,
20220322000590,11011,2021,00164779,BS,재무상태표,dart_PresentValueOfDefinedBenefitObligation,확정급여부채,-,제 74 기,1200000000.0,제 73 기,2739000000.0,제 72 기,53624000000.0,40,KRW,
20220322000590,11011,2021,00164779,BS,재무상태표,ifrs-full_DeferredTaxLiabilities,이연법인세부채,-,제 74 기,627995000000.0,제 73 기,266640000000.0,제 72 기,15743000000.0,41,KRW,
20220322000590,11011,2021,00164779,BS,재무상태표,ifrs-full_NoncurrentLeaseLiabilities,리스부채,-,제 74 기,1223703000000.0,제 73 기,1296252000000.0,제 72 기,1373828000000.0,42,KRW,
20220322000590,11011,2021,00164779,BS,재무상태표,ifrs-full_OtherNoncurrentFinancialLiabilities,기타금융부채,-,제 74 기,4606000000.0,제 73 기,88121000000.0,제 72 기,15532000000.0,43,KRW,
20220322000590,11011,2021,00164779,BS,재무상태표,dart_OtherNonCurrentLiabilities,기타비유동부채,-,제 74 기,94006000000.0,제 73 기,98927000000.0,제 72 기,87773000000.0,44,KRW,
20220322000590,11011,2021,00164779,BS,재무상태표,ifrs-full_Liabilities,부채총계,-,제 74 기,34195416000000.0,제 73 기,19264756000000.0,제 72 기,17312468000000.0,45,KRW,
20220322000590,11011,2021,00164779,BS,재무상태표,ifrs-full_EquityAttributableToOwnersOfParent,지배기업의 소유지분,-,제 74 기,62157072000000.0,제 73 기,51888541000000.0,제 72 기,47921102000000.0,47,KRW,
20220322000590,11011,2021,00164779,BS,재무상태표,ifrs-full_IssuedCapital,자본금,-,제 74 기,3657652000000.0,제 73 기,3657652000000.0,제 72 기,3657652000000.0,48,KRW,
20220322000590,11011,2021,00164779,BS,재무상태표,dart_CapitalSurplus,자본잉여금,-,제 74 기,4334643000000.0,제 73 기,4143736000000.0,제 72 기,4143736000000.0,49,KRW,
20220322000590,11011,2021,00164779,BS,재무상태표,dart_ElementsOfOtherStockholdersEquity,기타자본,-,제 74 기,-2294562000000.0,제 73 기,-2503122000000.0,제 72 기,-2504713000000.0,50,KRW,
20220322000590,11011,2021,00164779,BS,재무상태표,dart_OtherComprehensiveIncomeLossAccumulatedAmount,기타포괄손익누계액,-,제 74 기,675271000000.0,제 73 기,-405453000000.0,제 72 기,-298935000000.0,51,KRW,
20220322000590,11011,2021,00164779,BS,재무상태표,ifrs-full_RetainedEarnings,이익잉여금,-,제 74 기,55784068000000.0,제 73 기,46995728000000.0,제 72 기,42923362000000.0,52,KRW,
20220322000590,11011,2021,00164779,BS,재무상태표,ifrs-full_NoncontrollingInterests,비지배지분,-,제 74 기,33986000000.0,제 73 기,20556000000.0,제 72 기,14780000000.0,53,KRW,
20220322000590,11011,2021,00164779,BS,재무상태표,ifrs-full_Equity,자본총계,-,제 74 기,62191058000000.0,제 73 기,51909097000000.0,제 72 기,47935882000000.0,54,KRW,
20220322000590,11011,2021,00164779,BS,재무상태표,ifrs-full_EquityAndLiabilities,부채및자본총계,-,제 74 기,96386474000000.0,제 73 기,71173853000000.0,제 72 기,65248350000000.0,55,KRW,
20220322000590,11011,2021,00164779,CIS,포괄손익계산서,ifrs-full_Revenue,매출액,-,제 74 기,42997792000000.0,제 73 기,31900418000000.0,제 72 기,26990733000000.0,0,KRW,
20220322000590,11011,2021,00164779,CIS,포괄손익계산서,ifrs-full_CostOfSales,매출원가,-,제 74 기,24045600000000.0,제 73 기,21089789000000.0,제 72 기,18818814000000.0,1,KRW,
20220322000590,11011,2021,00164779,CIS,포괄손익계산서,ifrs-full_GrossProfit,매출총이익,-,제 74 기,18952192000000.0,제 73 기,10810629000000.0,제 72 기,8171919000000.0,2,KRW,
20220322000590,11011,2021,00164779,CIS,포괄손익계산서,dart_TotalSellingGeneralAdministrativeExpenses,판매비와관리비,-,제 74 기,6541852000000.0,제 73 기,5798005000000.0,제 72 기,5452740000000.0,3,KRW,
20220322000590,11011,2021,00164779,CIS,포괄손익계산서,dart_OperatingIncomeLoss,영업이익,-,제 74 기,12410340000000.0,제 73 기,5012624000000.0,제 72 기,2719179000000.0,4,KRW,
20220322000590,11011,2021,00164779,CIS,포괄손익계산서,ifrs-full_FinanceIncome,금융수익,-,제 74 기,2377516000000.0,제 73 기,3327905000000.0,제 72 기,1247640000000.0,5,KRW,
20220322000590,11011,2021,00164779,CIS,포괄손익계산서,ifrs-full_FinanceCosts,금융비용,-,제 74 기,1469860000000.0,제 73 기,1980411000000.0,제 72 기,1531417000000.0,6,KRW,
20220322000590,11011,2021,00164779,CIS,포괄손익계산서,-표준계정코드 미사용-,지분법투자 관련 손익,-,제 74 기,162280000000.0,제 73 기,-36279000000.0,제 72 기,22633000000.0,7,KRW,
20220322000590,11011,2021,00164779,CIS,포괄손익계산서,-표준계정코드 미사용-,기타영업외수익,-,제 74 기,116135000000.0,제 73 기,84773000000.0,제 72 기,88179000000.0,8,KRW,
20220322000590,11011,2021,00164779,CIS,포괄손익계산서,-표준계정코드 미사용-,기타영업외비용,-,제 74 기,180424000000.0,제 73 기,171575000000.0,제 72 기,113575000000.0,9,KRW,
20220322000590,11011,2021,00164779,CIS,포괄손익계산서,ifrs-full_ProfitLossBeforeTax,법인세비용차감전순이익,-,제 74 기,13415987000000.0,제 73 기,6237037000000.0,제 72 기,2432639000000.0,10,KRW,
20220322000590,11011,2021,00164779,CIS,포괄손익계산서,ifrs-full_IncomeTaxExpenseContinuingOperations,법인세비용,-,제 74 기,3799799000000.0,제 73 기,1478123000000.0,제 72 기,423561000000.0,11,KRW,
20220322000590,11011,2021,00164779,CIS,포괄손익계산서,ifrs-full_ProfitLoss,당기순이익,-,제 74 기,9616188000000.0,제 73 기,4758914000000.0,제 72 기,2009078000000.0,12,KRW,
20220322000590,11011,2021,00164779,CIS,포괄손익계산서,ifrs-full_OtherComprehensiveIncome,법인세차감후 기타포괄손익,-,제 74 기,1071330000000.0,제 73 기,-107378000000.0,제 72 기,94023000000.0,13,KRW,
20220322000590,11011,2021,00164779,CIS,포괄손익계산서,dart_OtherComprehensiveIncomeNetOfTaxGainsLossesOnRemeasurementsOfDefinedBenefitPlans,확정급여제도의 재측정요소,-,제 74 기,-13694000000.0,제 73 기,1266000000.0,제 72 기,-90211000000.0,15,KRW,
20220322000590,11011,2021,00164779,CIS,포괄손익계산서,ifrs-full_GainsLossesOnExchangeDifferencesOnTranslationNetOfTax,해외사업장환산외환차이,-,제 74 기,963288000000.0,제 73 기,-47407000000.0,제 72 기,150037000000.0,17,KRW,
20220322000590,11011,2021,00164779,CIS,포괄손익계산서,-표준계정코드 미사용-,파생상품평가손익,-,제 74 기,10143000000.0,제 73 기,-417000000.0,제 72 기,12753000000.0,18,KRW,
20220322000590,11011,2021,00164779,CIS,포괄손익계산서,dart_ShareOfOtherComprehensiveIncomeOfAssociatesAndJointVenturesAccountedForUsingEquityMethodThatWillBeReclassifiedToProfitOrLossNetOfTax,관계기업의 기타포괄손익에 대한 지분,-,제 74 기,111593000000.0,제 73 기,-60820000000.0,제 72 기,21444000000.0,19,KRW,
20220322000590,11011,2021,00164779,CIS,포괄손익계산서,ifrs-full_ComprehensiveIncome,총포괄이익,-,제 74 기,10687518000000.0,제 73 기,4651536000000.0,제 72 기,2103101000000.0,20,KRW,
20220322000590,11011,2021,00164779,CIS,포괄손익계산서,ifrs-full_ProfitLossAttributableToOwnersOfParent,지배기업의 소유주지분,-,제 74 기,9602316000000.0,제 73 기,4755102000000.0,제 72 기,2005975000000.0,22,KRW,
20220322000590,11011,2021,00164779,CIS,포괄손익계산서,ifrs-full_ProfitLossAttributableToNoncontrollingInterests,비지배지분,-,제 74 기,13872000000.0,제 73 기,3812000000.0,제 72 기,3103000000.0,23,KRW,
20220322000590,11011,2021,00164779,CIS,포괄손익계산서,ifrs-full_ComprehensiveIncomeAttributableToOwnersOfParent,지배기업의 소유주지분,-,제 74 기,10669346000000.0,제 73 기,4649850000000.0,제 72 기,2099648000000.0,25,KRW,
20220322000590,11011,2021,00164779,CIS,포괄손익계산서,ifrs-full_ComprehensiveIncomeAttributableToNoncontrollingInterests,비지배지분,-,제 74 기,18172000000.0,제 73 기,1686000000.0,제 72 기,3453000000.0,26,KRW,
20220322000590,11011,2021,00164779,CIS,포괄손익계산서,ifrs-full_BasicEarningsLossPerShare,기본주당순이익,-,제 74 기,13989.0,제 73 기,6952.0,제 72 기,2933.0,28,KRW,
20220322000590,11011,2021,00164779,CIS,포괄손익계산서,ifrs-full_DilutedEarningsLossPerShare,희석주당순이익,-,제 74 기,13984.0,제 73 기,6950.0,제 72 기,2932.0,29,KRW,
20220322000590,11011,2021,00164779,CF,현금흐름표,ifrs-full_CashFlowsFromUsedInOperatingActivities,영업활동 현금흐름,-,제 74 기,19797648000000.0,제 73 기,12314571000000.0,제 72 기,6549736000000.0,0,KRW,
20220322000590,11011,2021,00164779,CF,현금흐름표,-표준계정코드 미사용-,영업으로부터 창출된 현금흐름,-,제 74 기,20951478000000.0,제 73 기,12916771000000.0,제 72 기,11895834000000.0,1,KRW,
20220322000590,11011,2021,00164779,CF,현금흐름표,ifrs-full_InterestReceivedClassifiedAsOperatingActivities,이자의 수취,-,제 74 기,17341000000.0,제 73 기,40635000000.0,제 72 기,30543000000.0,2,KRW,
20220322000590,11011,2021,00164779,CF,현금흐름표,ifrs-full_InterestPaidClassifiedAsOperatingActivities,이자의 지급,-,제 74 기,240942000000.0,제 73 기,288565000000.0,제 72 기,238314000000.0,3,KRW,
20220322000590,11011,2021,00164779,CF,현금흐름표,ifrs-full_DividendsReceivedClassifiedAsOperatingActivities,배당금의 수취,-,제 74 기,84679000000.0,제 73 기,16365000000.0,제 72 기,14891000000.0,4,KRW,
20220322000590,11011,2021,00164779,CF,현금흐름표,ifrs-full_IncomeTaxesPaidRefundClassifiedAsOperatingActivities,법인세의 납부,-,제 74 기,1014908000000.0,제 73 기,370635000000.0,제 72 기,5153218000000.0,5,KRW,
20220322000590,11011,2021,00164779,CF,현금흐름표,ifrs-full_CashFlowsFromUsedInInvestingActivities,투자활동 현금흐름,-,제 74 기,-22392277000000.0,제 73 기,-11840393000000.0,제 72 기,-10450936000000.0,6,KRW,
20220322000590,11011,2021,00164779,CF,현금흐름표,dart_ProceedsFromSalesOfShortTermFinancialInstruments,단기금융상품의 감소,-,제 74 기,2572550000000.0,제 73 기,913591000000.0,제 72 기,1070784000000.0,7,KRW,
20220322000590,11011,2021,00164779,CF,현금흐름표,dart_PurchaseOfShortTermFinancialInstruments,단기금융상품의 증가,-,제 74 기,2600586000000.0,제 73 기,1054401000000.0,제 72 기,845337000000.0,8,KRW,
20220322000590,11011,2021,00164779,CF,현금흐름표,-표준계정코드 미사용-,단기투자자산의 순증감,-,제 74 기,-1548448000000.0,제 73 기,-115122000000.0,제 72 기,4164793000000.0,9,KRW,
20220322000590,11011,2021,00164779,CF,현금흐름표,dart_ProceedsFromSalesOfOtherFinancialAssets,기타금융자산의 감소,-,제 74 기,213000000.0,제 73 기,773000000.0,제 72 기,,10,KRW,
20220322000590,11011,2021,00164779,CF,현금흐름표,dart_PurchaseOfOtherFinancialAssets,기타금융자산의 증가,-,제 74 기,29830000000.0,제 73 기,205000000.0,제 72 기,627000000.0,11,KRW,
20220322000590,11011,2021,00164779,CF,현금흐름표,dart_ProceedsFromSalesOfLoansAndReceivables,기타수취채권의 감소,-,제 74 기,47027000000.0,제 73 기,36722000000.0,제 72 기,13057000000.0,12,KRW,
20220322000590,11011,2021,00164779,CF,현금흐름표,dart_PurchaseOfLoansAndReceivables,기타수취채권의 증가,-,제 74 기,79537000000.0,제 73 기,238727000000.0,제 72 기,57482000000.0,13,KRW,
20220322000590,11011,2021,00164779,CF,현금흐름표,dart_ProceedsFromSalesOfInvestmentsInSubsidiaries,장기투자자산의 처분,-,제 74 기,45972000000.0,제 73 기,708000000.0,제 72 기,4316000000.0,14,KRW,
20220322000590,11011,2021,00164779,CF,현금흐름표,dart_PurchaseOfInvestmentsInSubsidiariesJointVenturesAndAssociates,장기투자자산의 취득,-,제 74 기,130318000000.0,제 73 기,93846000000.0,제 72 기,81447000000.0,15,KRW,
20220322000590,11011,2021,00164779,CF,현금흐름표,ifrs-full_ProceedsFromSalesOfPropertyPlantAndEquipmentClassifiedAsInvestingActivities,유형자산의 처분,-,제 74 기,79940000000.0,제 73 기,59089000000.0,제 72 기,53840000000.0,16,KRW,
20220322000590,11011,2021,00164779,CF,현금흐름표,ifrs-full_PurchaseOfPropertyPlantAndEquipmentClassifiedAsInvestingActivities,유형자산의 취득,-,제 74 기,12486635000000.0,제 73 기,10068662000000.0,제 72 기,13920244000000.0,17,KRW,
20220322000590,11011,2021,00164779,CF,현금흐름표,ifrs-full_ProceedsFromSalesOfIntangibleAssetsClassifiedAsInvestingActivities,무형자산의 처분,-,제 74 기,2073000000.0,제 73 기,695000000.0,제 72 기,183000000.0,18,KRW,
20220322000590,11011,2021,00164779,CF,현금흐름표,ifrs-full_PurchaseOfIntangibleAssetsClassifiedAsInvestingActivities,무형자산의 취득,-,제 74 기,973893000000.0,제 73 기,800729000000.0,제 72 기,673356000000.0,19,KRW,
20220322000590,11011,2021,00164779,CF,현금흐름표,-표준계정코드 미사용-,영업양도로 인한 현금 유입,-,제 74 기,3000000000.0,제 73 기,2958000000.0,제 72 기,,20,KRW,
20220322000590,11011,2021,00164779,CF,현금흐름표,dart_PurchaseOfInvestmentsInSubsidiaries,관계기업투자의 취득,-,제 74 기,44862000000.0,제 73 기,483237000000.0,제 72 기,176954000000.0,21,KRW,
20220322000590,11011,2021,00164779,CF,현금흐름표,-표준계정코드 미사용-,사업결합으로 인한 순현금유출,-,제 74 기,7250087000000.0,제 73 기,,제 72 기,2462000000.0,22,KRW,
20220322000590,11011,2021,00164779,CF,현금흐름표,-표준계정코드 미사용-,종속기업 취득에 따른 순현금유입,-,제 74 기,1144000000.0,제 73 기,,제 72 기,,23,KRW,
20220322000590,11011,2021,00164779,CF,현금흐름표,ifrs-full_CashFlowsFromUsedInFinancingActivities,재무활동현금흐름,-,제 74 기,4492313000000.0,제 73 기,252054000000.0,제 72 기,3836668000000.0,24,KRW,
20220322000590,11011,2021,00164779,CF,현금흐름표,ifrs-full_ProceedsFromBorrowingsClassifiedAsFinancingActivities,차입금의 차입,-,제 74 기,8933737000000.0,제 73 기,5173016000000.0,제 72 기,9833882000000.0,25,KRW,
20220322000590,11011,2021,00164779,CF,현금흐름표,ifrs-full_RepaymentsOfBorrowingsClassifiedAsFinancingActivities,차입금의 상환,-,제 74 기,3320911000000.0,제 73 기,3921310000000.0,제 72 기,4585425000000.0,26,KRW,
20220322000590,11011,2021,00164779,CF,현금흐름표,ifrs-full_PaymentsOfFinanceLeaseLiabilitiesClassifiedAsFinancingActivities,리스부채의 상환,-,제 74 기,323975000000.0,제 73 기,319740000000.0,제 72 기,390501000000.0,27,KRW,
20220322000590,11011,2021,00164779,CF,현금흐름표,ifrs-full_DividendsPaidClassifiedAsFinancingActivities,배당금의 지급,-,제 74 기,805024000000.0,제 73 기,684002000000.0,제 72 기,1026003000000.0,28,KRW,
20220322000590,11011,2021,00164779,CF,현금흐름표,-표준계정코드 미사용-,비지배지분의 증가,-,제 74 기,,제 73 기,4090000000.0,제 72 기,4715000000.0,29,KRW,
20220322000590,11011,2021,00164779,CF,현금흐름표,dart_DispositionOfTreasuryShares,자기주식의 처분,-,제 74 기,8484000000.0,제 73 기,,제 72 기,,30,KRW,
20220322000590,11011,2021,00164779,CF,현금흐름표,dart_ProceedsFromExerciseOfShareOptions,주식선택권의 행사,-,제 74 기,2000000.0,제 73 기,,제 72 기,,31,KRW,
20220322000590,11011,2021,00164779,CF,현금흐름표,ifrs-full_EffectOfExchangeRateChangesOnCashAndCashEquivalents,현금및현금성자산의 환율변동효과,-,제 74 기,184309000000.0,제 73 기,-56313000000.0,제 72 기,21283000000.0,32,KRW,
20220322000590,11011,2021,00164779,CF,현금흐름표,ifrs-full_IncreaseDecreaseInCashAndCashEquivalents,현금및현금성자산의 순증감,-,제 74 기,2081993000000.0,제 73 기,669919000000.0,제 72 기,-43249000000.0,33,KRW,
20220322000590,11011,2021,00164779,CF,현금흐름표,dart_CashAndCashEquivalentsAtBeginningOfPeriodCf,기초현금및현금성자산,-,제 74 기,2975989000000.0,제 73 기,2306070000000.0,제 72 기,2349319000000.0,34,KRW,
20220322000590,11011,2021,00164779,CF,현금흐름표,dart_CashAndCashEquivalentsAtEndOfPeriodCf,기말현금및현금성자산,-,제 74 기,5057982000000.0,제 73 기,2975989000000.0,제 72 기,2306070000000.0,35,KRW,
20220322000590,11011,2021,00164779,SCE,자본변동표,dart_EquityAtBeginningOfPeriod,기초자본,자본 [member]|지배기업 소유주 귀속분,제 74 기,51888541000000.0,제 73 기,47921102000000.0,제 72 기,46845719000000.0,1,KRW,
20220322000590,11011,2021,00164779,SCE,자본변동표,dart_EquityAtBeginningOfPeriod,기초자본,자본 [member]|지배기업 소유주 귀속분|기타자본,제 74 기,-2503122000000.0,제 73 기,-2504713000000.0,제 72 기,-2506451000000.0,1,KRW,
20220322000590,11011,2021,00164779,SCE,자본변동표,dart_EquityAtBeginningOfPeriod,기초자본,자본 [member]|비지배지분 [member],제 74 기,20556000000.0,제 73 기,14780000000.0,제 72 기,6612000000.0,1,KRW,
20220322000590,11011,2021,00164779,SCE,자본변동표,dart_EquityAtBeginningOfPeriod,기초자본,연결재무제표 [member],제 74 기,51909097000000.0,제 73 기,47935882000000.0,제 72 기,46852331000000.0,1,KRW,
20220322000590,11011,2021,00164779,SCE,자본변동표,dart_EquityAtBeginningOfPeriod,기초자본,자본 [member]|지배기업 소유주 귀속분|이익잉여금 [member],제 74 기,46995728000000.0,제 73 기,42923362000000.0,제 72 기,42033601000000.0,1,KRW,
20220322000590,11011,2021,00164779,SCE,자본변동표,dart_EquityAtBeginningOfPeriod,기초자본,자본 [member]|지배기업 소유주 귀속분|기타포괄손익누계액 [member],제 74 기,-405453000000.0,제 73 기,-298935000000.0,제 72 기,-482819000000.0,1,KRW,
20220322000590,11011,2021,00164779,SCE,자본변동표,dart_EquityAtBeginningOfPeriod,기초자본,자본 [member]|지배기업 소유주 귀속분|자본잉여금 [member],제 74 기,4143736000000.0,제 73 기,4143736000000.0,제 72 기,4143736000000.0,1,KRW,
20220322000590,11011,2021,00164779,SCE,자본변동표,dart_EquityAtBeginningOfPeriod,기초자본,자본 [member]|지배기업 소유주 귀속분|자본금 [member],제 74 기,3657652000000.0,제 73 기,3657652000000.0,제 72 기,3657652000000.0,1,KRW,
20220322000590,11011,2021,00164779,SCE,자본변동표,ifrs-full_ProfitLoss,당기순이익,자본 [member]|지배기업 소유주 귀속분,제 74 기,9602316000000.0,제 73 기,4755102000000.0,제 72 기,2005975000000.0,2,KRW,
20220322000590,11011,2021,00164779,SCE,자본변동표,ifrs-full_ProfitLoss,당기순이익,자본 [member]|지배기업 소유주 귀속분|이익잉여금 [member],제 74 기,9602316000000.0,제 73 기,4755102000000.0,제 72 기,2005975000000.0,2,KRW,
20220322000590,11011,2021,00164779,SCE,자본변동표,ifrs-full_ProfitLoss,당기순이익,자본 [member]|비지배지분 [member],제 74 기,13872000000.0,제 73 기,3812000000.0,제 72 기,3103000000.0,2,KRW,
20220322000590,11011,2021,00164779,SCE,자본변동표,ifrs-full_ProfitLoss,당기순이익,연결재무제표 [member],제 74 기,9616188000000.0,제 73 기,4758914000000.0,제 72 기,2009078000000.0,2,KRW,
20220322000590,11011,2021,00164779,SCE,자본변동표,-표준계정코드 미사용-,확정급여제도의 재측정요소,자본 [member]|지배기업 소유주 귀속분,제 74 기,-13694000000.0,제 73 기,1266000000.0,제 72 기,-90211000000.0,3,KRW,
20220322000590,11011,2021,00164779,SCE,자본변동표,-표준계정코드 미사용-,확정급여제도의 재측정요소,자본 [member]|지배기업 소유주 귀속분|이익잉여금 [member],제 74 기,-13694000000.0,제 73 기,1266000000.0,제 72 기,-90211000000.0,3,KRW,
20220322000590,11011,2021,00164779,SCE,자본변동표,-표준계정코드 미사용-,확정급여제도의 재측정요소,연결재무제표 [member],제 74 기,-13694000000.0,제 73 기,1266000000.0,제 72 기,-90211000000.0,3,KRW,
20220322000590,11011,2021,00164779,SCE,자본변동표,-표준계정코드 미사용-,관계기업의 기타포괄손익에 대한 지분,자본 [member]|지배기업 소유주 귀속분|기타포괄손익누계액 [member],제 74 기,111593000000.0,제 73 기,-60820000000.0,제 72 기,21444000000.0,4,KRW,
20220322000590,11011,2021,00164779,SCE,자본변동표,-표준계정코드 미사용-,관계기업의 기타포괄손익에 대한 지분,자본 [member]|지배기업 소유주 귀속분,제 74 기,111593000000.0,제 73 기,-60820000000.0,제 72 기,21444000000.0,4,KRW,
20220322000590,11011,2021,00164779,SCE,자본변동표,-표준계정코드 미사용-,관계기업의 기타포괄손익에 대한 지분,연결재무제표 [member],제 74 기,111593000000.0,제 73 기,-60820000000.0,제 72 기,21444000000.0,4,KRW,
20220322000590,11011,2021,00164779,SCE,자본변동표,dart_ChangesInReserveOfGainsAndLossesOnHedgingInstrumentsThatHedgeInvestmentsInEquityInstruments,파생금융상품평가손익,자본 [member]|지배기업 소유주 귀속분,제 74 기,10143000000.0,제 73 기,-417000000.0,제 72 기,12753000000.0,5,KRW,
20220322000590,11011,2021,00164779,SCE,자본변동표,dart_ChangesInReserveOfGainsAndLossesOnHedgingInstrumentsThatHedgeInvestmentsInEquityInstruments,파생금융상품평가손익,자본 [member]|지배기업 소유주 귀속분|기타포괄손익누계액 [member],제 74 기,10143000000.0,제 73 기,-417000000.0,제 72 기,12753000000.0,5,KRW,
20220322000590,11011,2021,00164779,SCE,자본변동표,dart_ChangesInReserveOfGainsAndLossesOnHedgingInstrumentsThatHedgeInvestmentsInEquityInstruments,파생금융상품평가손익,연결재무제표 [member],제 74 기,10143000000.0,제 73 기,-417000000.0,제 72 기,12753000000.0,5,KRW,
20220322000590,11011,2021,00164779,SCE,자본변동표,-표준계정코드 미사용-,해외사업장환산외환차이,자본 [member]|지배기업 소유주 귀속분,제 74 기,958988000000.0,제 73 기,-45281000000.0,제 72 기,149687000000.0,6,KRW,
20220322000590,11011,2021,00164779,SCE,자본변동표,-표준계정코드 미사용-,해외사업장환산외환차이,자본 [member]|비지배지분 [member],제 74 기,4300000000.0,제 73 기,-2126000000.0,제 72 기,350000000.0,6,KRW,
20220322000590,11011,2021,00164779,SCE,자본변동표,-표준계정코드 미사용-,해외사업장환산외환차이,연결재무제표 [member],제 74 기,963288000000.0,제 73 기,-47407000000.0,제 72 기,150037000000.0,6,KRW,
20220322000590,11011,2021,00164779,SCE,자본변동표,-표준계정코드 미사용-,해외사업장환산외환차이,자본 [member]|지배기업 소유주 귀속분|기타포괄손익누계액 [member],제 74 기,958988000000.0,제 73 기,-45281000000.0,제 72 기,149687000000.0,6,KRW,
20220322000590,11011,2021,00164779,SCE,자본변동표,-표준계정코드 미사용-,비지배지분의 증가,연결재무제표 [member],제 74 기,,제 73 기,4090000000.0,제 72 기,4715000000.0,7,KRW,
20220322000590,11011,2021,00164779,SCE,자본변동표,-표준계정코드 미사용-,비지배지분의 증가,자본 [member]|비지배지분 [member],제 74 기,,제 73 기,4090000000.0,제 72 기,4715000000.0,7,KRW,
20220322000590,11011,2021,00164779,SCE,자본변동표,ifrs-full_DividendsPaid,배당금의 지급,자본 [member]|지배기업 소유주 귀속분,제 74 기,800282000000.0,제 73 기,684002000000.0,제 72 기,1026003000000.0,8,KRW,
20220322000590,11011,2021,00164779,SCE,자본변동표,ifrs-full_DividendsPaid,배당금의 지급,자본 [member]|지배기업 소유주 귀속분|이익잉여금 [member],제 74 기,800282000000.0,제 73 기,684002000000.0,제 72 기,1026003000000.0,8,KRW,
20220322000590,11011,2021,00164779,SCE,자본변동표,ifrs-full_DividendsPaid,배당금의 지급,자본 [member]|비지배지분 [member],제 74 기,4742000000.0,제 73 기,,제 72 기,,8,KRW,
20220322000590,11011,2021,00164779,SCE,자본변동표,ifrs-full_DividendsPaid,배당금의 지급,연결재무제표 [member],제 74 기,805024000000.0,제 73 기,684002000000.0,제 72 기,1026003000000.0,8,KRW,
20220322000590,11011,2021,00164779,SCE,자본변동표,-표준계정코드 미사용-,자기주식의 처분,자본 [member]|지배기업 소유주 귀속분|자본잉여금 [member],제 74 기,191247000000.0,제 73 기,,제 72 기,,9,KRW,
20220322000590,11011,2021,00164779,SCE,자본변동표,-표준계정코드 미사용-,자기주식의 처분,자본 [member]|지배기업 소유주 귀속분|기타자본,제 74 기,206308000000.0,제 73 기,,제 72 기,,9,KRW,
20220322000590,11011,2021,00164779,SCE,자본변동표,-표준계정코드 미사용-,자기주식의 처분,자본 [member]|지배기업 소유주 귀속분,제 74 기,397555000000.0,제 73 기,,제 72 기,,9,KRW,
20220322000590,11011,2021,00164779,SCE,자본변동표,-표준계정코드 미사용-,자기주식의 처분,연결재무제표 [member],제 74 기,397555000000.0,제 73 기,,제 72 기,,9,KRW,
20220322000590,11011,2021,00164779,SCE,자본변동표,-표준계정코드 미사용-,주식선택권의 부여/행사,연결재무제표 [member],제 74 기,1912000000.0,제 73 기,1591000000.0,제 72 기,1738000000.0,10,KRW,
20220322000590,11011,2021,00164779,SCE,자본변동표,-표준계정코드 미사용-,주식선택권의 부여/행사,자본 [member]|지배기업 소유주 귀속분|자본잉여금 [member],제 74 기,-340000000.0,제 73 기,,제 72 기,,10,KRW,
20220322000590,11011,2021,00164779,SCE,자본변동표,-표준계정코드 미사용-,주식선택권의 부여/행사,자본 [member]|지배기업 소유주 귀속분|기타자본,제 74 기,2252000000.0,제 73 기,1591000000.0,제 72 기,1738000000.0,10,KRW,
20220322000590,11011,2021,00164779,SCE,자본변동표,-표준계정코드 미사용-,주식선택권의 부여/행사,자본 [member]|지배기업 소유주 귀속분,제 74 기,1912000000.0,제 73 기,1591000000.0,제 72 기,1738000000.0,10,KRW,
20220322000590,11011,2021,00164779,SCE,자본변동표,ifrs-full_Equity,기말자본,자본 [member]|지배기업 소유주 귀속분|기타포괄손익누계액 [member],제 74 기,675271000000.0,제 73 기,-405453000000.0,제 72 기,-298935000000.0,11,KRW,
20220322000590,11011,2021,00164779,SCE,자본변동표,ifrs-full_Equity,기말자본,자본 [member]|지배기업 소유주 귀속분|이익잉여금 [member],제 74 기,55784068000000.0,제 73 기,46995728000000.0,제 72 기,42923362000000.0,11,KRW,
20220322000590,11011,2021,00164779,SCE,자본변동표,ifrs-full_Equity,기말자본,자본 [member]|지배기업 소유주 귀속분|자본금 [member],제 74 기,3657652000000.0,제 73 기,3657652000000.0,제 72 기,3657652000000.0,11,KRW,
20220322000590,11011,2021,00164779,SCE,자본변동표,ifrs-full_Equity,기말자본,자본 [member]|지배기업 소유주 귀속분|자본잉여금 [member],제 74 기,4334643000000.0,제 73 기,4143736000000.0,제 72 기,4143736000000.0,11,KRW,
20220322000590,11011,2021,00164779,SCE,자본변동표,ifrs-full_Equity,기말자본,자본 [member]|지배기업 소유주 귀속분,제 74 기,62157072000000.0,제 73 기,51888541000000.0,제 72 기,47921102000000.0,11,KRW,
20220322000590,11011,2021,00164779,SCE,자본변동표,ifrs-full_Equity,기말자본,자본 [member]|비지배지분 [member],제 74 기,33986000000.0,제 73 기,20556000000.0,제 72 기,14780000000.0,11,KRW,
20220322000590,11011,2021,00164779,SCE,자본변동표,ifrs-full_Equity,기말자본,연결재무제표 [member],제 74 기,62191058000000.0,제 73 기,51909097000000.0,제 72 기,47935882000000.0,11,KRW,
20220322000590,11011,2021,00164779,SCE,자본변동표,ifrs-full_Equity,기말자본,자본 [member]|지배기업 소유주 귀속분|기타자본,제 74 기,-2294562000000.0,제 73 기,-2503122000000.0,제 72 기,-2504713000000.0,11,KRW,
20230321001209,11011,2022,00164779,BS,재무상태표,ifrs-full_CurrentAssets,유동자산,-,제 75 기,28733332000000.0,제 74 기,26907075000000.0,제 73 기,16570953000000.0,1,KRW,
20230321001209,11011,2022,00164779,BS,재무상태표,ifrs-full_CashAndCashEquivalents,현금및현금성자산,-,제 75 기,4977007000000.0,제 74 기,5057982000000.0,제 73 기,2975989000000.0,2,KRW,
20230321001209,11011,2022,00164779,BS,재무상태표,dart_ShortTermDepositsNotClassifiedAsCashEquivalents,단기금융상품,-,제 75 기,415625000000.0,제 74 기,474637000000.0,제 73 기,436708000000.0,3,KRW,
20230321001209,11011,2022,00164779,BS,재무상태표,-표준계정코드 미사용-,단기투자자산,-,제 75 기,1016360000000.0,제 74 기,3139923000000.0,제 73 기,1535518000000.0,4,KRW,
20230321001209,11011,2022,00164779,BS,재무상태표,dart_ShortTermTradeReceivable,매출채권,-,제 75 기,5186054000000.0,제 74 기,8267111000000.0,제 73 기,4931322000000.0,5,KRW,
20230321001209,11011,2022,00164779,BS,재무상태표,-표준계정코드 미사용-,기타수취채권,-,제 75 기,272512000000.0,제 74 기,171464000000.0,제 73 기,69194000000.0,6,KRW,
20230321001209,11011,2022,00164779,BS,재무상태표,ifrs-full_Inventories,재고자산,-,제 75 기,15664707000000.0,제 74 기,8950087000000.0,제 73 기,6136318000000.0,7,KRW,
20230321001209,11011,2022,00164779,BS,재무상태표,ifrs-full_CurrentTaxAssets,당기법인세자산,-,제 75 기,14523000000.0,제 74 기,4113000000.0,제 73 기,202000000.0,8,KRW,
20230321001209,11011,2022,00164779,BS,재무상태표,dart_OtherCurrentAssets,기타유동자산,-,제 75 기,1186544000000.0,제 74 기,841728000000.0,제 73 기,485672000000.0,9,KRW,
20230321001209,11011,2022,00164779,BS,재무상태표,-표준계정코드 미사용-,기타금융자산,-,제 75 기,,제 74 기,30000000.0,제 73 기,30000000.0,10,KRW,
20230321001209,11011,2022,00164779,BS,재무상태표,ifrs-full_NoncurrentAssets,비유동자산,-,제 75 기,75138180000000.0,제 74 기,69439450000000.0,제 73 기,54602900000000.0,11,KRW,
20230321001209,11011,2022,00164779,BS,재무상태표,ifrs-full_InvestmentsInSubsidiariesJointVenturesAndAssociates,관계기업 및 공동기업투자,-,제 75 기,1352845000000.0,제 74 기,1410428000000.0,제 73 기,1166244000000.0,12,KRW,
20230321001209,11011,2022,00164779,BS,재무상태표,-표준계정코드 미사용-,장기투자자산,-,제 75 기,5733544000000.0,제 74 기,6665513000000.0,제 73 기,6139627000000.0,13,KRW,
20230321001209,11011,2022,00164779,BS,재무상태표,-표준계정코드 미사용-,기타수취채권,-,제 75 기,354167000000.0,제 74 기,339517000000.0,제 73 기,75589000000.0,14,KRW,
20230321001209,11011,2022,00164779,BS,재무상태표,-표준계정코드 미사용-,기타금융자산,-,제 75 기,115712000000.0,제 74 기,91139000000.0,제 73 기,353000000.0,15,KRW,
20230321001209,11011,2022,00164779,BS,재무상태표,ifrs-full_PropertyPlantAndEquipment,유형자산,-,제 75 기,60228528000000.0,제 74 기,53225667000000.0,제 73 기,41230562000000.0,16,KRW,
20230321001209,11011,2022,00164779,BS,재무상태표,ifrs-full_RightofuseAssets,사용권자산,-,제 75 기,1779985000000.0,제 74 기,1597344000000.0,제 73 기,1707645000000.0,17,KRW,
20230321001209,11011,2022,00164779,BS,재무상태표,ifrs-full_IntangibleAssetsOtherThanGoodwill,무형자산,-,제 75 기,3512107000000.0,제 74 기,4797162000000.0,제 73 기,3400278000000.0,18,KRW,
20230321001209,11011,2022,00164779,BS,재무상태표,ifrs-full_InvestmentProperty,투자부동산,-,제 75 기,223000000.0,제 74 기,164197000000.0,제 73 기,209417000000.0,19,KRW,
20230321001209,11011,2022,00164779,BS,재무상태표,ifrs-full_DeferredTaxAssets,이연법인세자산,-,제 75 기,657115000000.0,제 74 기,590244000000.0,제 73 기,556194000000.0,20,KRW,
20230321001209,11011,2022,00164779,BS,재무상태표,-표준계정코드 미사용-,종업원급여자산,-,제 75 기,1332253000000.0,제 74 기,428962000000.0,제 73 기,61962000000.0,21,KRW,
20230321001209,11011,2022,00164779,BS,재무상태표,dart_OtherNonCurrentAssets,기타비유동자산,-,제 75 기,71701000000.0,제 74 기,129277000000.0,제 73 기,55029000000.0,22,KRW,
20230321001209,11011,2022,00164779,BS,재무상태표,ifrs-full_Assets,자산총계,-,제 75 기,103871512000000.0,제 74 기,96346525000000.0,제 73 기,71173853000000.0,23,KRW,
20230321001209,11011,2022,00164779,BS,재무상태표,ifrs-full_CurrentLiabilities,유동부채,-,제 75 기,19843696000000.0,제 74 기,14735395000000.0,제 73 기,9072360000000.0,25,KRW,
20230321001209,11011,2022,00164779,BS,재무상태표,dart_ShortTermTradePayables,매입채무,-,제 75 기,2186230000000.0,제 74 기,1359247000000.0,제 73 기,1046159000000.0,26,KRW,
20230321001209,11011,2022,00164779,BS,재무상태표,dart_ShortTermOtherPayables,미지급금,-,제 75 기,5445335000000.0,제 74 기,4606716000000.0,제 73 기,2348909000000.0,27,KRW,
20230321001209,11011,2022,00164779,BS,재무상태표,-표준계정코드 미사용-,기타지급채무,-,제 75 기,3024648000000.0,제 74 기,2278316000000.0,제 73 기,1367193000000.0,28,KRW,
20230321001209,11011,2022,00164779,BS,재무상태표,ifrs-full_ShorttermBorrowings,차입금,-,제 75 기,7423247000000.0,제 74 기,2880763000000.0,제 73 기,3114250000000.0,29,KRW,
20230321001209,11011,2022,00164779,BS,재무상태표,ifrs-full_CurrentProvisions,충당부채,-,제 75 기,251889000000.0,제 74 기,10167000000.0,제 73 기,13797000000.0,30,KRW,
20230321001209,11011,2022,00164779,BS,재무상태표,ifrs-full_CurrentTaxLiabilities,당기법인세부채,-,제 75 기,696553000000.0,제 74 기,3002734000000.0,제 73 기,636649000000.0,31,KRW,
20230321001209,11011,2022,00164779,BS,재무상태표,ifrs-full_CurrentLeaseLiabilities,리스부채,-,제 75 기,280873000000.0,제 74 기,302059000000.0,제 73 기,347464000000.0,32,KRW,
20230321001209,11011,2022,00164779,BS,재무상태표,dart_OtherCurrentLiabilities,기타유동부채,-,제 75 기,534335000000.0,제 74 기,294780000000.0,제 73 기,197395000000.0,33,KRW,
20230321001209,11011,2022,00164779,BS,재무상태표,-표준계정코드 미사용-,기타금융부채,-,제 75 기,586000000.0,제 74 기,613000000.0,제 73 기,544000000.0,34,KRW,
20230321001209,11011,2022,00164779,BS,재무상태표,ifrs-full_NoncurrentLiabilities,비유동부채,-,제 75 기,20737274000000.0,제 74 기,19420072000000.0,제 73 기,10192396000000.0,35,KRW,
20230321001209,11011,2022,00164779,BS,재무상태표,dart_LongTermOtherPayablesGross,장기미지급금,-,제 75 기,2958659000000.0,제 74 기,2693301000000.0,제 73 기,272396000000.0,36,KRW,
20230321001209,11011,2022,00164779,BS,재무상태표,-표준계정코드 미사용-,기타지급채무,-,제 75 기,28083000000.0,제 74 기,32215000000.0,제 73 기,29923000000.0,37,KRW,
20230321001209,11011,2022,00164779,BS,재무상태표,dart_LongTermBorrowingsGross,차입금,-,제 75 기,15571357000000.0,제 74 기,14743046000000.0,제 73 기,8137398000000.0,38,KRW,
20230321001209,11011,2022,00164779,BS,재무상태표,ifrs-full_NoncurrentProvisions,충당부채,-,제 75 기,1404000000.0,제 74 기,,제 73 기,,39,KRW,
20230321001209,11011,2022,00164779,BS,재무상태표,dart_PresentValueOfDefinedBenefitObligation,확정급여부채,-,제 75 기,69952000000.0,제 74 기,1200000000.0,제 73 기,2739000000.0,40,KRW,
20230321001209,11011,2022,00164779,BS,재무상태표,ifrs-full_DeferredTaxLiabilities,이연법인세부채,-,제 75 기,382477000000.0,제 74 기,627995000000.0,제 73 기,266640000000.0,41,KRW,
20230321001209,11011,2022,00164779,BS,재무상태표,ifrs-full_NoncurrentLeaseLiabilities,리스부채,-,제 75 기,1516208000000.0,제 74 기,1223703000000.0,제 73 기,1296252000000.0,42,KRW,
20230321001209,11011,2022,00164779,BS,재무상태표,ifrs-full_OtherNoncurrentFinancialLiabilities,기타금융부채,-,제 75 기,4290000000.0,제 74 기,4606000000.0,제 73 기,88121000000.0,43,KRW,
20230321001209,11011,2022,00164779,BS,재무상태표,dart_OtherNonCurrentLiabilities,기타비유동부채,-,제 75 기,204844000000.0,제 74 기,94006000000.0,제 73 기,98927000000.0,44,KRW,
20230321001209,11011,2022,00164779,BS,재무상태표,ifrs-full_Liabilities,부채총계,-,제 75 기,40580970000000.0,제 74 기,34155467000000.0,제 73 기,19264756000000.0,45,KRW,
20230321001209,11011,2022,00164779,BS,재무상태표,ifrs-full_EquityAttributableToOwnersOfParent,지배기업의 소유지분,-,제 75 기,63266355000000.0,제 74 기,62157072000000.0,제 73 기,51888541000000.0,47,KRW,
20230321001209,11011,2022,00164779,BS,재무상태표,ifrs-full_IssuedCapital,자본금,-,제 75 기,3657652000000.0,제 74 기,3657652000000.0,제 73 기,3657652000000.0,48,KRW,
20230321001209,11011,2022,00164779,BS,재무상태표,dart_CapitalSurplus,자본잉여금,-,제 75 기,4336170000000.0,제 74 기,4334643000000.0,제 73 기,4143736000000.0,49,KRW,
20230321001209,11011,2022,00164779,BS,재무상태표,dart_ElementsOfOtherStockholdersEquity,기타자본,-,제 75 기,-2311409000000.0,제 74 기,-2294562000000.0,제 73 기,-2503122000000.0,50,KRW,
20230321001209,11011,2022,00164779,BS,재무상태표,dart_OtherComprehensiveIncomeLossAccumulatedAmount,기타포괄손익누계액,-,제 75 기,898682000000.0,제 74 기,675271000000.0,제 73 기,-405453000000.0,51,KRW,
20230321001209,11011,2022,00164779,BS,재무상태표,ifrs-full_RetainedEarnings,이익잉여금,-,제 75 기,56685260000000.0,제 74 기,55784068000000.0,제 73 기,46995728000000.0,52,KRW,
20230321001209,11011,2022,00164779,BS,재무상태표,ifrs-full_NoncontrollingInterests,비지배지분,-,제 75 기,24187000000.0,제 74 기,33986000000.0,제 73 기,20556000000.0,53,KRW,
20230321001209,11011,2022,00164779,BS,재무상태표,ifrs-full_Equity,자본총계,-,제 75 기,63290542000000.0,제 74 기,62191058000000.0,제 73 기,51909097000000.0,54,KRW,
20230321001209,11011,2022,00164779,BS,재무상태표,ifrs-full_EquityAndLiabilities,부채및자본총계,-,제 75 기,103871512000000.0,제 74 기,96346525000000.0,제 73 기,71173853000000.0,55,KRW,
20230321001209,11011,2022,00164779,CIS,포괄손익계산서,ifrs-full_Revenue,매출액,-,제 75 기,44621568000000.0,제 74 기,42997792000000.0,제 73 기,31900418000000.0,0,KRW,
20230321001209,11011,2022,00164779,CIS,포괄손익계산서,ifrs-full_CostOfSales,매출원가,-,제 75 기,28993713000000.0,제 74 기,24045600000000.0,제 73 기,21089789000000.0,1,KRW,
20230321001209,11011,2022,00164779,CIS,포괄손익계산서,ifrs-full_GrossProfit,매출총이익,-,제 75 기,15627855000000.0,제 74 기,18952192000000.0,제 73 기,10810629000000.0,2,KRW,
20230321001209,11011,2022,00164779,CIS,포괄손익계산서,dart_TotalSellingGeneralAdministrativeExpenses,판매비와관리비,-,제 75 기,8818438000000.0,제 74 기,6541852000000.0,제 73 기,5798005000000.0,3,KRW,
20230321001209,11011,2022,00164779,CIS,포괄손익계산서,dart_OperatingIncomeLoss,영업이익,-,제 75 기,6809417000000.0,제 74 기,12410340000000.0,제 73 기,5012624000000.0,4,KRW,
20230321001209,11011,2022,00164779,CIS,포괄손익계산서,ifrs-full_FinanceIncome,금융수익,-,제 75 기,3714278000000.0,제 74 기,2377516000000.0,제 73 기,3327905000000.0,5,KRW,
20230321001209,11011,2022,00164779,CIS,포괄손익계산서,ifrs-full_FinanceCosts,금융비용,-,제 75 기,5091553000000.0,제 74 기,1469860000000.0,제 73 기,1980411000000.0,6,KRW,
20230321001209,11011,2022,00164779,CIS,포괄손익계산서,-표준계정코드 미사용-,지분법투자 관련 손익,-,제 75 기,131186000000.0,제 74 기,162280000000.0,제 73 기,-36279000000.0,7,KRW,
20230321001209,11011,2022,00164779,CIS,포괄손익계산서,-표준계정코드 미사용-,기타영업외수익,-,제 75 기,241371000000.0,제 74 기,116135000000.0,제 73 기,84773000000.0,8,KRW,
20230321001209,11011,2022,00164779,CIS,포괄손익계산서,-표준계정코드 미사용-,기타영업외비용,-,제 75 기,1801919000000.0,제 74 기,180424000000.0,제 73 기,171575000000.0,9,KRW,
20230321001209,11011,2022,00164779,CIS,포괄손익계산서,ifrs-full_ProfitLossBeforeTax,법인세비용차감전순이익,-,제 75 기,4002780000000.0,제 74 기,13415987000000.0,제 73 기,6237037000000.0,10,KRW,
20230321001209,11011,2022,00164779,CIS,포괄손익계산서,ifrs-full_IncomeTaxExpenseContinuingOperations,법인세비용,-,제 75 기,1761111000000.0,제 74 기,3799799000000.0,제 73 기,1478123000000.0,11,KRW,
20230321001209,11011,2022,00164779,CIS,포괄손익계산서,ifrs-full_ProfitLoss,당기순이익,-,제 75 기,2241669000000.0,제 74 기,9616188000000.0,제 73 기,4758914000000.0,12,KRW,
20230321001209,11011,2022,00164779,CIS,포괄손익계산서,ifrs-full_OtherComprehensiveIncome,법인세차감후 기타포괄손익,-,제 75 기,580499000000.0,제 74 기,1071330000000.0,제 73 기,-107378000000.0,13,KRW,
20230321001209,11011,2022,00164779,CIS,포괄손익계산서,dart_OtherComprehensiveIncomeNetOfTaxGainsLossesOnRemeasurementsOfDefinedBenefitPlans,확정급여제도의 재측정요소,-,제 75 기,349453000000.0,제 74 기,-13694000000.0,제 73 기,1266000000.0,15,KRW,
20230321001209,11011,2022,00164779,CIS,포괄손익계산서,ifrs-full_GainsLossesOnExchangeDifferencesOnTranslationNetOfTax,해외사업장환산외환차이,-,제 75 기,154321000000.0,제 74 기,963288000000.0,제 73 기,-47407000000.0,17,KRW,
20230321001209,11011,2022,00164779,CIS,포괄손익계산서,-표준계정코드 미사용-,파생상품평가이익,-,제 75 기,5725000000.0,제 74 기,10143000000.0,제 73 기,-417000000.0,18,KRW,
20230321001209,11011,2022,00164779,CIS,포괄손익계산서,dart_ShareOfOtherComprehensiveIncomeOfAssociatesAndJointVenturesAccountedForUsingEquityMethodThatWillBeReclassifiedToProfitOrLossNetOfTax,관계기업의 기타포괄손익에 대한 지분,-,제 75 기,71000000000.0,제 74 기,111593000000.0,제 73 기,-60820000000.0,19,KRW,
20230321001209,11011,2022,00164779,CIS,포괄손익계산서,ifrs-full_ComprehensiveIncome,총포괄이익,-,제 75 기,2822168000000.0,제 74 기,10687518000000.0,제 73 기,4651536000000.0,20,KRW,
20230321001209,11011,2022,00164779,CIS,포괄손익계산서,ifrs-full_ProfitLossAttributableToOwnersOfParent,지배기업의 소유주지분,-,제 75 기,2229560000000.0,제 74 기,9602316000000.0,제 73 기,4755102000000.0,22,KRW,
20230321001209,11011,2022,00164779,CIS,포괄손익계산서,ifrs-full_ProfitLossAttributableToNoncontrollingInterests,비지배지분,-,제 75 기,12109000000.0,제 74 기,13872000000.0,제 73 기,3812000000.0,23,KRW,
20230321001209,11011,2022,00164779,CIS,포괄손익계산서,ifrs-full_ComprehensiveIncomeAttributableToOwnersOfParent,지배기업의 소유주지분,-,제 75 기,2802424000000.0,제 74 기,10669346000000.0,제 73 기,4649850000000.0,25,KRW,
20230321001209,11011,2022,00164779,CIS,포괄손익계산서,ifrs-full_ComprehensiveIncomeAttributableToNoncontrollingInterests,비지배지분,-,제 75 기,19744000000.0,제 74 기,18172000000.0,제 73 기,1686000000.0,26,KRW,
20230321001209,11011,2022,00164779,CIS,포괄손익계산서,ifrs-full_BasicEarningsLossPerShare,기본주당순이익,-,제 75 기,3242.0,제 74 기,13989.0,제 73 기,6952.0,28,KRW,
20230321001209,11011,2022,00164779,CIS,포괄손익계산서,ifrs-full_DilutedEarningsLossPerShare,희석주당순이익,-,제 75 기,3242.0,제 74 기,13984.0,제 73 기,6950.0,29,KRW,
20230321001209,11011,2022,00164779,CF,현금흐름표,ifrs-full_CashFlowsFromUsedInOperatingActivities,영업활동 현금흐름,-,제 75 기,14780517000000.0,제 74 기,19797648000000.0,제 73 기,12314571000000.0,0,KRW,
20230321001209,11011,2022,00164779,CF,현금흐름표,-표준계정코드 미사용-,영업으로부터 창출된 현금흐름,-,제 75 기,19083888000000.0,제 74 기,20951478000000.0,제 73 기,12916771000000.0,1,KRW,
20230321001209,11011,2022,00164779,CF,현금흐름표,ifrs-full_InterestReceivedClassifiedAsOperatingActivities,이자의 수취,-,제 75 기,77430000000.0,제 74 기,17341000000.0,제 73 기,40635000000.0,2,KRW,
20230321001209,11011,2022,00164779,CF,현금흐름표,ifrs-full_InterestPaidClassifiedAsOperatingActivities,이자의 지급,-,제 75 기,494513000000.0,제 74 기,240942000000.0,제 73 기,288565000000.0,3,KRW,
20230321001209,11011,2022,00164779,CF,현금흐름표,ifrs-full_DividendsReceivedClassifiedAsOperatingActivities,배당금의 수취,-,제 75 기,93067000000.0,제 74 기,84679000000.0,제 73 기,16365000000.0,4,KRW,
20230321001209,11011,2022,00164779,CF,현금흐름표,ifrs-full_IncomeTaxesPaidRefundClassifiedAsOperatingActivities,법인세의 납부,-,제 75 기,3979355000000.0,제 74 기,1014908000000.0,제 73 기,370635000000.0,5,KRW,
20230321001209,11011,2022,00164779,CF,현금흐름표,ifrs-full_CashFlowsFromUsedInInvestingActivities,투자활동 현금흐름,-,제 75 기,-17883746000000.0,제 74 기,-22392277000000.0,제 73 기,-11840393000000.0,6,KRW,
20230321001209,11011,2022,00164779,CF,현금흐름표,dart_ProceedsFromSalesOfShortTermFinancialInstruments,단기금융상품의 감소,-,제 75 기,2022053000000.0,제 74 기,2572550000000.0,제 73 기,913591000000.0,7,KRW,
20230321001209,11011,2022,00164779,CF,현금흐름표,dart_PurchaseOfShortTermFinancialInstruments,단기금융상품의 증가,-,제 75 기,1966360000000.0,제 74 기,2600586000000.0,제 73 기,1054401000000.0,8,KRW,
20230321001209,11011,2022,00164779,CF,현금흐름표,-표준계정코드 미사용-,단기투자자산의 순증감,-,제 75 기,2195111000000.0,제 74 기,-1548448000000.0,제 73 기,-115122000000.0,9,KRW,
20230321001209,11011,2022,00164779,CF,현금흐름표,dart_ProceedsFromSalesOfOtherFinancialAssets,기타금융자산의 감소,-,제 75 기,29950000000.0,제 74 기,213000000.0,제 73 기,773000000.0,10,KRW,
20230321001209,11011,2022,00164779,CF,현금흐름표,dart_PurchaseOfOtherFinancialAssets,기타금융자산의 처분(취득),-,제 75 기,600000000.0,제 74 기,29830000000.0,제 73 기,205000000.0,11,KRW,
20230321001209,11011,2022,00164779,CF,현금흐름표,dart_ProceedsFromSalesOfLoansAndReceivables,기타수취채권의 감소,-,제 75 기,39051000000.0,제 74 기,47027000000.0,제 73 기,36722000000.0,12,KRW,
20230321001209,11011,2022,00164779,CF,현금흐름표,dart_PurchaseOfLoansAndReceivables,기타수취채권의 증가,-,제 75 기,72248000000.0,제 74 기,79537000000.0,제 73 기,238727000000.0,13,KRW,
20230321001209,11011,2022,00164779,CF,현금흐름표,dart_ProceedsFromSalesOfInvestmentsInSubsidiaries,장기투자자산의 처분,-,제 75 기,4306000000.0,제 74 기,45972000000.0,제 73 기,708000000.0,14,KRW,
20230321001209,11011,2022,00164779,CF,현금흐름표,dart_PurchaseOfInvestmentsInSubsidiariesJointVenturesAndAssociates,장기투자자산의 취득,-,제 75 기,115537000000.0,제 74 기,130318000000.0,제 73 기,93846000000.0,15,KRW,
20230321001209,11011,2022,00164779,CF,현금흐름표,ifrs-full_ProceedsFromSalesOfPropertyPlantAndEquipmentClassifiedAsInvestingActivities,유형자산의 처분,-,제 75 기,323718000000.0,제 74 기,79940000000.0,제 73 기,59089000000.0,16,KRW,
20230321001209,11011,2022,00164779,CF,현금흐름표,ifrs-full_PurchaseOfPropertyPlantAndEquipmentClassifiedAsInvestingActivities,유형자산의 취득,-,제 75 기,19010261000000.0,제 74 기,12486635000000.0,제 73 기,10068662000000.0,17,KRW,
20230321001209,11011,2022,00164779,CF,현금흐름표,ifrs-full_ProceedsFromSalesOfIntangibleAssetsClassifiedAsInvestingActivities,무형자산의 처분,-,제 75 기,1018000000.0,제 74 기,2073000000.0,제 73 기,695000000.0,18,KRW,
20230321001209,11011,2022,00164779,CF,현금흐름표,ifrs-full_PurchaseOfIntangibleAssetsClassifiedAsInvestingActivities,무형자산의 취득,-,제 75 기,738621000000.0,제 74 기,973893000000.0,제 73 기,800729000000.0,19,KRW,
20230321001209,11011,2022,00164779,CF,현금흐름표,dart_ProceedsFromSalesOfInvestmentProperty,투자부동산의 처분,-,제 75 기,263211000000.0,제 74 기,,제 73 기,,20,KRW,
20230321001209,11011,2022,00164779,CF,현금흐름표,-표준계정코드 미사용-,관계기업투자의 처분,-,제 75 기,209843000000.0,제 74 기,,제 73 기,,21,KRW,
20230321001209,11011,2022,00164779,CF,현금흐름표,dart_PurchaseOfInvestmentsInSubsidiaries,관계기업투자의 취득,-,제 75 기,40717000000.0,제 74 기,44862000000.0,제 73 기,483237000000.0,22,KRW,
20230321001209,11011,2022,00164779,CF,현금흐름표,-표준계정코드 미사용-,사업결합으로 인한 순현금유출,-,제 75 기,1027663000000.0,제 74 기,7250087000000.0,제 73 기,,23,KRW,
20230321001209,11011,2022,00164779,CF,현금흐름표,-표준계정코드 미사용-,기타,-,제 75 기,,제 74 기,4144000000.0,제 73 기,2958000000.0,24,KRW,
20230321001209,11011,2022,00164779,CF,현금흐름표,ifrs-full_CashFlowsFromUsedInFinancingActivities,재무활동 현금흐름,-,제 75 기,2821796000000.0,제 74 기,4492313000000.0,제 73 기,252054000000.0,25,KRW,
20230321001209,11011,2022,00164779,CF,현금흐름표,ifrs-full_ProceedsFromBorrowingsClassifiedAsFinancingActivities,차입금의 차입,-,제 75 기,11917454000000.0,제 74 기,8933737000000.0,제 73 기,5173016000000.0,26,KRW,
20230321001209,11011,2022,00164779,CF,현금흐름표,ifrs-full_RepaymentsOfBorrowingsClassifiedAsFinancingActivities,차입금의 상환,-,제 75 기,7124565000000.0,제 74 기,3320911000000.0,제 73 기,3921310000000.0,27,KRW,
20230321001209,11011,2022,00164779,CF,현금흐름표,ifrs-full_PaymentsOfFinanceLeaseLiabilitiesClassifiedAsFinancingActivities,리스부채의 상환,-,제 75 기,301858000000.0,제 74 기,323975000000.0,제 73 기,319740000000.0,28,KRW,
20230321001209,11011,2022,00164779,CF,현금흐름표,ifrs-full_DividendsPaidClassifiedAsFinancingActivities,배당금의 지급,-,제 75 기,1680905000000.0,제 74 기,805024000000.0,제 73 기,684002000000.0,29,KRW,
20230321001209,11011,2022,00164779,CF,현금흐름표,dart_DispositionOfTreasuryShares,자기주식의 처분,-,제 75 기,11653000000.0,제 74 기,8484000000.0,제 73 기,,30,KRW,
20230321001209,11011,2022,00164779,CF,현금흐름표,dart_ProceedsFromExerciseOfShareOptions,주식선택권의 행사,-,제 75 기,17000000.0,제 74 기,2000000.0,제 73 기,,31,KRW,
20230321001209,11011,2022,00164779,CF,현금흐름표,-표준계정코드 미사용-,비지배지분의 증가,-,제 75 기,,제 74 기,,제 73 기,4090000000.0,32,KRW,
20230321001209,11011,2022,00164779,CF,현금흐름표,ifrs-full_EffectOfExchangeRateChangesOnCashAndCashEquivalents,현금및현금성자산의 환율변동효과,-,제 75 기,200458000000.0,제 74 기,184309000000.0,제 73 기,-56313000000.0,33,KRW,
20230321001209,11011,2022,00164779,CF,현금흐름표,ifrs-full_IncreaseDecreaseInCashAndCashEquivalents,현금및현금성자산의 순증감,-,제 75 기,-80975000000.0,제 74 기,2081993000000.0,제 73 기,669919000000.0,34,KRW,
20230321001209,11011,2022,00164779,CF,현금흐름표,dart_CashAndCashEquivalentsAtBeginningOfPeriodCf,기초 현금및현금성자산,-,제 75 기,5057982000000.0,제 74 기,2975989000000.0,제 73 기,2306070000000.0,35,KRW,
20230321001209,11011,2022,00164779,CF,현금흐름표,dart_CashAndCashEquivalentsAtEndOfPeriodCf,기말 현금및현금성자산,-,제 75 기,4977007000000.0,제 74 기,5057982000000.0,제 73 기,2975989000000.0,36,KRW,
20230321001209,11011,2022,00164779,SCE,자본변동표,dart_EquityAtBeginningOfPeriod,기초자본,자본 [member]|지배기업 소유주 귀속분|이익잉여금 [member],제 75 기,55784068000000.0,제 74 기,46995728000000.0,제 73 기,42923362000000.0,1,KRW,
20230321001209,11011,2022,00164779,SCE,자본변동표,dart_EquityAtBeginningOfPeriod,기초자본,자본 [member]|지배기업 소유주 귀속분|자본금 [member],제 75 기,3657652000000.0,제 74 기,3657652000000.0,제 73 기,3657652000000.0,1,KRW,
20230321001209,11011,2022,00164779,SCE,자본변동표,dart_EquityAtBeginningOfPeriod,기초자본,자본 [member]|지배기업 소유주 귀속분|자본잉여금 [member],제 75 기,4334643000000.0,제 74 기,4143736000000.0,제 73 기,4143736000000.0,1,KRW,
20230321001209,11011,2022,00164779,SCE,자본변동표,dart_EquityAtBeginningOfPeriod,기초자본,연결재무제표 [member],제 75 기,62191058000000.0,제 74 기,51909097000000.0,제 73 기,47935882000000.0,1,KRW,
20230321001209,11011,2022,00164779,SCE,자본변동표,dart_EquityAtBeginningOfPeriod,기초자본,자본 [member]|비지배지분 [member],제 75 기,33986000000.0,제 74 기,20556000000.0,제 73 기,14780000000.0,1,KRW,
20230321001209,11011,2022,00164779,SCE,자본변동표,dart_EquityAtBeginningOfPeriod,기초자본,자본 [member]|지배기업 소유주 귀속분,제 75 기,62157072000000.0,제 74 기,51888541000000.0,제 73 기,47921102000000.0,1,KRW,
20230321001209,11011,2022,00164779,SCE,자본변동표,dart_EquityAtBeginningOfPeriod,기초자본,자본 [member]|지배기업 소유주 귀속분|기타자본,제 75 기,-2294562000000.0,제 74 기,-2503122000000.0,제 73 기,-2504713000000.0,1,KRW,
20230321001209,11011,2022,00164779,SCE,자본변동표,dart_EquityAtBeginningOfPeriod,기초자본,자본 [member]|지배기업 소유주 귀속분|기타포괄손익누계액 [member],제 75 기,675271000000.0,제 74 기,-405453000000.0,제 73 기,-298935000000.0,1,KRW,
20230321001209,11011,2022,00164779,SCE,자본변동표,ifrs-full_ProfitLoss,당기순이익,자본 [member]|지배기업 소유주 귀속분|이익잉여금 [member],제 75 기,2229560000000.0,제 74 기,9602316000000.0,제 73 기,4755102000000.0,2,KRW,
20230321001209,11011,2022,00164779,SCE,자본변동표,ifrs-full_ProfitLoss,당기순이익,연결재무제표 [member],제 75 기,2241669000000.0,제 74 기,9616188000000.0,제 73 기,4758914000000.0,2,KRW,
20230321001209,11011,2022,00164779,SCE,자본변동표,ifrs-full_ProfitLoss,당기순이익,자본 [member]|비지배지분 [member],제 75 기,12109000000.0,제 74 기,13872000000.0,제 73 기,3812000000.0,2,KRW,
20230321001209,11011,2022,00164779,SCE,자본변동표,ifrs-full_ProfitLoss,당기순이익,자본 [member]|지배기업 소유주 귀속분,제 75 기,2229560000000.0,제 74 기,9602316000000.0,제 73 기,4755102000000.0,2,KRW,
20230321001209,11011,2022,00164779,SCE,자본변동표,-표준계정코드 미사용-,확정급여제도의 재측정요소,자본 [member]|지배기업 소유주 귀속분,제 75 기,349453000000.0,제 74 기,-13694000000.0,제 73 기,1266000000.0,3,KRW,
20230321001209,11011,2022,00164779,SCE,자본변동표,-표준계정코드 미사용-,확정급여제도의 재측정요소,자본 [member]|지배기업 소유주 귀속분|이익잉여금 [member],제 75 기,349453000000.0,제 74 기,-13694000000.0,제 73 기,1266000000.0,3,KRW,
20230321001209,11011,2022,00164779,SCE,자본변동표,-표준계정코드 미사용-,확정급여제도의 재측정요소,연결재무제표 [member],제 75 기,349453000000.0,제 74 기,-13694000000.0,제 73 기,1266000000.0,3,KRW,
20230321001209,11011,2022,00164779,SCE,자본변동표,-표준계정코드 미사용-,관계기업의 기타포괄손익에 대한 지분,자본 [member]|지배기업 소유주 귀속분|기타포괄손익누계액 [member],제 75 기,71000000000.0,제 74 기,111593000000.0,제 73 기,-60820000000.0,4,KRW,
20230321001209,11011,2022,00164779,SCE,자본변동표,-표준계정코드 미사용-,관계기업의 기타포괄손익에 대한 지분,자본 [member]|지배기업 소유주 귀속분,제 75 기,71000000000.0,제 74 기,111593000000.0,제 73 기,-60820000000.0,4,KRW,
20230321001209,11011,2022,00164779,SCE,자본변동표,-표준계정코드 미사용-,관계기업의 기타포괄손익에 대한 지분,연결재무제표 [member],제 75 기,71000000000.0,제 74 기,111593000000.0,제 73 기,-60820000000.0,4,KRW,
20230321001209,11011,2022,00164779,SCE,자본변동표,dart_ChangesInReserveOfGainsAndLossesOnHedgingInstrumentsThatHedgeInvestmentsInEquityInstruments,파생금융상품평가이익,자본 [member]|지배기업 소유주 귀속분|기타포괄손익누계액 [member],제 75 기,5725000000.0,제 74 기,10143000000.0,제 73 기,-417000000.0,5,KRW,
20230321001209,11011,2022,00164779,SCE,자본변동표,dart_ChangesInReserveOfGainsAndLossesOnHedgingInstrumentsThatHedgeInvestmentsInEquityInstruments,파생금융상품평가이익,연결재무제표 [member],제 75 기,5725000000.0,제 74 기,10143000000.0,제 73 기,-417000000.0,5,KRW,
20230321001209,11011,2022,00164779,SCE,자본변동표,dart_ChangesInReserveOfGainsAndLossesOnHedgingInstrumentsThatHedgeInvestmentsInEquityInstruments,파생금융상품평가이익,자본 [member]|지배기업 소유주 귀속분,제 75 기,5725000000.0,제 74 기,10143000000.0,제 73 기,-417000000.0,5,KRW,
20230321001209,11011,2022,00164779,SCE,자본변동표,-표준계정코드 미사용-,해외사업장환산외환차이,연결재무제표 [member],제 75 기,154321000000.0,제 74 기,963288000000.0,제 73 기,-47407000000.0,6,KRW,
20230321001209,11011,2022,00164779,SCE,자본변동표,-표준계정코드 미사용-,해외사업장환산외환차이,자본 [member]|비지배지분 [member],제 75 기,7635000000.0,제 74 기,4300000000.0,제 73 기,-2126000000.0,6,KRW,
20230321001209,11011,2022,00164779,SCE,자본변동표,-표준계정코드 미사용-,해외사업장환산외환차이,자본 [member]|지배기업 소유주 귀속분,제 75 기,146686000000.0,제 74 기,958988000000.0,제 73 기,-45281000000.0,6,KRW,
20230321001209,11011,2022,00164779,SCE,자본변동표,-표준계정코드 미사용-,해외사업장환산외환차이,자본 [member]|지배기업 소유주 귀속분|기타포괄손익누계액 [member],제 75 기,146686000000.0,제 74 기,958988000000.0,제 73 기,-45281000000.0,6,KRW,
20230321001209,11011,2022,00164779,SCE,자본변동표,-표준계정코드 미사용-,비지배지분의 감소,연결재무제표 [member],제 75 기,-26459000000.0,제 74 기,,제 73 기,4090000000.0,7,KRW,
20230321001209,11011,2022,00164779,SCE,자본변동표,-표준계정코드 미사용-,비지배지분의 감소,자본 [member]|비지배지분 [member],제 75 기,-26459000000.0,제 74 기,,제 73 기,4090000000.0,7,KRW,
20230321001209,11011,2022,00164779,SCE,자본변동표,ifrs-full_DividendsPaid,배당금의 지급,자본 [member]|비지배지분 [member],제 75 기,3084000000.0,제 74 기,4742000000.0,제 73 기,,8,KRW,
20230321001209,11011,2022,00164779,SCE,자본변동표,ifrs-full_DividendsPaid,배당금의 지급,자본 [member]|지배기업 소유주 귀속분|이익잉여금 [member],제 75 기,1677821000000.0,제 74 기,800282000000.0,제 73 기,-684002000000.0,8,KRW,
20230321001209,11011,2022,00164779,SCE,자본변동표,ifrs-full_DividendsPaid,배당금의 지급,자본 [member]|지배기업 소유주 귀속분,제 75 기,1677821000000.0,제 74 기,800282000000.0,제 73 기,-684002000000.0,8,KRW,
20230321001209,11011,2022,00164779,SCE,자본변동표,ifrs-full_DividendsPaid,배당금의 지급,연결재무제표 [member],제 75 기,1680905000000.0,제 74 기,805024000000.0,제 73 기,-684002000000.0,8,KRW,
20230321001209,11011,2022,00164779,SCE,자본변동표,-표준계정코드 미사용-,자기주식의 처분,자본 [member]|지배기업 소유주 귀속분|자본잉여금 [member],제 75 기,1527000000.0,제 74 기,191247000000.0,제 73 기,,9,KRW,
20230321001209,11011,2022,00164779,SCE,자본변동표,-표준계정코드 미사용-,자기주식의 처분,자본 [member]|지배기업 소유주 귀속분|기타자본,제 75 기,1731000000.0,제 74 기,206308000000.0,제 73 기,,9,KRW,
20230321001209,11011,2022,00164779,SCE,자본변동표,-표준계정코드 미사용-,자기주식의 처분,연결재무제표 [member],제 75 기,3258000000.0,제 74 기,397555000000.0,제 73 기,,9,KRW,
20230321001209,11011,2022,00164779,SCE,자본변동표,-표준계정코드 미사용-,자기주식의 처분,자본 [member]|지배기업 소유주 귀속분,제 75 기,3258000000.0,제 74 기,397555000000.0,제 73 기,,9,KRW,
20230321001209,11011,2022,00164779,SCE,자본변동표,-표준계정코드 미사용-,주식선택권의 부여/행사,자본 [member]|지배기업 소유주 귀속분|기타자본,제 75 기,7241000000.0,제 74 기,2252000000.0,제 73 기,1591000000.0,10,KRW,
20230321001209,11011,2022,00164779,SCE,자본변동표,-표준계정코드 미사용-,주식선택권의 부여/행사,자본 [member]|지배기업 소유주 귀속분|자본잉여금 [member],제 75 기,,제 74 기,-340000000.0,제 73 기,,10,KRW,
20230321001209,11011,2022,00164779,SCE,자본변동표,-표준계정코드 미사용-,주식선택권의 부여/행사,자본 [member]|지배기업 소유주 귀속분,제 75 기,7241000000.0,제 74 기,1912000000.0,제 73 기,1591000000.0,10,KRW,
20230321001209,11011,2022,00164779,SCE,자본변동표,-표준계정코드 미사용-,주식선택권의 부여/행사,연결재무제표 [member],제 75 기,7241000000.0,제 74 기,1912000000.0,제 73 기,1591000000.0,10,KRW,
20230321001209,11011,2022,00164779,SCE,자본변동표,-표준계정코드 미사용-,주식선택권 조건변경,자본 [member]|지배기업 소유주 귀속분|기타자본,제 75 기,-25819000000.0,제 74 기,,제 73 기,,11,KRW,
20230321001209,11011,2022,00164779,SCE,자본변동표,-표준계정코드 미사용-,주식선택권 조건변경,연결재무제표 [member],제 75 기,-25819000000.0,제 74 기,,제 73 기,,11,KRW,
20230321001209,11011,2022,00164779,SCE,자본변동표,-표준계정코드 미사용-,주식선택권 조건변경,자본 [member]|지배기업 소유주 귀속분,제 75 기,-25819000000.0,제 74 기,,제 73 기,,11,KRW,
20230321001209,11011,2022,00164779,SCE,자본변동표,ifrs-full_Equity,기말자본,자본 [member]|지배기업 소유주 귀속분|기타포괄손익누계액 [member],제 75 기,898682000000.0,제 74 기,675271000000.0,제 73 기,-405453000000.0,12,KRW,
20230321001209,11011,2022,00164779,SCE,자본변동표,ifrs-full_Equity,기말자본,자본 [member]|지배기업 소유주 귀속분|이익잉여금 [member],제 75 기,56685260000000.0,제 74 기,55784068000000.0,제 73 기,46995728000000.0,12,KRW,
20230321001209,11011,2022,00164779,SCE,자본변동표,ifrs-full_Equity,기말자본,자본 [member]|지배기업 소유주 귀속분|자본금 [member],제 75 기,3657652000000.0,제 74 기,3657652000000.0,제 73 기,3657652000000.0,12,KRW,
20230321001209,11011,2022,00164779,SCE,자본변동표,ifrs-full_Equity,기말자본,자본 [member]|지배기업 소유주 귀속분|자본잉여금 [member],제 75 기,4336170000000.0,제 74 기,4334643000000.0,제 73 기,4143736000000.0,12,KRW,
20230321001209,11011,2022,00164779,SCE,자본변동표,ifrs-full_Equity,기말자본,자본 [member]|지배기업 소유주 귀속분,제 75 기,63266355000000.0,제 74 기,62157072000000.0,제 73 기,51888541000000.0,12,KRW,
20230321001209,11011,2022,00164779,SCE,자본변동표,ifrs-full_Equity,기말자본,자본 [member]|비지배지분 [member],제 75 기,24187000000.0,제 74 기,33986000000.0,제 73 기,20556000000.0,12,KRW,
20230321001209,11011,2022,00164779,SCE,자본변동표,ifrs-full_Equity,기말자본,연결재무제표 [member],제 75 기,63290542000000.0,제 74 기,62191058000000.0,제 73 기,51909097000000.0,12,KRW,
20230321001209,11011,2022,00164779,SCE,자본변동표,ifrs-full_Equity,기말자본,자본 [member]|지배기업 소유주 귀속분|기타자본,제 75 기,-2311409000000.0,제 74 기,-2294562000000.0,제 73 기,-2503122000000.0,12,KRW,
20240319000684,11011,2023,00164779,BS,재무상태표,ifrs-full_Assets,자산총계,-,제 76 기,100330165000000.0,제 75 기,103871512000000.0,제 74 기,96346525000000.0,7,KRW,
20240319000684,11011,2023,00164779,BS,재무상태표,ifrs-full_CurrentAssets,유동자산,-,제 76 기,30468100000000.0,제 75 기,28733332000000.0,제 74 기,26907075000000.0,8,KRW,
20240319000684,11011,2023,00164779,BS,재무상태표,-표준계정코드 미사용-,매각예정자산,-,제 76 기,29441000000.0,제 75 기,,제 74 기,,9,KRW,
20240319000684,11011,2023,00164779,BS,재무상태표,ifrs-full_CashAndCashEquivalents,현금및현금성자산,-,제 76 기,7587329000000.0,제 75 기,4977007000000.0,제 74 기,5057982000000.0,10,KRW,
20240319000684,11011,2023,00164779,BS,재무상태표,ifrs-full_CurrentInvestments,단기투자자산,-,제 76 기,860972000000.0,제 75 기,1016360000000.0,제 74 기,3139923000000.0,11,KRW,
20240319000684,11011,2023,00164779,BS,재무상태표,ifrs-full_CurrentTaxAssets,당기법인세자산,-,제 76 기,69916000000.0,제 75 기,14523000000.0,제 74 기,4113000000.0,12,KRW,
20240319000684,11011,2023,00164779,BS,재무상태표,ifrs-full_CurrentTradeReceivables,매출채권,-,제 76 기,6600273000000.0,제 75 기,5186054000000.0,제 74 기,8267111000000.0,13,KRW,
20240319000684,11011,2023,00164779,BS,재무상태표,ifrs-full_Inventories,재고자산,-,제 76 기,13480659000000.0,제 75 기,15664707000000.0,제 74 기,8950087000000.0,14,KRW,
20240319000684,11011,2023,00164779,BS,재무상태표,ifrs-full_OtherCurrentAssets,기타유동자산,-,제 76 기,925502000000.0,제 75 기,1186544000000.0,제 74 기,841728000000.0,15,KRW,
20240319000684,11011,2023,00164779,BS,재무상태표,ifrs-full_OtherCurrentFinancialAssets,기타금융자산,-,제 76 기,83750000000.0,제 75 기,,제 74 기,30000000.0,16,KRW,
20240319000684,11011,2023,00164779,BS,재무상태표,ifrs-full_OtherCurrentReceivables,기타수취채권,-,제 76 기,357641000000.0,제 75 기,272512000000.0,제 74 기,171464000000.0,17,KRW,
20240319000684,11011,2023,00164779,BS,재무상태표,ifrs-full_ShorttermDepositsNotClassifiedAsCashEquivalents,단기금융상품,-,제 76 기,472617000000.0,제 75 기,415625000000.0,제 74 기,474637000000.0,18,KRW,
20240319000684,11011,2023,00164779,BS,재무상태표,ifrs-full_NoncurrentAssets,비유동자산,-,제 76 기,69862065000000.0,제 75 기,75138180000000.0,제 74 기,69439450000000.0,19,KRW,
20240319000684,11011,2023,00164779,BS,재무상태표,ifrs-full_DeferredTaxAssets,이연법인세자산,-,제 76 기,2989472000000.0,제 75 기,657115000000.0,제 74 기,590244000000.0,20,KRW,
20240319000684,11011,2023,00164779,BS,재무상태표,ifrs-full_IntangibleAssetsAndGoodwill,무형자산,-,제 76 기,3834567000000.0,제 75 기,3512107000000.0,제 74 기,4797162000000.0,21,KRW,
20240319000684,11011,2023,00164779,BS,재무상태표,ifrs-full_InvestmentAccountedForUsingEquityMethod,관계기업 및 공동기업투자,-,제 76 기,1367348000000.0,제 75 기,1352845000000.0,제 74 기,1410428000000.0,22,KRW,
20240319000684,11011,2023,00164779,BS,재무상태표,ifrs-full_InvestmentProperty,투자부동산,-,제 76 기,211000000.0,제 75 기,223000000.0,제 74 기,164197000000.0,23,KRW,
20240319000684,11011,2023,00164779,BS,재무상태표,ifrs-full_NoncurrentInvestmentsOtherThanInvestmentsAccountedForUsingEquityMethod,장기투자자산,-,제 76 기,4105704000000.0,제 75 기,5733544000000.0,제 74 기,6665513000000.0,24,KRW,
20240319000684,11011,2023,00164779,BS,재무상태표,ifrs-full_NoncurrentRecognisedAssetsDefinedBenefitPlan,종업원급여자산,-,제 76 기,1404014000000.0,제 75 기,1332253000000.0,제 74 기,428962000000.0,25,KRW,
20240319000684,11011,2023,00164779,BS,재무상태표,ifrs-full_OtherNoncurrentAssets,기타비유동자산,-,제 76 기,217822000000.0,제 75 기,71701000000.0,제 74 기,129277000000.0,26,KRW,
20240319000684,11011,2023,00164779,BS,재무상태표,ifrs-full_OtherNoncurrentFinancialAssets,기타금융자산,-,제 76 기,68217000000.0,제 75 기,115712000000.0,제 74 기,91139000000.0,27,KRW,
20240319000684,11011,2023,00164779,BS,재무상태표,ifrs-full_OtherNoncurrentReceivables,기타수취채권,-,제 76 기,475013000000.0,제 75 기,354167000000.0,제 74 기,339517000000.0,28,KRW,
20240319000684,11011,2023,00164779,BS,재무상태표,ifrs-full_PropertyPlantAndEquipment,유형자산,-,제 76 기,52704853000000.0,제 75 기,60228528000000.0,제 74 기,53225667000000.0,29,KRW,
20240319000684,11011,2023,00164779,BS,재무상태표,ifrs-full_RightofuseAssets,사용권자산,-,제 76 기,2694844000000.0,제 75 기,1779985000000.0,제 74 기,1597344000000.0,30,KRW,
20240319000684,11011,2023,00164779,BS,재무상태표,ifrs-full_Equity,자본총계,-,제 76 기,53503752000000.0,제 75 기,63290542000000.0,제 74 기,62191058000000.0,32,KRW,
20240319000684,11011,2023,00164779,BS,재무상태표,ifrs-full_EquityAttributableToOwnersOfParent,지배기업의 소유주에게 귀속되는 자본,-,제 76 기,53504285000000.0,제 75 기,63266355000000.0,제 74 기,62157072000000.0,33,KRW,
20240319000684,11011,2023,00164779,BS,재무상태표,dart_CapitalSurplus,자본잉여금,-,제 76 기,4372559000000.0,제 75 기,4336170000000.0,제 74 기,4334643000000.0,34,KRW,
20240319000684,11011,2023,00164779,BS,재무상태표,dart_ElementsOfOtherStockholdersEquity,기타자본,-,제 76 기,-2269294000000.0,제 75 기,-2311409000000.0,제 74 기,-2294562000000.0,35,KRW,
20240319000684,11011,2023,00164779,BS,재무상태표,dart_OtherComprehensiveIncomeLossAccumulatedAmount,기타포괄손익누계액,-,제 76 기,1014055000000.0,제 75 기,898682000000.0,제 74 기,675271000000.0,36,KRW,
20240319000684,11011,2023,00164779,BS,재무상태표,ifrs-full_IssuedCapital,자본금,-,제 76 기,3657652000000.0,제 75 기,3657652000000.0,제 74 기,3657652000000.0,37,KRW,
20240319000684,11011,2023,00164779,BS,재무상태표,ifrs-full_RetainedEarnings,이익잉여금,-,제 76 기,46729313000000.0,제 75 기,56685260000000.0,제 74 기,55784068000000.0,38,KRW,
20240319000684,11011,2023,00164779,BS,재무상태표,ifrs-full_NoncontrollingInterests,비지배지분,-,제 76 기,-533000000.0,제 75 기,24187000000.0,제 74 기,33986000000.0,39,KRW,
20240319000684,11011,2023,00164779,BS,재무상태표,ifrs-full_EquityAndLiabilities,부채및자본총계,-,제 76 기,100330165000000.0,제 75 기,103871512000000.0,제 74 기,96346525000000.0,40,KRW,
20240319000684,11011,2023,00164779,BS,재무상태표,ifrs-full_CurrentLiabilities,유동부채,-,제 76 기,21007810000000.0,제 75 기,19843696000000.0,제 74 기,14735395000000.0,42,KRW,
20240319000684,11011,2023,00164779,BS,재무상태표,dart_CurrentNontradePayables,기타지급채무,-,제 76 기,1688631000000.0,제 75 기,3024648000000.0,제 74 기,2278316000000.0,43,KRW,
20240319000684,11011,2023,00164779,BS,재무상태표,dart_ShortTermOtherPayables,미지급금,-,제 76 기,3293308000000.0,제 75 기,5445335000000.0,제 74 기,4606716000000.0,44,KRW,
20240319000684,11011,2023,00164779,BS,재무상태표,ifrs-full_CurrentBorrowingsAndCurrentPortionOfNoncurrentBorrowings,차입금,-,제 76 기,9857189000000.0,제 75 기,7423247000000.0,제 74 기,2880763000000.0,45,KRW,
20240319000684,11011,2023,00164779,BS,재무상태표,ifrs-full_CurrentLeaseLiabilities,리스부채,-,제 76 기,631497000000.0,제 75 기,280873000000.0,제 74 기,302059000000.0,46,KRW,
20240319000684,11011,2023,00164779,BS,재무상태표,ifrs-full_CurrentProvisions,충당부채,-,제 76 기,286517000000.0,제 75 기,251889000000.0,제 74 기,10167000000.0,47,KRW,
20240319000684,11011,2023,00164779,BS,재무상태표,ifrs-full_CurrentTaxLiabilities,당기법인세부채,-,제 76 기,43890000000.0,제 75 기,696553000000.0,제 74 기,3002734000000.0,48,KRW,
20240319000684,11011,2023,00164779,BS,재무상태표,ifrs-full_OtherCurrentFinancialLiabilities,기타금융부채,-,제 76 기,1478980000000.0,제 75 기,586000000.0,제 74 기,613000000.0,49,KRW,
20240319000684,11011,2023,00164779,BS,재무상태표,ifrs-full_OtherCurrentLiabilities,기타 유동부채,-,제 76 기,1882261000000.0,제 75 기,534335000000.0,제 74 기,294780000000.0,50,KRW,
20240319000684,11011,2023,00164779,BS,재무상태표,ifrs-full_TradeAndOtherCurrentPayablesToTradeSuppliers,매입채무,-,제 76 기,1845537000000.0,제 75 기,2186230000000.0,제 74 기,1359247000000.0,51,KRW,
20240319000684,11011,2023,00164779,BS,재무상태표,ifrs-full_Liabilities,부채총계,-,제 76 기,46826413000000.0,제 75 기,40580970000000.0,제 74 기,34155467000000.0,52,KRW,
20240319000684,11011,2023,00164779,BS,재무상태표,ifrs-full_NoncurrentLiabilities,비유동부채,-,제 76 기,25818603000000.0,제 75 기,20737274000000.0,제 74 기,19420072000000.0,53,KRW,
20240319000684,11011,2023,00164779,BS,재무상태표,dart_NoncurrentNontradePayables,기타지급채무,-,제 76 기,96567000000.0,제 75 기,28083000000.0,제 74 기,32215000000.0,54,KRW,
20240319000684,11011,2023,00164779,BS,재무상태표,ifrs-full_DeferredTaxLiabilities,이연법인세부채,-,제 76 기,114396000000.0,제 75 기,382477000000.0,제 74 기,627995000000.0,55,KRW,
20240319000684,11011,2023,00164779,BS,재무상태표,ifrs-full_LongtermBorrowings,차입금,-,제 76 기,19611443000000.0,제 75 기,15571357000000.0,제 74 기,14743046000000.0,56,KRW,
20240319000684,11011,2023,00164779,BS,재무상태표,ifrs-full_NoncurrentLeaseLiabilities,리스부채,-,제 76 기,2398377000000.0,제 75 기,1516208000000.0,제 74 기,1223703000000.0,57,KRW,
20240319000684,11011,2023,00164779,BS,재무상태표,ifrs-full_NoncurrentProvisions,충당부채,-,제 76 기,1603000000.0,제 75 기,1404000000.0,제 74 기,,58,KRW,
20240319000684,11011,2023,00164779,BS,재무상태표,ifrs-full_NoncurrentRecognisedLiabilitiesDefinedBenefitPlan,확정급여부채,-,제 76 기,63932000000.0,제 75 기,69952000000.0,제 74 기,1200000000.0,59,KRW,
20240319000684,11011,2023,00164779,BS,재무상태표,ifrs-full_OtherNoncurrentFinancialLiabilities,기타금융부채,-,제 76 기,3247000000.0,제 75 기,4290000000.0,제 74 기,4606000000.0,60,KRW,
20240319000684,11011,2023,00164779,BS,재무상태표,ifrs-full_OtherNoncurrentLiabilities,기타 비유동 부채,-,제 76 기,385402000000.0,제 75 기,204844000000.0,제 74 기,94006000000.0,61,KRW,
20240319000684,11011,2023,00164779,BS,재무상태표,ifrs-full_OtherNoncurrentPayables,장기미지급금,-,제 76 기,3143636000000.0,제 75 기,2958659000000.0,제 74 기,2693301000000.0,62,KRW,
20240319000684,11011,2023,00164779,CIS,포괄손익계산서,dart_OperatingIncomeLoss,영업이익(손실),-,제 76 기,-7730313000000.0,제 75 기,6809417000000.0,제 74 기,12410340000000.0,6,KRW,
20240319000684,11011,2023,00164779,CIS,포괄손익계산서,dart_OtherGains,기타영업외수익,-,제 76 기,623867000000.0,제 75 기,241371000000.0,제 74 기,116135000000.0,7,KRW,
20240319000684,11011,2023,00164779,CIS,포괄손익계산서,dart_OtherLosses,기타영업외비용,-,제 76 기,735065000000.0,제 75 기,1801919000000.0,제 74 기,180424000000.0,8,KRW,
20240319000684,11011,2023,00164779,CIS,포괄손익계산서,dart_TotalSellingGeneralAdministrativeExpenses,판매비와관리비,-,제 76 기,7196865000000.0,제 75 기,8818438000000.0,제 74 기,6541852000000.0,9,KRW,
20240319000684,11011,2023,00164779,CIS,포괄손익계산서,ifrs-full_ComprehensiveIncome,총포괄손익,-,제 76 기,-9037496000000.0,제 75 기,2822168000000.0,제 74 기,10687518000000.0,10,KRW,
20240319000684,11011,2023,00164779,CIS,포괄손익계산서,ifrs-full_ComprehensiveIncomeAttributableToNoncontrollingInterests,비지배지분,-,제 76 기,-22497000000.0,제 75 기,19744000000.0,제 74 기,18172000000.0,12,KRW,
20240319000684,11011,2023,00164779,CIS,포괄손익계산서,ifrs-full_ComprehensiveIncomeAttributableToOwnersOfParent,지배기업의 소유주지분,-,제 76 기,-9014999000000.0,제 75 기,2802424000000.0,제 74 기,10669346000000.0,13,KRW,
20240319000684,11011,2023,00164779,CIS,포괄손익계산서,ifrs-full_CostOfSales,매출원가,-,제 76 기,33299167000000.0,제 75 기,28993713000000.0,제 74 기,24045600000000.0,14,KRW,
20240319000684,11011,2023,00164779,CIS,포괄손익계산서,ifrs-full_BasicEarningsLossPerShare,기본주당이익(손실),-,제 76 기,-13244.0,제 75 기,3242.0,제 74 기,13989.0,16,KRW,
20240319000684,11011,2023,00164779,CIS,포괄손익계산서,ifrs-full_DilutedEarningsLossPerShare,희석주당이익(손실),-,제 76 기,-13244.0,제 75 기,3242.0,제 74 기,13984.0,17,KRW,
20240319000684,11011,2023,00164779,CIS,포괄손익계산서,ifrs-full_FinanceCosts,금융비용,-,제 76 기,6093167000000.0,제 75 기,5091553000000.0,제 74 기,1469860000000.0,18,KRW,
20240319000684,11011,2023,00164779,CIS,포괄손익계산서,ifrs-full_FinanceIncome,금융수익,-,제 76 기,2261801000000.0,제 75 기,3714278000000.0,제 74 기,2377516000000.0,19,KRW,
20240319000684,11011,2023,00164779,CIS,포괄손익계산서,ifrs-full_GrossProfit,매출총이익,-,제 76 기,-533448000000.0,제 75 기,15627855000000.0,제 74 기,18952192000000.0,20,KRW,
20240319000684,11011,2023,00164779,CIS,포괄손익계산서,ifrs-full_IncomeTaxExpenseContinuingOperations,법인세비용(수익),-,제 76 기,-2520269000000.0,제 75 기,1761111000000.0,제 74 기,3799799000000.0,21,KRW,
20240319000684,11011,2023,00164779,CIS,포괄손익계산서,ifrs-full_OtherComprehensiveIncome,법인세차감후 기타포괄손익,-,제 76 기,100051000000.0,제 75 기,580499000000.0,제 74 기,1071330000000.0,22,KRW,
20240319000684,11011,2023,00164779,CIS,포괄손익계산서,ifrs-full_GainsLossesOnCashFlowHedgesNetOfTax,파생상품평가이익,-,제 76 기,-22414000000.0,제 75 기,5725000000.0,제 74 기,10143000000.0,24,KRW,
20240319000684,11011,2023,00164779,CIS,포괄손익계산서,ifrs-full_GainsLossesOnExchangeDifferencesOnTranslationNetOfTax,해외사업장환산외환차이,-,제 76 기,132561000000.0,제 75 기,154321000000.0,제 74 기,963288000000.0,25,KRW,
20240319000684,11011,2023,00164779,CIS,포괄손익계산서,ifrs-full_ShareOfOtherComprehensiveIncomeOfAssociatesAndJointVenturesAccountedForUsingEquityMethodThatWillBeReclassifiedToProfitOrLossNetOfTax,관계기업의 기타포괄손익에 대한 지분,-,제 76 기,7848000000.0,제 75 기,71000000000.0,제 74 기,111593000000.0,26,KRW,
20240319000684,11011,2023,00164779,CIS,포괄손익계산서,ifrs-full_OtherComprehensiveIncomeNetOfTaxGainsLossesOnRemeasurementsOfDefinedBenefitPlans,확정급여부채의 재측정요소,-,제 76 기,-17944000000.0,제 75 기,349453000000.0,제 74 기,-13694000000.0,28,KRW,
20240319000684,11011,2023,00164779,CIS,포괄손익계산서,ifrs-full_ProfitLoss,당기순이익(손실),-,제 76 기,-9137547000000.0,제 75 기,2241669000000.0,제 74 기,9616188000000.0,29,KRW,
20240319000684,11011,2023,00164779,CIS,포괄손익계산서,ifrs-full_ProfitLossAttributableToNoncontrollingInterests,비지배지분,-,제 76 기,-25119000000.0,제 75 기,12109000000.0,제 74 기,13872000000.0,31,KRW,
20240319000684,11011,2023,00164779,CIS,포괄손익계산서,ifrs-full_ProfitLossAttributableToOwnersOfParent,지배기업의 소유주지분,-,제 76 기,-9112428000000.0,제 75 기,2229560000000.0,제 74 기,9602316000000.0,32,KRW,
20240319000684,11011,2023,00164779,CIS,포괄손익계산서,ifrs-full_ProfitLossBeforeTax,법인세비용차감전순이익(손실),-,제 76 기,-11657816000000.0,제 75 기,4002780000000.0,제 74 기,13415987000000.0,33,KRW,
20240319000684,11011,2023,00164779,CIS,포괄손익계산서,ifrs-full_Revenue,매출액,-,제 76 기,32765719000000.0,제 75 기,44621568000000.0,제 74 기,42997792000000.0,34,KRW,
20240319000684,11011,2023,00164779,CIS,포괄손익계산서,ifrs-full_ShareOfProfitLossOfAssociatesAndJointVenturesAccountedForUsingEquityMethod,지분법투자 관련 손익,-,제 76 기,15061000000.0,제 75 기,131186000000.0,제 74 기,162280000000.0,35,KRW,
20240319000684,11011,2023,00164779,CF,현금흐름표,dart_CashAndCashEquivalentsAtBeginningOfPeriodCf,기초현금및현금성자산,-,제 76 기,4977007000000.0,제 75 기,5057982000000.0,제 74 기,2975989000000.0,2,KRW,
20240319000684,11011,2023,00164779,CF,현금흐름표,dart_CashAndCashEquivalentsAtEndOfPeriodCf,기말현금및현금성자산,-,제 76 기,7587329000000.0,제 75 기,4977007000000.0,제 74 기,5057982000000.0,3,KRW,
20240319000684,11011,2023,00164779,CF,현금흐름표,ifrs-full_CashFlowsFromUsedInFinancingActivities,재무활동현금흐름,-,제 76 기,5696845000000.0,제 75 기,2821796000000.0,제 74 기,4492313000000.0,8,KRW,
20240319000684,11011,2023,00164779,CF,현금흐름표,dart_DispositionOfTreasuryShares,자기주식의 처분,-,제 76 기,24519000000.0,제 75 기,11653000000.0,제 74 기,8484000000.0,9,KRW,
20240319000684,11011,2023,00164779,CF,현금흐름표,dart_PaymentsOfFinanceLeaseLiabilitiesClassifiedAsFinancingActivities,리스부채의 상환,-,제 76 기,461466000000.0,제 75 기,301858000000.0,제 74 기,323975000000.0,10,KRW,
20240319000684,11011,2023,00164779,CF,현금흐름표,dart_ProceedsFromExerciseOfShareOptions,주식선택권의 행사,-,제 76 기,53000000.0,제 75 기,17000000.0,제 74 기,2000000.0,11,KRW,
20240319000684,11011,2023,00164779,CF,현금흐름표,-표준계정코드 미사용-,종속기업 유상증자 및 소유지분변동,-,제 76 기,-9220000000.0,제 75 기,,제 74 기,,12,KRW,
20240319000684,11011,2023,00164779,CF,현금흐름표,ifrs-full_DividendsPaidClassifiedAsFinancingActivities,배당금의 지급,-,제 76 기,825575000000.0,제 75 기,1680905000000.0,제 74 기,805024000000.0,13,KRW,
20240319000684,11011,2023,00164779,CF,현금흐름표,ifrs-full_ProceedsFromBorrowingsClassifiedAsFinancingActivities,차입금의 차입,-,제 76 기,20657967000000.0,제 75 기,11917454000000.0,제 74 기,8933737000000.0,14,KRW,
20240319000684,11011,2023,00164779,CF,현금흐름표,ifrs-full_RepaymentsOfBorrowingsClassifiedAsFinancingActivities,차입금의 상환,-,제 76 기,13689433000000.0,제 75 기,7124565000000.0,제 74 기,3320911000000.0,15,KRW,
20240319000684,11011,2023,00164779,CF,현금흐름표,ifrs-full_CashFlowsFromUsedInInvestingActivities,투자활동현금흐름,-,제 76 기,-7334727000000.0,제 75 기,-17883746000000.0,제 74 기,-22392277000000.0,16,KRW,
20240319000684,11011,2023,00164779,CF,현금흐름표,dart_ProceedsFromSalesOfLoansAndReceivables,기타수취채권의 감소,-,제 76 기,47564000000.0,제 75 기,39051000000.0,제 74 기,47027000000.0,17,KRW,
20240319000684,11011,2023,00164779,CF,현금흐름표,dart_ProceedsFromSalesOfOtherFinancialAssets,기타금융자산의 감소,-,제 76 기,577000000.0,제 75 기,29950000000.0,제 74 기,213000000.0,18,KRW,
20240319000684,11011,2023,00164779,CF,현금흐름표,dart_ProceedsFromSalesOfShortTermFinancialInstruments,단기금융상품의 감소,-,제 76 기,1409187000000.0,제 75 기,2022053000000.0,제 74 기,2572550000000.0,19,KRW,
20240319000684,11011,2023,00164779,CF,현금흐름표,dart_PurchaseOfLoansAndReceivables,기타수취채권의 증가,-,제 76 기,251498000000.0,제 75 기,72248000000.0,제 74 기,79537000000.0,20,KRW,
20240319000684,11011,2023,00164779,CF,현금흐름표,dart_PurchaseOfOtherFinancialAssets,기타금융자산의 처분(취득),-,제 76 기,5358000000.0,제 75 기,600000000.0,제 74 기,29830000000.0,21,KRW,
20240319000684,11011,2023,00164779,CF,현금흐름표,dart_PurchaseOfShortTermFinancialInstruments,단기금융상품의 증가,-,제 76 기,1469396000000.0,제 75 기,1966360000000.0,제 74 기,2600586000000.0,22,KRW,
20240319000684,11011,2023,00164779,CF,현금흐름표,-표준계정코드 미사용-,사업결합으로 인한 순현금유출,-,제 76 기,,제 75 기,1027663000000.0,제 74 기,7250087000000.0,23,KRW,
20240319000684,11011,2023,00164779,CF,현금흐름표,-표준계정코드 미사용-,장기투자자산의 처분,-,제 76 기,18279000000.0,제 75 기,4306000000.0,제 74 기,45972000000.0,24,KRW,
20240319000684,11011,2023,00164779,CF,현금흐름표,-표준계정코드 미사용-,장기투자자산의 취득,-,제 76 기,30537000000.0,제 75 기,115537000000.0,제 74 기,130318000000.0,25,KRW,
20240319000684,11011,2023,00164779,CF,현금흐름표,ifrs-full_CashFlowsFromUsedInDecreaseIncreaseInShorttermDepositsAndInvestments,단기투자자산의 순증감,-,제 76 기,199912000000.0,제 75 기,2195111000000.0,제 74 기,-1548448000000.0,26,KRW,
20240319000684,11011,2023,00164779,CF,현금흐름표,ifrs-full_OtherInflowsOutflowsOfCashClassifiedAsInvestingActivities,기타,-,제 76 기,,제 75 기,,제 74 기,4144000000.0,27,KRW,
20240319000684,11011,2023,00164779,CF,현금흐름표,ifrs-full_ProceedsFromSalesOfIntangibleAssetsClassifiedAsInvestingActivities,무형자산의 처분,-,제 76 기,484000000.0,제 75 기,1018000000.0,제 74 기,2073000000.0,28,KRW,
20240319000684,11011,2023,00164779,CF,현금흐름표,ifrs-full_ProceedsFromSalesOfInvestmentProperty,투자부동산의 처분,-,제 76 기,,제 75 기,263211000000.0,제 74 기,,29,KRW,
20240319000684,11011,2023,00164779,CF,현금흐름표,ifrs-full_ProceedsFromSalesOfInvestmentsAccountedForUsingEquityMethod,관계기업투자의 처분,-,제 76 기,8847000000.0,제 75 기,209843000000.0,제 74 기,,30,KRW,
20240319000684,11011,2023,00164779,CF,현금흐름표,ifrs-full_ProceedsFromSalesOfPropertyPlantAndEquipmentClassifiedAsInvestingActivities,유형자산의 처분,-,제 76 기,1539825000000.0,제 75 기,323718000000.0,제 74 기,79940000000.0,31,KRW,
20240319000684,11011,2023,00164779,CF,현금흐름표,ifrs-full_PurchaseOfIntangibleAssetsClassifiedAsInvestingActivities,무형자산의 취득,-,제 76 기,454710000000.0,제 75 기,738621000000.0,제 74 기,973893000000.0,32,KRW,
20240319000684,11011,2023,00164779,CF,현금흐름표,ifrs-full_PurchaseOfInterestsInInvestmentsAccountedForUsingEquityMethod,관계기업투자의 취득,-,제 76 기,22765000000.0,제 75 기,40717000000.0,제 74 기,44862000000.0,33,KRW,
20240319000684,11011,2023,00164779,CF,현금흐름표,ifrs-full_PurchaseOfPropertyPlantAndEquipmentClassifiedAsInvestingActivities,유형자산의 취득,-,제 76 기,8325138000000.0,제 75 기,19010261000000.0,제 74 기,12486635000000.0,34,KRW,
20240319000684,11011,2023,00164779,CF,현금흐름표,ifrs-full_CashFlowsFromUsedInOperatingActivities,영업활동현금흐름,-,제 76 기,4278191000000.0,제 75 기,14780517000000.0,제 74 기,19797648000000.0,35,KRW,
20240319000684,11011,2023,00164779,CF,현금흐름표,ifrs-full_CashFlowsFromUsedInOperations,영업에서 창출된 현금흐름,-,제 76 기,6688866000000.0,제 75 기,19083888000000.0,제 74 기,20951478000000.0,36,KRW,
20240319000684,11011,2023,00164779,CF,현금흐름표,ifrs-full_DividendsReceivedClassifiedAsOperatingActivities,배당금수취,-,제 76 기,35935000000.0,제 75 기,93067000000.0,제 74 기,84679000000.0,37,KRW,
20240319000684,11011,2023,00164779,CF,현금흐름표,ifrs-full_IncomeTaxesPaidRefundClassifiedAsOperatingActivities,법인세의 납부,-,제 76 기,1383942000000.0,제 75 기,3979355000000.0,제 74 기,1014908000000.0,38,KRW,
20240319000684,11011,2023,00164779,CF,현금흐름표,ifrs-full_InterestPaidClassifiedAsOperatingActivities,이자의 지급,-,제 76 기,1261540000000.0,제 75 기,494513000000.0,제 74 기,240942000000.0,39,KRW,
20240319000684,11011,2023,00164779,CF,현금흐름표,ifrs-full_InterestReceivedClassifiedAsOperatingActivities,이자수취,-,제 76 기,198872000000.0,제 75 기,77430000000.0,제 74 기,17341000000.0,40,KRW,
20240319000684,11011,2023,00164779,CF,현금흐름표,ifrs-full_EffectOfExchangeRateChangesOnCashAndCashEquivalents,현금및현금성자산에 대한 환율변동효과,-,제 76 기,-29987000000.0,제 75 기,200458000000.0,제 74 기,184309000000.0,41,KRW,
20240319000684,11011,2023,00164779,CF,현금흐름표,ifrs-full_IncreaseDecreaseInCashAndCashEquivalents,현금및현금성자산의순증가(감소),-,제 76 기,2610322000000.0,제 75 기,-80975000000.0,제 74 기,2081993000000.0,42,KRW,
20240319000684,11011,2023,00164779,SCE,자본변동표,dart_DecreaseInNoncontrollingInterests,비지배지분의 감소,자본 [구성요소]|비지배지분 [구성요소],제 76 기,,제 75 기,-26459000000.0,제 74 기,,3,KRW,
20240319000684,11011,2023,00164779,SCE,자본변동표,dart_DecreaseInNoncontrollingInterests,비지배지분의 감소,연결재무제표 [member],제 76 기,,제 75 기,-26459000000.0,제 74 기,,3,KRW,
20240319000684,11011,2023,00164779,SCE,자본변동표,dart_EquityAtBeginningOfPeriod,기초자본,자본 [구성요소]|지배기업의 소유주에게 귀속되는 지분 [구성요소]|자본잉여금 [구성요소],제 76 기,4336170000000.0,제 75 기,4334643000000.0,제 74 기,4143736000000.0,4,KRW,
20240319000684,11011,2023,00164779,SCE,자본변동표,dart_EquityAtBeginningOfPeriod,기초자본,자본 [구성요소]|지배기업의 소유주에게 귀속되는 지분 [구성요소]|기타자본구성요소 [구성요소],제 76 기,-2311409000000.0,제 75 기,-2294562000000.0,제 74 기,-2503122000000.0,4,KRW,
20240319000684,11011,2023,00164779,SCE,자본변동표,dart_EquityAtBeginningOfPeriod,기초자본,자본 [구성요소]|지배기업의 소유주에게 귀속되는 지분 [구성요소]|기타포괄손익누계액 [구성요소],제 76 기,898682000000.0,제 75 기,675271000000.0,제 74 기,-405453000000.0,4,KRW,
20240319000684,11011,2023,00164779,SCE,자본변동표,dart_EquityAtBeginningOfPeriod,기초자본,자본 [구성요소]|지배기업의 소유주에게 귀속되는 지분 [구성요소]|이익잉여금 [구성요소],제 76 기,56685260000000.0,제 75 기,55784068000000.0,제 74 기,46995728000000.0,4,KRW,
20240319000684,11011,2023,00164779,SCE,자본변동표,dart_EquityAtBeginningOfPeriod,기초자본,자본 [구성요소]|지배기업의 소유주에게 귀속되는 지분 [구성요소]|자본금 [구성요소],제 76 기,3657652000000.0,제 75 기,3657652000000.0,제 74 기,3657652000000.0,4,KRW,
20240319000684,11011,2023,00164779,SCE,자본변동표,dart_EquityAtBeginningOfPeriod,기초자본,자본 [구성요소]|비지배지분 [구성요소],제 76 기,24187000000.0,제 75 기,33986000000.0,제 74 기,20556000000.0,4,KRW,
20240319000684,11011,2023,00164779,SCE,자본변동표,dart_EquityAtBeginningOfPeriod,기초자본,연결재무제표 [member],제 76 기,63290542000000.0,제 75 기,62191058000000.0,제 74 기,51909097000000.0,4,KRW,
20240319000684,11011,2023,00164779,SCE,자본변동표,dart_EquityAtBeginningOfPeriod,기초자본,자본 [구성요소]|지배기업의 소유주에게 귀속되는 지분 [구성요소],제 76 기,63266355000000.0,제 75 기,62157072000000.0,제 74 기,51888541000000.0,4,KRW,
20240319000684,11011,2023,00164779,SCE,자본변동표,-표준계정코드 미사용-,주식선택권 조건변경,자본 [구성요소]|지배기업의 소유주에게 귀속되는 지분 [구성요소],제 76 기,,제 75 기,-25819000000.0,제 74 기,,5,KRW,
20240319000684,11011,2023,00164779,SCE,자본변동표,-표준계정코드 미사용-,주식선택권 조건변경,연결재무제표 [member],제 76 기,,제 75 기,-25819000000.0,제 74 기,,5,KRW,
20240319000684,11011,2023,00164779,SCE,자본변동표,-표준계정코드 미사용-,주식선택권 조건변경,자본 [구성요소]|지배기업의 소유주에게 귀속되는 지분 [구성요소]|기타자본구성요소 [구성요소],제 76 기,,제 75 기,-25819000000.0,제 74 기,,5,KRW,
20240319000684,11011,2023,00164779,SCE,자본변동표,-표준계정코드 미사용-,자기주식의 처분,자본 [구성요소]|지배기업의 소유주에게 귀속되는 지분 [구성요소],제 76 기,41364000000.0,제 75 기,3258000000.0,제 74 기,397555000000.0,6,KRW,
20240319000684,11011,2023,00164779,SCE,자본변동표,-표준계정코드 미사용-,자기주식의 처분,연결재무제표 [member],제 76 기,41364000000.0,제 75 기,3258000000.0,제 74 기,397555000000.0,6,KRW,
20240319000684,11011,2023,00164779,SCE,자본변동표,-표준계정코드 미사용-,자기주식의 처분,자본 [구성요소]|지배기업의 소유주에게 귀속되는 지분 [구성요소]|기타자본구성요소 [구성요소],제 76 기,27798000000.0,제 75 기,1731000000.0,제 74 기,206308000000.0,6,KRW,
20240319000684,11011,2023,00164779,SCE,자본변동표,-표준계정코드 미사용-,자기주식의 처분,자본 [구성요소]|지배기업의 소유주에게 귀속되는 지분 [구성요소]|자본잉여금 [구성요소],제 76 기,13566000000.0,제 75 기,1527000000.0,제 74 기,191247000000.0,6,KRW,
20240319000684,11011,2023,00164779,SCE,자본변동표,-표준계정코드 미사용-,주식선택권의 부여/행사,자본 [구성요소]|비지배지분 [구성요소],제 76 기,4530000000.0,제 75 기,,제 74 기,,7,KRW,
20240319000684,11011,2023,00164779,SCE,자본변동표,-표준계정코드 미사용-,주식선택권의 부여/행사,연결재무제표 [member],제 76 기,44138000000.0,제 75 기,7241000000.0,제 74 기,1912000000.0,7,KRW,
20240319000684,11011,2023,00164779,SCE,자본변동표,-표준계정코드 미사용-,주식선택권의 부여/행사,자본 [구성요소]|지배기업의 소유주에게 귀속되는 지분 [구성요소],제 76 기,39608000000.0,제 75 기,7241000000.0,제 74 기,1912000000.0,7,KRW,
20240319000684,11011,2023,00164779,SCE,자본변동표,-표준계정코드 미사용-,주식선택권의 부여/행사,자본 [구성요소]|지배기업의 소유주에게 귀속되는 지분 [구성요소]|자본잉여금 [구성요소],제 76 기,25291000000.0,제 75 기,,제 74 기,-340000000.0,7,KRW,
20240319000684,11011,2023,00164779,SCE,자본변동표,-표준계정코드 미사용-,주식선택권의 부여/행사,자본 [구성요소]|지배기업의 소유주에게 귀속되는 지분 [구성요소]|기타자본구성요소 [구성요소],제 76 기,14317000000.0,제 75 기,7241000000.0,제 74 기,2252000000.0,7,KRW,
20240319000684,11011,2023,00164779,SCE,자본변동표,ifrs-full_DividendsPaid,배당금의 지급,연결재무제표 [member],제 76 기,825575000000.0,제 75 기,1680905000000.0,제 74 기,805024000000.0,8,KRW,
20240319000684,11011,2023,00164779,SCE,자본변동표,ifrs-full_DividendsPaid,배당금의 지급,자본 [구성요소]|지배기업의 소유주에게 귀속되는 지분 [구성요소],제 76 기,825575000000.0,제 75 기,1677821000000.0,제 74 기,800282000000.0,8,KRW,
20240319000684,11011,2023,00164779,SCE,자본변동표,ifrs-full_DividendsPaid,배당금의 지급,자본 [구성요소]|비지배지분 [구성요소],제 76 기,,제 75 기,3084000000.0,제 74 기,4742000000.0,8,KRW,
20240319000684,11011,2023,00164779,SCE,자본변동표,ifrs-full_DividendsPaid,배당금의 지급,자본 [구성요소]|지배기업의 소유주에게 귀속되는 지분 [구성요소]|이익잉여금 [구성요소],제 76 기,825575000000.0,제 75 기,1677821000000.0,제 74 기,800282000000.0,8,KRW,
20240319000684,11011,2023,00164779,SCE,자본변동표,ifrs-full_Equity,자본총계,연결재무제표 [member],제 76 기,53503752000000.0,제 75 기,63290542000000.0,제 74 기,62191058000000.0,9,KRW,
20240319000684,11011,2023,00164779,SCE,자본변동표,ifrs-full_Equity,자본총계,자본 [구성요소]|비지배지분 [구성요소],제 76 기,-533000000.0,제 75 기,24187000000.0,제 74 기,33986000000.0,9,KRW,
20240319000684,11011,2023,00164779,SCE,자본변동표,ifrs-full_Equity,자본총계,자본 [구성요소]|지배기업의 소유주에게 귀속되는 지분 [구성요소]|자본잉여금 [구성요소],제 76 기,4372559000000.0,제 75 기,4336170000000.0,제 74 기,4334643000000.0,9,KRW,
20240319000684,11011,2023,00164779,SCE,자본변동표,ifrs-full_Equity,자본총계,자본 [구성요소]|지배기업의 소유주에게 귀속되는 지분 [구성요소]|자본금 [구성요소],제 76 기,3657652000000.0,제 75 기,3657652000000.0,제 74 기,3657652000000.0,9,KRW,
20240319000684,11011,2023,00164779,SCE,자본변동표,ifrs-full_Equity,자본총계,자본 [구성요소]|지배기업의 소유주에게 귀속되는 지분 [구성요소]|이익잉여금 [구성요소],제 76 기,46729313000000.0,제 75 기,56685260000000.0,제 74 기,55784068000000.0,9,KRW,
20240319000684,11011,2023,00164779,SCE,자본변동표,ifrs-full_Equity,자본총계,자본 [구성요소]|지배기업의 소유주에게 귀속되는 지분 [구성요소]|기타포괄손익누계액 [구성요소],제 76 기,1014055000000.0,제 75 기,898682000000.0,제 74 기,675271000000.0,9,KRW,
20240319000684,11011,2023,00164779,SCE,자본변동표,ifrs-full_Equity,자본총계,자본 [구성요소]|지배기업의 소유주에게 귀속되는 지분 [구성요소]|기타자본구성요소 [구성요소],제 76 기,-2269294000000.0,제 75 기,-2311409000000.0,제 74 기,-2294562000000.0,9,KRW,
20240319000684,11011,2023,00164779,SCE,자본변동표,ifrs-full_Equity,자본총계,자본 [구성요소]|지배기업의 소유주에게 귀속되는 지분 [구성요소],제 76 기,53504285000000.0,제 75 기,63266355000000.0,제 74 기,62157072000000.0,9,KRW,
20240319000684,11011,2023,00164779,SCE,자본변동표,ifrs-full_IncreaseDecreaseThroughChangesInOwnershipInterestsInSubsidiariesThatDoNotResultInLossOfControl,지배력을 상실하지 않는 종속기업에 대한 소유지분의 변동에 따른 증가(감소),자본 [구성요소]|지배기업의 소유주에게 귀속되는 지분 [구성요소],제 76 기,-2468000000.0,제 75 기,,제 74 기,,10,KRW,
20240319000684,11011,2023,00164779,SCE,자본변동표,ifrs-full_IncreaseDecreaseThroughChangesInOwnershipInterestsInSubsidiariesThatDoNotResultInLossOfControl,지배력을 상실하지 않는 종속기업에 대한 소유지분의 변동에 따른 증가(감소),자본 [구성요소]|비지배지분 [구성요소],제 76 기,-6753000000.0,제 75 기,,제 74 기,,10,KRW,
20240319000684,11011,2023,00164779,SCE,자본변동표,ifrs-full_IncreaseDecreaseThroughChangesInOwnershipInterestsInSubsidiariesThatDoNotResultInLossOfControl,지배력을 상실하지 않는 종속기업에 대한 소유지분의 변동에 따른 증가(감소),연결재무제표 [member],제 76 기,-9221000000.0,제 75 기,,제 74 기,,10,KRW,
20240319000684,11011,2023,00164779,SCE,자본변동표,ifrs-full_IncreaseDecreaseThroughChangesInOwnershipInterestsInSubsidiariesThatDoNotResultInLossOfControl,지배력을 상실하지 않는 종속기업에 대한 소유지분의 변동에 따른 증가(감소),자본 [구성요소]|지배기업의 소유주에게 귀속되는 지분 [구성요소]|자본잉여금 [구성요소],제 76 기,-2468000000.0,제 75 기,,제 74 기,,10,KRW,
20240319000684,11011,2023,00164779,SCE,자본변동표,ifrs-full_OtherComprehensiveIncomeNetOfTaxCashFlowHedges,파생금융상품평가이익,연결재무제표 [member],제 76 기,-22414000000.0,제 75 기,5725000000.0,제 74 기,10143000000.0,11,KRW,
20240319000684,11011,2023,00164779,SCE,자본변동표,ifrs-full_OtherComprehensiveIncomeNetOfTaxCashFlowHedges,파생금융상품평가이익,자본 [구성요소]|지배기업의 소유주에게 귀속되는 지분 [구성요소],제 76 기,-22414000000.0,제 75 기,5725000000.0,제 74 기,10143000000.0,11,KRW,
20240319000684,11011,2023,00164779,SCE,자본변동표,ifrs-full_OtherComprehensiveIncomeNetOfTaxCashFlowHedges,파생금융상품평가이익,자본 [구성요소]|지배기업의 소유주에게 귀속되는 지분 [구성요소]|기타포괄손익누계액 [구성요소],제 76 기,-22414000000.0,제 75 기,5725000000.0,제 74 기,10143000000.0,11,KRW,
20240319000684,11011,2023,00164779,SCE,자본변동표,ifrs-full_OtherComprehensiveIncomeNetOfTaxExchangeDifferencesOnTranslation,해외사업장환산외환차이,자본 [구성요소]|지배기업의 소유주에게 귀속되는 지분 [구성요소],제 76 기,129939000000.0,제 75 기,146686000000.0,제 74 기,958988000000.0,12,KRW,
20240319000684,11011,2023,00164779,SCE,자본변동표,ifrs-full_OtherComprehensiveIncomeNetOfTaxExchangeDifferencesOnTranslation,해외사업장환산외환차이,자본 [구성요소]|비지배지분 [구성요소],제 76 기,2622000000.0,제 75 기,7635000000.0,제 74 기,4300000000.0,12,KRW,
20240319000684,11011,2023,00164779,SCE,자본변동표,ifrs-full_OtherComprehensiveIncomeNetOfTaxExchangeDifferencesOnTranslation,해외사업장환산외환차이,연결재무제표 [member],제 76 기,132561000000.0,제 75 기,154321000000.0,제 74 기,963288000000.0,12,KRW,
20240319000684,11011,2023,00164779,SCE,자본변동표,ifrs-full_OtherComprehensiveIncomeNetOfTaxExchangeDifferencesOnTranslation,해외사업장환산외환차이,자본 [구성요소]|지배기업의 소유주에게 귀속되는 지분 [구성요소]|기타포괄손익누계액 [구성요소],제 76 기,129939000000.0,제 75 기,146686000000.0,제 74 기,958988000000.0,12,KRW,
20240319000684,11011,2023,00164779,SCE,자본변동표,ifrs-full_OtherComprehensiveIncomeNetOfTaxGainsLossesOnRemeasurementsOfDefinedBenefitPlans,확정급여부채의 재측정요소,자본 [구성요소]|지배기업의 소유주에게 귀속되는 지분 [구성요소]|이익잉여금 [구성요소],제 76 기,-17944000000.0,제 75 기,349453000000.0,제 74 기,-13694000000.0,13,KRW,
20240319000684,11011,2023,00164779,SCE,자본변동표,ifrs-full_OtherComprehensiveIncomeNetOfTaxGainsLossesOnRemeasurementsOfDefinedBenefitPlans,확정급여부채의 재측정요소,연결재무제표 [member],제 76 기,-17944000000.0,제 75 기,349453000000.0,제 74 기,-13694000000.0,13,KRW,
20240319000684,11011,2023,00164779,SCE,자본변동표,ifrs-full_OtherComprehensiveIncomeNetOfTaxGainsLossesOnRemeasurementsOfDefinedBenefitPlans,확정급여부채의 재측정요소,자본 [구성요소]|지배기업의 소유주에게 귀속되는 지분 [구성요소],제 76 기,-17944000000.0,제 75 기,349453000000.0,제 74 기,-13694000000.0,13,KRW,
20240319000684,11011,2023,00164779,SCE,자본변동표,ifrs-full_ProfitLoss,당기순이익(손실),연결재무제표 [member],제 76 기,-9137547000000.0,제 75 기,2241669000000.0,제 74 기,9616188000000.0,14,KRW,
20240319000684,11011,2023,00164779,SCE,자본변동표,ifrs-full_ProfitLoss,당기순이익(손실),자본 [구성요소]|비지배지분 [구성요소],제 76 기,-25119000000.0,제 75 기,12109000000.0,제 74 기,13872000000.0,14,KRW,
20240319000684,11011,2023,00164779,SCE,자본변동표,ifrs-full_ProfitLoss,당기순이익(손실),자본 [구성요소]|지배기업의 소유주에게 귀속되는 지분 [구성요소]|이익잉여금 [구성요소],제 76 기,-9112428000000.0,제 75 기,2229560000000.0,제 74 기,9602316000000.0,14,KRW,
20240319000684,11011,2023,00164779,SCE,자본변동표,ifrs-full_ProfitLoss,당기순이익(손실),자본 [구성요소]|지배기업의 소유주에게 귀속되는 지분 [구성요소],제 76 기,-9112428000000.0,제 75 기,2229560000000.0,제 74 기,9602316000000.0,14,KRW,
20240319000684,11011,2023,00164779,SCE,자본변동표,ifrs-full_ShareOfOtherComprehensiveIncomeOfAssociatesAndJointVenturesAccountedForUsingEquityMethodThatWillBeReclassifiedToProfitOrLossNetOfTax,관계기업의 기타포괄손익에 대한 지분,자본 [구성요소]|지배기업의 소유주에게 귀속되는 지분 [구성요소]|기타포괄손익누계액 [구성요소],제 76 기,7848000000.0,제 75 기,71000000000.0,제 74 기,111593000000.0,15,KRW,
20240319000684,11011,2023,00164779,SCE,자본변동표,ifrs-full_ShareOfOtherComprehensiveIncomeOfAssociatesAndJointVenturesAccountedForUsingEquityMethodThatWillBeReclassifiedToProfitOrLossNetOfTax,관계기업의 기타포괄손익에 대한 지분,자본 [구성요소]|지배기업의 소유주에게 귀속되는 지분 [구성요소],제 76 기,7848000000.0,제 75 기,71000000000.0,제 74 기,111593000000.0,15,KRW,
20240319000684,11011,2023,00164779,SCE,자본변동표,ifrs-full_ShareOfOtherComprehensiveIncomeOfAssociatesAndJointVenturesAccountedForUsingEquityMethodThatWillBeReclassifiedToProfitOrLossNetOfTax,관계기업의 기타포괄손익에 대한 지분,연결재무제표 [member],제 76 기,7848000000.0,제 75 기,71000000000.0,제 74 기,111593000000.0,15,KRW,
20250319000665,11011,2024,00164779,BS,재무상태표,ifrs-full_Assets,자산총계,-,제 77 기,119855209000000.0,제 76 기,100330165000000.0,제 75 기,103871512000000.0,7,KRW,
20250319000665,11011,2024,00164779,BS,재무상태표,ifrs-full_CurrentAssets,유동자산,-,제 77 기,42278887000000.0,제 76 기,30468100000000.0,제 75 기,28733332000000.0,8,KRW,
20250319000665,11011,2024,00164779,BS,재무상태표,ifrs-full_CashAndCashEquivalents,현금및현금성자산,-,제 77 기,11205117000000.0,제 76 기,7587329000000.0,제 75 기,4977007000000.0,9,KRW,
20250319000665,11011,2024,00164779,BS,재무상태표,ifrs-full_CurrentInvestments,단기투자자산,-,제 77 기,569236000000.0,제 76 기,860972000000.0,제 75 기,1016360000000.0,10,KRW,
20250319000665,11011,2024,00164779,BS,재무상태표,ifrs-full_CurrentTaxAssets,당기법인세자산,-,제 77 기,57467000000.0,제 76 기,69916000000.0,제 75 기,14523000000.0,11,KRW,
20250319000665,11011,2024,00164779,BS,재무상태표,ifrs-full_CurrentTradeReceivables,매출채권,-,제 77 기,13019006000000.0,제 76 기,6600273000000.0,제 75 기,5186054000000.0,12,KRW,
20250319000665,11011,2024,00164779,BS,재무상태표,ifrs-full_Inventories,재고자산,-,제 77 기,13313937000000.0,제 76 기,13480659000000.0,제 75 기,15664707000000.0,13,KRW,
20250319000665,11011,2024,00164779,BS,재무상태표,ifrs-full_NoncurrentAssetsOrDisposalGroupsClassifiedAsHeldForSaleOrAsHeldForDistributionToOwners,매각예정자산,-,제 77 기,0.0,제 76 기,29441000000.0,제 75 기,0.0,14,KRW,
20250319000665,11011,2024,00164779,BS,재무상태표,ifrs-full_OtherCurrentAssets,기타유동자산,-,제 77 기,1393744000000.0,제 76 기,925502000000.0,제 75 기,1186544000000.0,15,KRW,
20250319000665,11011,2024,00164779,BS,재무상태표,ifrs-full_OtherCurrentFinancialAssets,기타금융자산,-,제 77 기,45309000000.0,제 76 기,83750000000.0,제 75 기,0.0,16,KRW,
20250319000665,11011,2024,00164779,BS,재무상태표,ifrs-full_OtherCurrentReceivables,기타수취채권,-,제 77 기,293061000000.0,제 76 기,357641000000.0,제 75 기,272512000000.0,17,KRW,
20250319000665,11011,2024,00164779,BS,재무상태표,ifrs-full_ShorttermDepositsNotClassifiedAsCashEquivalents,단기금융상품,-,제 77 기,2382010000000.0,제 76 기,472617000000.0,제 75 기,415625000000.0,18,KRW,
20250319000665,11011,2024,00164779,BS,재무상태표,ifrs-full_NoncurrentAssets,비유동자산,-,제 77 기,77576322000000.0,제 76 기,69862065000000.0,제 75 기,75138180000000.0,19,KRW,
20250319000665,11011,2024,00164779,BS,재무상태표,ifrs-full_DeferredTaxAssets,이연법인세자산,-,제 77 기,2811559000000.0,제 76 기,2989472000000.0,제 75 기,657115000000.0,20,KRW,
20250319000665,11011,2024,00164779,BS,재무상태표,ifrs-full_IntangibleAssetsAndGoodwill,무형자산,-,제 77 기,4018847000000.0,제 76 기,3834567000000.0,제 75 기,3512107000000.0,21,KRW,
20250319000665,11011,2024,00164779,BS,재무상태표,ifrs-full_InvestmentAccountedForUsingEquityMethod,관계기업 및 공동기업투자,-,제 77 기,1940663000000.0,제 76 기,1367348000000.0,제 75 기,1352845000000.0,22,KRW,
20250319000665,11011,2024,00164779,BS,재무상태표,ifrs-full_InvestmentProperty,투자부동산,-,제 77 기,200000000.0,제 76 기,211000000.0,제 75 기,223000000.0,23,KRW,
20250319000665,11011,2024,00164779,BS,재무상태표,ifrs-full_NoncurrentInvestmentsOtherThanInvestmentsAccountedForUsingEquityMethod,장기투자자산,-,제 77 기,4041276000000.0,제 76 기,4105704000000.0,제 75 기,5733544000000.0,24,KRW,
20250319000665,11011,2024,00164779,BS,재무상태표,ifrs-full_NoncurrentRecognisedAssetsDefinedBenefitPlan,종업원급여자산,-,제 77 기,1154255000000.0,제 76 기,1404014000000.0,제 75 기,1332253000000.0,25,KRW,
20250319000665,11011,2024,00164779,BS,재무상태표,ifrs-full_OtherNoncurrentAssets,기타비유동자산,-,제 77 기,174142000000.0,제 76 기,217822000000.0,제 75 기,71701000000.0,26,KRW,
20250319000665,11011,2024,00164779,BS,재무상태표,ifrs-full_OtherNoncurrentFinancialAssets,기타금융자산,-,제 77 기,346749000000.0,제 76 기,68217000000.0,제 75 기,115712000000.0,27,KRW,
20250319000665,11011,2024,00164779,BS,재무상태표,ifrs-full_OtherNoncurrentReceivables,기타수취채권,-,제 77 기,444286000000.0,제 76 기,475013000000.0,제 75 기,354167000000.0,28,KRW,
20250319000665,11011,2024,00164779,BS,재무상태표,ifrs-full_PropertyPlantAndEquipment,유형자산,-,제 77 기,60157474000000.0,제 76 기,52704853000000.0,제 75 기,60228528000000.0,29,KRW,
20250319000665,11011,2024,00164779,BS,재무상태표,ifrs-full_RightofuseAssets,사용권자산,-,제 77 기,2486871000000.0,제 76 기,2694844000000.0,제 75 기,1779985000000.0,30,KRW,
20250319000665,11011,2024,00164779,BS,재무상태표,ifrs-full_Equity,자본총계,-,제 77 기,73915704000000.0,제 76 기,53503752000000.0,제 75 기,63290542000000.0,32,KRW,
20250319000665,11011,2024,00164779,BS,재무상태표,ifrs-full_EquityAttributableToOwnersOfParent,지배기업의 소유지분,-,제 77 기,73903394000000.0,제 76 기,53504285000000.0,제 75 기,63266355000000.0,33,KRW,
20250319000665,11011,2024,00164779,BS,재무상태표,dart_CapitalSurplus,자본잉여금,-,제 77 기,4487123000000.0,제 76 기,4372559000000.0,제 75 기,4336170000000.0,34,KRW,
20250319000665,11011,2024,00164779,BS,재무상태표,dart_ElementsOfOtherStockholdersEquity,기타자본,-,제 77 기,-2191549000000.0,제 76 기,-2269294000000.0,제 75 기,-2311409000000.0,35,KRW,
20250319000665,11011,2024,00164779,BS,재무상태표,dart_OtherComprehensiveIncomeLossAccumulatedAmount,기타포괄손익누계액,-,제 77 기,2532107000000.0,제 76 기,1014055000000.0,제 75 기,898682000000.0,36,KRW,
20250319000665,11011,2024,00164779,BS,재무상태표,ifrs-full_IssuedCapital,자본금,-,제 77 기,3657652000000.0,제 76 기,3657652000000.0,제 75 기,3657652000000.0,37,KRW,
20250319000665,11011,2024,00164779,BS,재무상태표,ifrs-full_RetainedEarnings,이익잉여금,-,제 77 기,65418061000000.0,제 76 기,46729313000000.0,제 75 기,56685260000000.0,38,KRW,
20250319000665,11011,2024,00164779,BS,재무상태표,ifrs-full_NoncontrollingInterests,비지배지분,-,제 77 기,12310000000.0,제 76 기,-533000000.0,제 75 기,24187000000.0,39,KRW,
20250319000665,11011,2024,00164779,BS,재무상태표,ifrs-full_EquityAndLiabilities,부채및자본총계,-,제 77 기,119855209000000.0,제 76 기,100330165000000.0,제 75 기,103871512000000.0,40,KRW,
20250319000665,11011,2024,00164779,BS,재무상태표,ifrs-full_CurrentLiabilities,유동부채,-,제 77 기,24965444000000.0,제 76 기,21007810000000.0,제 75 기,19843696000000.0,42,KRW,
20250319000665,11011,2024,00164779,BS,재무상태표,dart_CurrentNontradePayables,기타지급채무,-,제 77 기,3983543000000.0,제 76 기,1688631000000.0,제 75 기,3024648000000.0,43,KRW,
20250319000665,11011,2024,00164779,BS,재무상태표,dart_ShortTermOtherPayables,미지급금,-,제 77 기,6967013000000.0,제 76 기,3293308000000.0,제 75 기,5445335000000.0,44,KRW,
20250319000665,11011,2024,00164779,BS,재무상태표,ifrs-full_CurrentBorrowingsAndCurrentPortionOfNoncurrentBorrowings,차입금,-,제 77 기,5252238000000.0,제 76 기,9857189000000.0,제 75 기,7423247000000.0,45,KRW,
20250319000665,11011,2024,00164779,BS,재무상태표,ifrs-full_CurrentLeaseLiabilities,리스부채,-,제 77 기,588355000000.0,제 76 기,631497000000.0,제 75 기,280873000000.0,46,KRW,
20250319000665,11011,2024,00164779,BS,재무상태표,ifrs-full_CurrentProvisions,충당부채,-,제 77 기,270235000000.0,제 76 기,286517000000.0,제 75 기,251889000000.0,47,KRW,
20250319000665,11011,2024,00164779,BS,재무상태표,ifrs-full_CurrentTaxLiabilities,당기법인세부채,-,제 77 기,3083950000000.0,제 76 기,43890000000.0,제 75 기,696553000000.0,48,KRW,
20250319000665,11011,2024,00164779,BS,재무상태표,ifrs-full_OtherCurrentFinancialLiabilities,기타금융부채,-,제 77 기,1741587000000.0,제 76 기,1478980000000.0,제 75 기,586000000.0,49,KRW,
20250319000665,11011,2024,00164779,BS,재무상태표,ifrs-full_OtherCurrentLiabilities,기타 유동부채,-,제 77 기,801176000000.0,제 76 기,1882261000000.0,제 75 기,534335000000.0,50,KRW,
20250319000665,11011,2024,00164779,BS,재무상태표,ifrs-full_TradeAndOtherCurrentPayablesToTradeSuppliers,매입채무,-,제 77 기,2277347000000.0,제 76 기,1845537000000.0,제 75 기,2186230000000.0,51,KRW,
20250319000665,11011,2024,00164779,BS,재무상태표,ifrs-full_Liabilities,부채총계,-,제 77 기,45939505000000.0,제 76 기,46826413000000.0,제 75 기,40580970000000.0,52,KRW,
20250319000665,11011,2024,00164779,BS,재무상태표,ifrs-full_NoncurrentLiabilities,비유동부채,-,제 77 기,20974061000000.0,제 76 기,25818603000000.0,제 75 기,20737274000000.0,53,KRW,
20250319000665,11011,2024,00164779,BS,재무상태표,dart_NoncurrentNontradePayables,기타지급채무,-,제 77 기,51897000000.0,제 76 기,96567000000.0,제 75 기,28083000000.0,54,KRW,
20250319000665,11011,2024,00164779,BS,재무상태표,ifrs-full_DeferredTaxLiabilities,이연법인세부채,-,제 77 기,217852000000.0,제 76 기,114396000000.0,제 75 기,382477000000.0,55,KRW,
20250319000665,11011,2024,00164779,BS,재무상태표,ifrs-full_LongtermBorrowings,차입금,-,제 77 기,17431495000000.0,제 76 기,19611443000000.0,제 75 기,15571357000000.0,56,KRW,
20250319000665,11011,2024,00164779,BS,재무상태표,ifrs-full_NoncurrentLeaseLiabilities,리스부채,-,제 77 기,2180021000000.0,제 76 기,2398377000000.0,제 75 기,1516208000000.0,57,KRW,
20250319000665,11011,2024,00164779,BS,재무상태표,ifrs-full_NoncurrentProvisions,충당부채,-,제 77 기,0.0,제 76 기,1603000000.0,제 75 기,1404000000.0,58,KRW,
20250319000665,11011,2024,00164779,BS,재무상태표,ifrs-full_NoncurrentRecognisedLiabilitiesDefinedBenefitPlan,확정급여부채,-,제 77 기,68090000000.0,제 76 기,63932000000.0,제 75 기,69952000000.0,59,KRW,
20250319000665,11011,2024,00164779,BS,재무상태표,ifrs-full_OtherNoncurrentFinancialLiabilities,기타금융부채,-,제 77 기,5909000000.0,제 76 기,3247000000.0,제 75 기,4290000000.0,60,KRW,
20250319000665,11011,2024,00164779,BS,재무상태표,ifrs-full_OtherNoncurrentLiabilities,기타비유동부채,-,제 77 기,541770000000.0,제 76 기,385402000000.0,제 75 기,204844000000.0,61,KRW,
20250319000665,11011,2024,00164779,BS,재무상태표,ifrs-full_OtherNoncurrentPayables,장기미지급금,-,제 77 기,477027000000.0,제 76 기,3143636000000.0,제 75 기,2958659000000.0,62,KRW,
20250319000665,11011,2024,00164779,CIS,포괄손익계산서,dart_OperatingIncomeLoss,영업이익(손실),-,제 77 기,23467319000000.0,제 76 기,-7730313000000.0,제 75 기,6809417000000.0,6,KRW,
20250319000665,11011,2024,00164779,CIS,포괄손익계산서,dart_OtherGains,기타영업외수익,-,제 77 기,1476579000000.0,제 76 기,623867000000.0,제 75 기,241371000000.0,7,KRW,
20250319000665,11011,2024,00164779,CIS,포괄손익계산서,dart_OtherLosses,기타영업외비용,-,제 77 기,167388000000.0,제 76 기,735065000000.0,제 75 기,1801919000000.0,8,KRW,
20250319000665,11011,2024,00164779,CIS,포괄손익계산서,dart_TotalSellingGeneralAdministrativeExpenses,판매비와관리비,-,제 77 기,8360827000000.0,제 76 기,7196865000000.0,제 75 기,8818438000000.0,9,KRW,
20250319000665,11011,2024,00164779,CIS,포괄손익계산서,ifrs-full_ComprehensiveIncome,총포괄이익(손실),-,제 77 기,21044422000000.0,제 76 기,-9037496000000.0,제 75 기,2822168000000.0,10,KRW,
20250319000665,11011,2024,00164779,CIS,포괄손익계산서,ifrs-full_ComprehensiveIncomeAttributableToNoncontrollingInterests,비지배지분,-,제 77 기,11299000000.0,제 76 기,-22497000000.0,제 75 기,19744000000.0,12,KRW,
20250319000665,11011,2024,00164779,CIS,포괄손익계산서,ifrs-full_ComprehensiveIncomeAttributableToOwnersOfParent,지배기업의 소유주지분,-,제 77 기,21033123000000.0,제 76 기,-9014999000000.0,제 75 기,2802424000000.0,13,KRW,
20250319000665,11011,2024,00164779,CIS,포괄손익계산서,ifrs-full_CostOfSales,매출원가,-,제 77 기,34364814000000.0,제 76 기,33299167000000.0,제 75 기,28993713000000.0,14,KRW,
20250319000665,11011,2024,00164779,CIS,포괄손익계산서,ifrs-full_BasicEarningsLossPerShare,기본주당이익(손실),-,제 77 기,28732.0,제 76 기,-13244.0,제 75 기,3242.0,16,KRW,
20250319000665,11011,2024,00164779,CIS,포괄손익계산서,ifrs-full_DilutedEarningsLossPerShare,희석주당이익(손실),-,제 77 기,28419.0,제 76 기,-13244.0,제 75 기,3242.0,17,KRW,
20250319000665,11011,2024,00164779,CIS,포괄손익계산서,ifrs-full_FinanceCosts,금융비용,-,제 77 기,5707997000000.0,제 76 기,6093167000000.0,제 75 기,5091553000000.0,18,KRW,
20250319000665,11011,2024,00164779,CIS,포괄손익계산서,ifrs-full_FinanceIncome,금융수익,-,제 77 기,4855082000000.0,제 76 기,2261801000000.0,제 75 기,3714278000000.0,19,KRW,
20250319000665,11011,2024,00164779,CIS,포괄손익계산서,ifrs-full_GrossProfit,매출총이익(손실),-,제 77 기,31828146000000.0,제 76 기,-533448000000.0,제 75 기,15627855000000.0,20,KRW,
20250319000665,11011,2024,00164779,CIS,포괄손익계산서,ifrs-full_IncomeTaxExpenseContinuingOperations,법인세비용(수익),-,제 77 기,4088448000000.0,제 76 기,-2520269000000.0,제 75 기,1761111000000.0,21,KRW,
20250319000665,11011,2024,00164779,CIS,포괄손익계산서,ifrs-full_OtherComprehensiveIncome,법인세차감후 기타포괄손익,-,제 77 기,1247520000000.0,제 76 기,100051000000.0,제 75 기,580499000000.0,22,KRW,
20250319000665,11011,2024,00164779,CIS,포괄손익계산서,ifrs-full_GainsLossesOnCashFlowHedgesNetOfTax,파생상품평가이익(손실),-,제 77 기,637000000.0,제 76 기,-22414000000.0,제 75 기,5725000000.0,24,KRW,
20250319000665,11011,2024,00164779,CIS,포괄손익계산서,ifrs-full_GainsLossesOnExchangeDifferencesOnTranslationNetOfTax,해외사업장환산외환차이,-,제 77 기,1374587000000.0,제 76 기,132561000000.0,제 75 기,154321000000.0,25,KRW,
20250319000665,11011,2024,00164779,CIS,포괄손익계산서,ifrs-full_ShareOfOtherComprehensiveIncomeOfAssociatesAndJointVenturesAccountedForUsingEquityMethodThatWillBeReclassifiedToProfitOrLossNetOfTax,관계기업의 기타포괄손익에 대한 지분,-,제 77 기,145906000000.0,제 76 기,7848000000.0,제 75 기,71000000000.0,26,KRW,
20250319000665,11011,2024,00164779,CIS,포괄손익계산서,ifrs-full_OtherComprehensiveIncomeNetOfTaxGainsLossesOnRemeasurementsOfDefinedBenefitPlans,확정급여제도의 재측정요소,-,제 77 기,-273610000000.0,제 76 기,-17944000000.0,제 75 기,349453000000.0,28,KRW,
20250319000665,11011,2024,00164779,CIS,포괄손익계산서,ifrs-full_ProfitLoss,당기순이익(손실),-,제 77 기,19796902000000.0,제 76 기,-9137547000000.0,제 75 기,2241669000000.0,29,KRW,
20250319000665,11011,2024,00164779,CIS,포괄손익계산서,ifrs-full_ProfitLossAttributableToNoncontrollingInterests,비지배지분,-,제 77 기,8221000000.0,제 76 기,-25119000000.0,제 75 기,12109000000.0,31,KRW,
20250319000665,11011,2024,00164779,CIS,포괄손익계산서,ifrs-full_ProfitLossAttributableToOwnersOfParent,지배기업의 소유주지분,-,제 77 기,19788681000000.0,제 76 기,-9112428000000.0,제 75 기,2229560000000.0,32,KRW,
20250319000665,11011,2024,00164779,CIS,포괄손익계산서,ifrs-full_ProfitLossBeforeTax,법인세비용차감전순이익(손실),-,제 77 기,23885350000000.0,제 76 기,-11657816000000.0,제 75 기,4002780000000.0,33,KRW,
20250319000665,11011,2024,00164779,CIS,포괄손익계산서,ifrs-full_Revenue,매출액,-,제 77 기,66192960000000.0,제 76 기,32765719000000.0,제 75 기,44621568000000.0,34,KRW,
20250319000665,11011,2024,00164779,CIS,포괄손익계산서,ifrs-full_ShareOfProfitLossOfAssociatesAndJointVenturesAccountedForUsingEquityMethod,지분법투자 관련 손익,-,제 77 기,-38245000000.0,제 76 기,15061000000.0,제 75 기,131186000000.0,35,KRW,
20250319000665,11011,2024,00164779,CF,현금흐름표,dart_CashAndCashEquivalentsAtBeginningOfPeriodCf,기초현금및현금성자산,-,제 77 기,7587329000000.0,제 76 기,4977007000000.0,제 75 기,5057982000000.0,2,KRW,
20250319000665,11011,2024,00164779,CF,현금흐름표,dart_CashAndCashEquivalentsAtEndOfPeriodCf,기말현금및현금성자산,-,제 77 기,11205117000000.0,제 76 기,7587329000000.0,제 75 기,4977007000000.0,3,KRW,
20250319000665,11011,2024,00164779,CF,현금흐름표,ifrs-full_CashFlowsFromUsedInFinancingActivities,재무활동 현금흐름,-,제 77 기,-8703940000000.0,제 76 기,5696845000000.0,제 75 기,2821796000000.0,8,KRW,
20250319000665,11011,2024,00164779,CF,현금흐름표,dart_DispositionOfTreasuryShares,자기주식의 처분,-,제 77 기,93829000000.0,제 76 기,24519000000.0,제 75 기,11653000000.0,9,KRW,
20250319000665,11011,2024,00164779,CF,현금흐름표,dart_ProceedsFromExerciseOfShareOptions,주식선택권의 행사,-,제 77 기,0.0,제 76 기,53000000.0,제 75 기,17000000.0,10,KRW,
20250319000665,11011,2024,00164779,CF,현금흐름표,-표준계정코드 미사용-,종속기업 유상증자 및 소유지분변동,-,제 77 기,6032000000.0,제 76 기,-9220000000.0,제 75 기,0.0,11,KRW,
20250319000665,11011,2024,00164779,CF,현금흐름표,ifrs-full_DividendsPaidClassifiedAsFinancingActivities,배당금의 지급,-,제 77 기,826323000000.0,제 76 기,825575000000.0,제 75 기,1680905000000.0,12,KRW,
20250319000665,11011,2024,00164779,CF,현금흐름표,ifrs-full_PaymentsOfLeaseLiabilitiesClassifiedAsFinancingActivities,리스부채의 상환,-,제 77 기,601821000000.0,제 76 기,461466000000.0,제 75 기,301858000000.0,13,KRW,
20250319000665,11011,2024,00164779,CF,현금흐름표,ifrs-full_ProceedsFromBorrowingsClassifiedAsFinancingActivities,차입금의 차입,-,제 77 기,8717964000000.0,제 76 기,20657967000000.0,제 75 기,11917454000000.0,14,KRW,
20250319000665,11011,2024,00164779,CF,현금흐름표,ifrs-full_RepaymentsOfBorrowingsClassifiedAsFinancingActivities,차입금의 상환,-,제 77 기,16093621000000.0,제 76 기,13689433000000.0,제 75 기,7124565000000.0,15,KRW,
20250319000665,11011,2024,00164779,CF,현금흐름표,ifrs-full_CashFlowsFromUsedInInvestingActivities,투자활동 현금흐름,-,제 77 기,-18004637000000.0,제 76 기,-7334727000000.0,제 75 기,-17883746000000.0,16,KRW,
20250319000665,11011,2024,00164779,CF,현금흐름표,dart_ProceedsFromSalesOfLoansAndReceivables,기타수취채권의 감소,-,제 77 기,38222000000.0,제 76 기,47564000000.0,제 75 기,39051000000.0,17,KRW,
20250319000665,11011,2024,00164779,CF,현금흐름표,dart_ProceedsFromSalesOfNonCurrentAssetsOrDisposalGroupsClassifiedAsHeldForSale,매각예정자산의 처분,-,제 77 기,145355000000.0,제 76 기,0.0,제 75 기,0.0,18,KRW,
20250319000665,11011,2024,00164779,CF,현금흐름표,dart_ProceedsFromSalesOfOtherFinancialAssets,기타금융자산의 감소,-,제 77 기,57000000.0,제 76 기,577000000.0,제 75 기,29950000000.0,19,KRW,
20250319000665,11011,2024,00164779,CF,현금흐름표,dart_ProceedsFromSalesOfShortTermFinancialInstruments,단기금융상품의 감소,-,제 77 기,1499026000000.0,제 76 기,1409187000000.0,제 75 기,2022053000000.0,20,KRW,
20250319000665,11011,2024,00164779,CF,현금흐름표,dart_PurchaseOfLoansAndReceivables,기타수취채권의 증가,-,제 77 기,47704000000.0,제 76 기,251498000000.0,제 75 기,72248000000.0,21,KRW,
20250319000665,11011,2024,00164779,CF,현금흐름표,dart_PurchaseOfOtherFinancialAssets,기타금융자산의 증가,-,제 77 기,109646000000.0,제 76 기,5358000000.0,제 75 기,600000000.0,22,KRW,
20250319000665,11011,2024,00164779,CF,현금흐름표,dart_PurchaseOfShortTermFinancialInstruments,단기금융상품의 증가,-,제 77 기,3370863000000.0,제 76 기,1469396000000.0,제 75 기,1966360000000.0,23,KRW,
20250319000665,11011,2024,00164779,CF,현금흐름표,-표준계정코드 미사용-,사업결합으로 인한 순현금유출,-,제 77 기,0.0,제 76 기,0.0,제 75 기,1027663000000.0,24,KRW,
20250319000665,11011,2024,00164779,CF,현금흐름표,-표준계정코드 미사용-,장기투자자산의 처분,-,제 77 기,2373000000.0,제 76 기,18279000000.0,제 75 기,4306000000.0,25,KRW,
20250319000665,11011,2024,00164779,CF,현금흐름표,-표준계정코드 미사용-,장기투자자산의 취득,-,제 77 기,19460000000.0,제 76 기,30537000000.0,제 75 기,115537000000.0,26,KRW,
20250319000665,11011,2024,00164779,CF,현금흐름표,ifrs-full_CashFlowsFromUsedInDecreaseIncreaseInShorttermDepositsAndInvestments,단기투자자산의 순증감,-,제 77 기,457163000000.0,제 76 기,199912000000.0,제 75 기,2195111000000.0,27,KRW,
20250319000665,11011,2024,00164779,CF,현금흐름표,ifrs-full_ProceedsFromSalesOfIntangibleAssetsClassifiedAsInvestingActivities,무형자산의 처분,-,제 77 기,19703000000.0,제 76 기,484000000.0,제 75 기,1018000000.0,28,KRW,
20250319000665,11011,2024,00164779,CF,현금흐름표,ifrs-full_ProceedsFromSalesOfInvestmentProperty,투자부동산의 처분,-,제 77 기,0.0,제 76 기,0.0,제 75 기,263211000000.0,29,KRW,
20250319000665,11011,2024,00164779,CF,현금흐름표,ifrs-full_ProceedsFromSalesOfInvestmentsAccountedForUsingEquityMethod,관계기업투자의 처분,-,제 77 기,22510000000.0,제 76 기,8847000000.0,제 75 기,209843000000.0,30,KRW,
20250319000665,11011,2024,00164779,CF,현금흐름표,ifrs-full_ProceedsFromSalesOfPropertyPlantAndEquipmentClassifiedAsInvestingActivities,유형자산의 처분,-,제 77 기,47126000000.0,제 76 기,1539825000000.0,제 75 기,323718000000.0,31,KRW,
20250319000665,11011,2024,00164779,CF,현금흐름표,ifrs-full_PurchaseOfIntangibleAssetsClassifiedAsInvestingActivities,무형자산의 취득,-,제 77 기,717106000000.0,제 76 기,454710000000.0,제 75 기,738621000000.0,32,KRW,
20250319000665,11011,2024,00164779,CF,현금흐름표,ifrs-full_PurchaseOfInterestsInInvestmentsAccountedForUsingEquityMethod,관계기업투자의 취득,-,제 77 기,25859000000.0,제 76 기,22765000000.0,제 75 기,40717000000.0,33,KRW,
20250319000665,11011,2024,00164779,CF,현금흐름표,ifrs-full_PurchaseOfPropertyPlantAndEquipmentClassifiedAsInvestingActivities,유형자산의 취득,-,제 77 기,15945534000000.0,제 76 기,8325138000000.0,제 75 기,19010261000000.0,34,KRW,
20250319000665,11011,2024,00164779,CF,현금흐름표,ifrs-full_CashFlowsFromUsedInOperatingActivities,영업활동 현금흐름,-,제 77 기,29795885000000.0,제 76 기,4278191000000.0,제 75 기,14780517000000.0,35,KRW,
20250319000665,11011,2024,00164779,CF,현금흐름표,ifrs-full_CashFlowsFromUsedInOperations,영업으로부터 창출된 현금,-,제 77 기,31250846000000.0,제 76 기,6688866000000.0,제 75 기,19083888000000.0,36,KRW,
20250319000665,11011,2024,00164779,CF,현금흐름표,ifrs-full_DividendsReceivedClassifiedAsOperatingActivities,배당금의 수취,-,제 77 기,50731000000.0,제 76 기,35935000000.0,제 75 기,93067000000.0,37,KRW,
20250319000665,11011,2024,00164779,CF,현금흐름표,ifrs-full_IncomeTaxesPaidRefundClassifiedAsOperatingActivities,법인세의 납부,-,제 77 기,552088000000.0,제 76 기,1383942000000.0,제 75 기,3979355000000.0,38,KRW,
20250319000665,11011,2024,00164779,CF,현금흐름표,ifrs-full_InterestPaidClassifiedAsOperatingActivities,이자의 지급,-,제 77 기,1276564000000.0,제 76 기,1261540000000.0,제 75 기,494513000000.0,39,KRW,
20250319000665,11011,2024,00164779,CF,현금흐름표,ifrs-full_InterestReceivedClassifiedAsOperatingActivities,이자의 수취,-,제 77 기,322960000000.0,제 76 기,198872000000.0,제 75 기,77430000000.0,40,KRW,
20250319000665,11011,2024,00164779,CF,현금흐름표,ifrs-full_EffectOfExchangeRateChangesOnCashAndCashEquivalents,현금및현금성자산의 환율변동효과,-,제 77 기,530480000000.0,제 76 기,-29987000000.0,제 75 기,200458000000.0,41,KRW,
20250319000665,11011,2024,00164779,CF,현금흐름표,ifrs-full_IncreaseDecreaseInCashAndCashEquivalents,현금및현금성자산의 순증감,-,제 77 기,3617788000000.0,제 76 기,2610322000000.0,제 75 기,-80975000000.0,42,KRW,
20250319000665,11011,2024,00164779,SCE,자본변동표,dart_EquityAtBeginningOfPeriod,기초자본,연결재무제표 [member],제 77 기,53503752000000.0,제 76 기,63290542000000.0,제 75 기,62191058000000.0,3,KRW,
20250319000665,11011,2024,00164779,SCE,자본변동표,dart_EquityAtBeginningOfPeriod,기초자본,자본 [구성요소]|비지배지분 [구성요소],제 77 기,-533000000.0,제 76 기,24187000000.0,제 75 기,33986000000.0,3,KRW,
20250319000665,11011,2024,00164779,SCE,자본변동표,dart_EquityAtBeginningOfPeriod,기초자본,자본 [구성요소]|지배기업의 소유주에게 귀속되는 지분 [구성요소],제 77 기,53504285000000.0,제 76 기,63266355000000.0,제 75 기,62157072000000.0,3,KRW,
20250319000665,11011,2024,00164779,SCE,자본변동표,dart_EquityAtBeginningOfPeriod,기초자본,자본 [구성요소]|지배기업의 소유주에게 귀속되는 지분 [구성요소]|기타자본구성요소 [구성요소],제 77 기,-2269294000000.0,제 76 기,-2311409000000.0,제 75 기,-2294562000000.0,3,KRW,
20250319000665,11011,2024,00164779,SCE,자본변동표,dart_EquityAtBeginningOfPeriod,기초자본,자본 [구성요소]|지배기업의 소유주에게 귀속되는 지분 [구성요소]|기타포괄손익누계액 [구성요소],제 77 기,1014055000000.0,제 76 기,898682000000.0,제 75 기,675271000000.0,3,KRW,
20250319000665,11011,2024,00164779,SCE,자본변동표,dart_EquityAtBeginningOfPeriod,기초자본,자본 [구성요소]|지배기업의 소유주에게 귀속되는 지분 [구성요소]|이익잉여금 [구성요소],제 77 기,46729313000000.0,제 76 기,56685260000000.0,제 75 기,55784068000000.0,3,KRW,
20250319000665,11011,2024,00164779,SCE,자본변동표,dart_EquityAtBeginningOfPeriod,기초자본,자본 [구성요소]|지배기업의 소유주에게 귀속되는 지분 [구성요소]|자본금 [구성요소],제 77 기,3657652000000.0,제 76 기,3657652000000.0,제 75 기,3657652000000.0,3,KRW,
20250319000665,11011,2024,00164779,SCE,자본변동표,dart_EquityAtBeginningOfPeriod,기초자본,자본 [구성요소]|지배기업의 소유주에게 귀속되는 지분 [구성요소]|자본잉여금 [구성요소],제 77 기,4372559000000.0,제 76 기,4336170000000.0,제 75 기,4334643000000.0,3,KRW,
20250319000665,11011,2024,00164779,SCE,자본변동표,ifrs-full_ComprehensiveIncome,총포괄이익(손실),연결재무제표 [member],제 77 기,21044422000000.0,제 76 기,-9037496000000.0,제 75 기,2822168000000.0,4,KRW,
20250319000665,11011,2024,00164779,SCE,자본변동표,ifrs-full_ComprehensiveIncome,총포괄이익(손실),자본 [구성요소]|비지배지분 [구성요소],제 77 기,11299000000.0,제 76 기,-22497000000.0,제 75 기,19744000000.0,4,KRW,
20250319000665,11011,2024,00164779,SCE,자본변동표,ifrs-full_ComprehensiveIncome,총포괄이익(손실),자본 [구성요소]|지배기업의 소유주에게 귀속되는 지분 [구성요소],제 77 기,21033123000000.0,제 76 기,-9014999000000.0,제 75 기,2802424000000.0,4,KRW,
20250319000665,11011,2024,00164779,SCE,자본변동표,ifrs-full_ComprehensiveIncome,총포괄이익(손실),자본 [구성요소]|지배기업의 소유주에게 귀속되는 지분 [구성요소]|기타자본구성요소 [구성요소],제 77 기,0.0,제 76 기,0.0,제 75 기,0.0,4,KRW,
20250319000665,11011,2024,00164779,SCE,자본변동표,ifrs-full_ComprehensiveIncome,총포괄이익(손실),자본 [구성요소]|지배기업의 소유주에게 귀속되는 지분 [구성요소]|기타포괄손익누계액 [구성요소],제 77 기,1518052000000.0,제 76 기,115373000000.0,제 75 기,223411000000.0,4,KRW,
20250319000665,11011,2024,00164779,SCE,자본변동표,ifrs-full_ComprehensiveIncome,총포괄이익(손실),자본 [구성요소]|지배기업의 소유주에게 귀속되는 지분 [구성요소]|이익잉여금 [구성요소],제 77 기,19515071000000.0,제 76 기,-9130372000000.0,제 75 기,2579013000000.0,4,KRW,
20250319000665,11011,2024,00164779,SCE,자본변동표,ifrs-full_ComprehensiveIncome,총포괄이익(손실),자본 [구성요소]|지배기업의 소유주에게 귀속되는 지분 [구성요소]|자본금 [구성요소],제 77 기,0.0,제 76 기,0.0,제 75 기,0.0,4,KRW,
20250319000665,11011,2024,00164779,SCE,자본변동표,ifrs-full_ComprehensiveIncome,총포괄이익(손실),자본 [구성요소]|지배기업의 소유주에게 귀속되는 지분 [구성요소]|자본잉여금 [구성요소],제 77 기,0.0,제 76 기,0.0,제 75 기,0.0,4,KRW,
20250319000665,11011,2024,00164779,SCE,자본변동표,ifrs-full_GainsLossesOnCashFlowHedgesNetOfTax,파생상품평가이익(손실),연결재무제표 [member],제 77 기,637000000.0,제 76 기,-22414000000.0,제 75 기,5725000000.0,5,KRW,
20250319000665,11011,2024,00164779,SCE,자본변동표,ifrs-full_GainsLossesOnCashFlowHedgesNetOfTax,파생상품평가이익(손실),자본 [구성요소]|비지배지분 [구성요소],제 77 기,0.0,제 76 기,0.0,제 75 기,0.0,5,KRW,
20250319000665,11011,2024,00164779,SCE,자본변동표,ifrs-full_GainsLossesOnCashFlowHedgesNetOfTax,파생상품평가이익(손실),자본 [구성요소]|지배기업의 소유주에게 귀속되는 지분 [구성요소],제 77 기,637000000.0,제 76 기,-22414000000.0,제 75 기,5725000000.0,5,KRW,
20250319000665,11011,2024,00164779,SCE,자본변동표,ifrs-full_GainsLossesOnCashFlowHedgesNetOfTax,파생상품평가이익(손실),자본 [구성요소]|지배기업의 소유주에게 귀속되는 지분 [구성요소]|기타자본구성요소 [구성요소],제 77 기,0.0,제 76 기,0.0,제 75 기,0.0,5,KRW,
20250319000665,11011,2024,00164779,SCE,자본변동표,ifrs-full_GainsLossesOnCashFlowHedgesNetOfTax,파생상품평가이익(손실),자본 [구성요소]|지배기업의 소유주에게 귀속되는 지분 [구성요소]|기타포괄손익누계액 [구성요소],제 77 기,637000000.0,제 76 기,-22414000000.0,제 75 기,5725000000.0,5,KRW,
20250319000665,11011,2024,00164779,SCE,자본변동표,ifrs-full_GainsLossesOnCashFlowHedgesNetOfTax,파생상품평가이익(손실),자본 [구성요소]|지배기업의 소유주에게 귀속되는 지분 [구성요소]|이익잉여금 [구성요소],제 77 기,0.0,제 76 기,0.0,제 75 기,0.0,5,KRW,
20250319000665,11011,2024,00164779,SCE,자본변동표,ifrs-full_GainsLossesOnCashFlowHedgesNetOfTax,파생상품평가이익(손실),자본 [구성요소]|지배기업의 소유주에게 귀속되는 지분 [구성요소]|자본금 [구성요소],제 77 기,0.0,제 76 기,0.0,제 75 기,0.0,5,KRW,
20250319000665,11011,2024,00164779,SCE,자본변동표,ifrs-full_GainsLossesOnCashFlowHedgesNetOfTax,파생상품평가이익(손실),자본 [구성요소]|지배기업의 소유주에게 귀속되는 지분 [구성요소]|자본잉여금 [구성요소],제 77 기,0.0,제 76 기,0.0,제 75 기,0.0,5,KRW,
20250319000665,11011,2024,00164779,SCE,자본변동표,ifrs-full_GainsLossesOnExchangeDifferencesOnTranslationNetOfTax,해외사업장환산외환차이,연결재무제표 [member],제 77 기,1374587000000.0,제 76 기,132561000000.0,제 75 기,154321000000.0,6,KRW,
20250319000665,11011,2024,00164779,SCE,자본변동표,ifrs-full_GainsLossesOnExchangeDifferencesOnTranslationNetOfTax,해외사업장환산외환차이,자본 [구성요소]|비지배지분 [구성요소],제 77 기,3078000000.0,제 76 기,2622000000.0,제 75 기,7635000000.0,6,KRW,
20250319000665,11011,2024,00164779,SCE,자본변동표,ifrs-full_GainsLossesOnExchangeDifferencesOnTranslationNetOfTax,해외사업장환산외환차이,자본 [구성요소]|지배기업의 소유주에게 귀속되는 지분 [구성요소],제 77 기,1371509000000.0,제 76 기,129939000000.0,제 75 기,146686000000.0,6,KRW,
20250319000665,11011,2024,00164779,SCE,자본변동표,ifrs-full_GainsLossesOnExchangeDifferencesOnTranslationNetOfTax,해외사업장환산외환차이,자본 [구성요소]|지배기업의 소유주에게 귀속되는 지분 [구성요소]|기타자본구성요소 [구성요소],제 77 기,0.0,제 76 기,0.0,제 75 기,0.0,6,KRW,
20250319000665,11011,2024,00164779,SCE,자본변동표,ifrs-full_GainsLossesOnExchangeDifferencesOnTranslationNetOfTax,해외사업장환산외환차이,자본 [구성요소]|지배기업의 소유주에게 귀속되는 지분 [구성요소]|기타포괄손익누계액 [구성요소],제 77 기,1371509000000.0,제 76 기,129939000000.0,제 75 기,146686000000.0,6,KRW,
20250319000665,11011,2024,00164779,SCE,자본변동표,ifrs-full_GainsLossesOnExchangeDifferencesOnTranslationNetOfTax,해외사업장환산외환차이,자본 [구성요소]|지배기업의 소유주에게 귀속되는 지분 [구성요소]|이익잉여금 [구성요소],제 77 기,0.0,제 76 기,0.0,제 75 기,0.0,6,KRW,
20250319000665,11011,2024,00164779,SCE,자본변동표,ifrs-full_GainsLossesOnExchangeDifferencesOnTranslationNetOfTax,해외사업장환산외환차이,자본 [구성요소]|지배기업의 소유주에게 귀속되는 지분 [구성요소]|자본금 [구성요소],제 77 기,0.0,제 76 기,0.0,제 75 기,0.0,6,KRW,
20250319000665,11011,2024,00164779,SCE,자본변동표,ifrs-full_GainsLossesOnExchangeDifferencesOnTranslationNetOfTax,해외사업장환산외환차이,자본 [구성요소]|지배기업의 소유주에게 귀속되는 지분 [구성요소]|자본잉여금 [구성요소],제 77 기,0.0,제 76 기,0.0,제 75 기,0.0,6,KRW,
20250319000665,11011,2024,00164779,SCE,자본변동표,ifrs-full_OtherComprehensiveIncomeNetOfTaxGainsLossesOnRemeasurementsOfDefinedBenefitPlans,확정급여제도의 재측정요소,연결재무제표 [member],제 77 기,-273610000000.0,제 76 기,-17944000000.0,제 75 기,349453000000.0,7,KRW,
20250319000665,11011,2024,00164779,SCE,자본변동표,ifrs-full_OtherComprehensiveIncomeNetOfTaxGainsLossesOnRemeasurementsOfDefinedBenefitPlans,확정급여제도의 재측정요소,자본 [구성요소]|비지배지분 [구성요소],제 77 기,0.0,제 76 기,0.0,제 75 기,0.0,7,KRW,
20250319000665,11011,2024,00164779,SCE,자본변동표,ifrs-full_OtherComprehensiveIncomeNetOfTaxGainsLossesOnRemeasurementsOfDefinedBenefitPlans,확정급여제도의 재측정요소,자본 [구성요소]|지배기업의 소유주에게 귀속되는 지분 [구성요소],제 77 기,-273610000000.0,제 76 기,-17944000000.0,제 75 기,349453000000.0,7,KRW,
20250319000665,11011,2024,00164779,SCE,자본변동표,ifrs-full_OtherComprehensiveIncomeNetOfTaxGainsLossesOnRemeasurementsOfDefinedBenefitPlans,확정급여제도의 재측정요소,자본 [구성요소]|지배기업의 소유주에게 귀속되는 지분 [구성요소]|기타자본구성요소 [구성요소],제 77 기,0.0,제 76 기,0.0,제 75 기,0.0,7,KRW,
20250319000665,11011,2024,00164779,SCE,자본변동표,ifrs-full_OtherComprehensiveIncomeNetOfTaxGainsLossesOnRemeasurementsOfDefinedBenefitPlans,확정급여제도의 재측정요소,자본 [구성요소]|지배기업의 소유주에게 귀속되는 지분 [구성요소]|기타포괄손익누계액 [구성요소],제 77 기,0.0,제 76 기,0.0,제 75 기,0.0,7,KRW,
20250319000665,11011,2024,00164779,SCE,자본변동표,ifrs-full_OtherComprehensiveIncomeNetOfTaxGainsLossesOnRemeasurementsOfDefinedBenefitPlans,확정급여제도의 재측정요소,자본 [구성요소]|지배기업의 소유주에게 귀속되는 지분 [구성요소]|이익잉여금 [구성요소],제 77 기,-273610000000.0,제 76 기,-17944000000.0,제 75 기,349453000000.0,7,KRW,
20250319000665,11011,2024,00164779,SCE,자본변동표,ifrs-full_OtherComprehensiveIncomeNetOfTaxGainsLossesOnRemeasurementsOfDefinedBenefitPlans,확정급여제도의 재측정요소,자본 [구성요소]|지배기업의 소유주에게 귀속되는 지분 [구성요소]|자본금 [구성요소],제 77 기,0.0,제 76 기,0.0,제 75 기,0.0,7,KRW,
20250319000665,11011,2024,00164779,SCE,자본변동표,ifrs-full_OtherComprehensiveIncomeNetOfTaxGainsLossesOnRemeasurementsOfDefinedBenefitPlans,확정급여제도의 재측정요소,자본 [구성요소]|지배기업의 소유주에게 귀속되는 지분 [구성요소]|자본잉여금 [구성요소],제 77 기,0.0,제 76 기,0.0,제 75 기,0.0,7,KRW,
20250319000665,11011,2024,00164779,SCE,자본변동표,ifrs-full_ProfitLoss,당기순이익(손실),연결재무제표 [member],제 77 기,19796902000000.0,제 76 기,-9137547000000.0,제 75 기,2241669000000.0,8,KRW,
20250319000665,11011,2024,00164779,SCE,자본변동표,ifrs-full_ProfitLoss,당기순이익(손실),자본 [구성요소]|비지배지분 [구성요소],제 77 기,8221000000.0,제 76 기,-25119000000.0,제 75 기,12109000000.0,8,KRW,
20250319000665,11011,2024,00164779,SCE,자본변동표,ifrs-full_ProfitLoss,당기순이익(손실),자본 [구성요소]|지배기업의 소유주에게 귀속되는 지분 [구성요소],제 77 기,19788681000000.0,제 76 기,-9112428000000.0,제 75 기,2229560000000.0,8,KRW,
20250319000665,11011,2024,00164779,SCE,자본변동표,ifrs-full_ProfitLoss,당기순이익(손실),자본 [구성요소]|지배기업의 소유주에게 귀속되는 지분 [구성요소]|기타자본구성요소 [구성요소],제 77 기,0.0,제 76 기,0.0,제 75 기,0.0,8,KRW,
20250319000665,11011,2024,00164779,SCE,자본변동표,ifrs-full_ProfitLoss,당기순이익(손실),자본 [구성요소]|지배기업의 소유주에게 귀속되는 지분 [구성요소]|기타포괄손익누계액 [구성요소],제 77 기,0.0,제 76 기,0.0,제 75 기,0.0,8,KRW,
20250319000665,11011,2024,00164779,SCE,자본변동표,ifrs-full_ProfitLoss,당기순이익(손실),자본 [구성요소]|지배기업의 소유주에게 귀속되는 지분 [구성요소]|이익잉여금 [구성요소],제 77 기,19788681000000.0,제 76 기,-9112428000000.0,제 75 기,2229560000000.0,8,KRW,
20250319000665,11011,2024,00164779,SCE,자본변동표,ifrs-full_ProfitLoss,당기순이익(손실),자본 [구성요소]|지배기업의 소유주에게 귀속되는 지분 [구성요소]|자본금 [구성요소],제 77 기,0.0,제 76 기,0.0,제 75 기,0.0,8,KRW,
20250319000665,11011,2024,00164779,SCE,자본변동표,ifrs-full_ProfitLoss,당기순이익(손실),자본 [구성요소]|지배기업의 소유주에게 귀속되는 지분 [구성요소]|자본잉여금 [구성요소],제 77 기,0.0,제 76 기,0.0,제 75 기,0.0,8,KRW,
20250319000665,11011,2024,00164779,SCE,자본변동표,ifrs-full_ShareOfOtherComprehensiveIncomeOfAssociatesAndJointVenturesAccountedForUsingEquityMethodThatWillBeReclassifiedToProfitOrLossNetOfTax,관계기업의 기타포괄손익에 대한 지분,연결재무제표 [member],제 77 기,145906000000.0,제 76 기,7848000000.0,제 75 기,71000000000.0,9,KRW,
20250319000665,11011,2024,00164779,SCE,자본변동표,ifrs-full_ShareOfOtherComprehensiveIncomeOfAssociatesAndJointVenturesAccountedForUsingEquityMethodThatWillBeReclassifiedToProfitOrLossNetOfTax,관계기업의 기타포괄손익에 대한 지분,자본 [구성요소]|비지배지분 [구성요소],제 77 기,0.0,제 76 기,0.0,제 75 기,0.0,9,KRW,
20250319000665,11011,2024,00164779,SCE,자본변동표,ifrs-full_ShareOfOtherComprehensiveIncomeOfAssociatesAndJointVenturesAccountedForUsingEquityMethodThatWillBeReclassifiedToProfitOrLossNetOfTax,관계기업의 기타포괄손익에 대한 지분,자본 [구성요소]|지배기업의 소유주에게 귀속되는 지분 [구성요소],제 77 기,145906000000.0,제 76 기,7848000000.0,제 75 기,71000000000.0,9,KRW,
20250319000665,11011,2024,00164779,SCE,자본변동표,ifrs-full_ShareOfOtherComprehensiveIncomeOfAssociatesAndJointVenturesAccountedForUsingEquityMethodThatWillBeReclassifiedToProfitOrLossNetOfTax,관계기업의 기타포괄손익에 대한 지분,자본 [구성요소]|지배기업의 소유주에게 귀속되는 지분 [구성요소]|기타자본구성요소 [구성요소],제 77 기,0.0,제 76 기,0.0,제 75 기,0.0,9,KRW,
20250319000665,11011,2024,00164779,SCE,자본변동표,ifrs-full_ShareOfOtherComprehensiveIncomeOfAssociatesAndJointVenturesAccountedForUsingEquityMethodThatWillBeReclassifiedToProfitOrLossNetOfTax,관계기업의 기타포괄손익에 대한 지분,자본 [구성요소]|지배기업의 소유주에게 귀속되는 지분 [구성요소]|기타포괄손익누계액 [구성요소],제 77 기,145906000000.0,제 76 기,7848000000.0,제 75 기,71000000000.0,9,KRW,
20250319000665,11011,2024,00164779,SCE,자본변동표,ifrs-full_ShareOfOtherComprehensiveIncomeOfAssociatesAndJointVenturesAccountedForUsingEquityMethodThatWillBeReclassifiedToProfitOrLossNetOfTax,관계기업의 기타포괄손익에 대한 지분,자본 [구성요소]|지배기업의 소유주에게 귀속되는 지분 [구성요소]|이익잉여금 [구성요소],제 77 기,0.0,제 76 기,0.0,제 75 기,0.0,9,KRW,
20250319000665,11011,2024,00164779,SCE,자본변동표,ifrs-full_ShareOfOtherComprehensiveIncomeOfAssociatesAndJointVenturesAccountedForUsingEquityMethodThatWillBeReclassifiedToProfitOrLossNetOfTax,관계기업의 기타포괄손익에 대한 지분,자본 [구성요소]|지배기업의 소유주에게 귀속되는 지분 [구성요소]|자본금 [구성요소],제 77 기,0.0,제 76 기,0.0,제 75 기,0.0,9,KRW,
20250319000665,11011,2024,00164779,SCE,자본변동표,ifrs-full_ShareOfOtherComprehensiveIncomeOfAssociatesAndJointVenturesAccountedForUsingEquityMethodThatWillBeReclassifiedToProfitOrLossNetOfTax,관계기업의 기타포괄손익에 대한 지분,자본 [구성요소]|지배기업의 소유주에게 귀속되는 지분 [구성요소]|자본잉여금 [구성요소],제 77 기,0.0,제 76 기,0.0,제 75 기,0.0,9,KRW,
20250319000665,11011,2024,00164779,SCE,자본변동표,ifrs-full_Equity,자본총계,연결재무제표 [member],제 77 기,73915704000000.0,제 76 기,53503752000000.0,제 75 기,63290542000000.0,10,KRW,
20250319000665,11011,2024,00164779,SCE,자본변동표,ifrs-full_Equity,자본총계,자본 [구성요소]|비지배지분 [구성요소],제 77 기,12310000000.0,제 76 기,-533000000.0,제 75 기,24187000000.0,10,KRW,
20250319000665,11011,2024,00164779,SCE,자본변동표,ifrs-full_Equity,자본총계,자본 [구성요소]|지배기업의 소유주에게 귀속되는 지분 [구성요소],제 77 기,73903394000000.0,제 76 기,53504285000000.0,제 75 기,63266355000000.0,10,KRW,
20250319000665,11011,2024,00164779,SCE,자본변동표,ifrs-full_Equity,자본총계,자본 [구성요소]|지배기업의 소유주에게 귀속되는 지분 [구성요소]|기타자본구성요소 [구성요소],제 77 기,-2191549000000.0,제 76 기,-2269294000000.0,제 75 기,-2311409000000.0,10,KRW,
20250319000665,11011,2024,00164779,SCE,자본변동표,ifrs-full_Equity,자본총계,자본 [구성요소]|지배기업의 소유주에게 귀속되는 지분 [구성요소]|기타포괄손익누계액 [구성요소],제 77 기,2532107000000.0,제 76 기,1014055000000.0,제 75 기,898682000000.0,10,KRW,
20250319000665,11011,2024,00164779,SCE,자본변동표,ifrs-full_Equity,자본총계,자본 [구성요소]|지배기업의 소유주에게 귀속되는 지분 [구성요소]|이익잉여금 [구성요소],제 77 기,65418061000000.0,제 76 기,46729313000000.0,제 75 기,56685260000000.0,10,KRW,
20250319000665,11011,2024,00164779,SCE,자본변동표,ifrs-full_Equity,자본총계,자본 [구성요소]|지배기업의 소유주에게 귀속되는 지분 [구성요소]|자본금 [구성요소],제 77 기,3657652000000.0,제 76 기,3657652000000.0,제 75 기,3657652000000.0,10,KRW,
20250319000665,11011,2024,00164779,SCE,자본변동표,ifrs-full_Equity,자본총계,자본 [구성요소]|지배기업의 소유주에게 귀속되는 지분 [구성요소]|자본잉여금 [구성요소],제 77 기,4487123000000.0,제 76 기,4372559000000.0,제 75 기,4336170000000.0,10,KRW,
20250319000665,11011,2024,00164779,SCE,자본변동표,ifrs-full_IncreaseDecreaseThroughTransactionsWithOwners,자본에 직접 반영된 소유주와의 거래 합계,연결재무제표 [member],제 77 기,-632470000000.0,제 76 기,-749294000000.0,제 75 기,-1722684000000.0,11,KRW,
20250319000665,11011,2024,00164779,SCE,자본변동표,ifrs-full_IncreaseDecreaseThroughTransactionsWithOwners,자본에 직접 반영된 소유주와의 거래 합계,자본 [구성요소]|비지배지분 [구성요소],제 77 기,1544000000.0,제 76 기,-2223000000.0,제 75 기,-29543000000.0,11,KRW,
20250319000665,11011,2024,00164779,SCE,자본변동표,ifrs-full_IncreaseDecreaseThroughTransactionsWithOwners,자본에 직접 반영된 소유주와의 거래 합계,자본 [구성요소]|지배기업의 소유주에게 귀속되는 지분 [구성요소],제 77 기,-634014000000.0,제 76 기,-747071000000.0,제 75 기,-1693141000000.0,11,KRW,
20250319000665,11011,2024,00164779,SCE,자본변동표,ifrs-full_IncreaseDecreaseThroughTransactionsWithOwners,자본에 직접 반영된 소유주와의 거래 합계,자본 [구성요소]|지배기업의 소유주에게 귀속되는 지분 [구성요소]|기타자본구성요소 [구성요소],제 77 기,77745000000.0,제 76 기,42115000000.0,제 75 기,-16847000000.0,11,KRW,
20250319000665,11011,2024,00164779,SCE,자본변동표,ifrs-full_IncreaseDecreaseThroughTransactionsWithOwners,자본에 직접 반영된 소유주와의 거래 합계,자본 [구성요소]|지배기업의 소유주에게 귀속되는 지분 [구성요소]|기타포괄손익누계액 [구성요소],제 77 기,0.0,제 76 기,0.0,제 75 기,0.0,11,KRW,
20250319000665,11011,2024,00164779,SCE,자본변동표,ifrs-full_IncreaseDecreaseThroughTransactionsWithOwners,자본에 직접 반영된 소유주와의 거래 합계,자본 [구성요소]|지배기업의 소유주에게 귀속되는 지분 [구성요소]|이익잉여금 [구성요소],제 77 기,-826323000000.0,제 76 기,-825575000000.0,제 75 기,-1677821000000.0,11,KRW,
20250319000665,11011,2024,00164779,SCE,자본변동표,ifrs-full_IncreaseDecreaseThroughTransactionsWithOwners,자본에 직접 반영된 소유주와의 거래 합계,자본 [구성요소]|지배기업의 소유주에게 귀속되는 지분 [구성요소]|자본금 [구성요소],제 77 기,0.0,제 76 기,0.0,제 75 기,0.0,11,KRW,
20250319000665,11011,2024,00164779,SCE,자본변동표,ifrs-full_IncreaseDecreaseThroughTransactionsWithOwners,자본에 직접 반영된 소유주와의 거래 합계,자본 [구성요소]|지배기업의 소유주에게 귀속되는 지분 [구성요소]|자본잉여금 [구성요소],제 77 기,114564000000.0,제 76 기,36389000000.0,제 75 기,1527000000.0,11,KRW,
20250319000665,11011,2024,00164779,SCE,자본변동표,-표준계정코드 미사용-,주식선택권 조건변경,연결재무제표 [member],제 77 기,0.0,제 76 기,0.0,제 75 기,-25819000000.0,12,KRW,
20250319000665,11011,2024,00164779,SCE,자본변동표,-표준계정코드 미사용-,주식선택권 조건변경,자본 [구성요소]|비지배지분 [구성요소],제 77 기,0.0,제 76 기,0.0,제 75 기,0.0,12,KRW,
20250319000665,11011,2024,00164779,SCE,자본변동표,-표준계정코드 미사용-,주식선택권 조건변경,자본 [구성요소]|지배기업의 소유주에게 귀속되는 지분 [구성요소],제 77 기,0.0,제 76 기,0.0,제 75 기,-25819000000.0,12,KRW,
20250319000665,11011,2024,00164779,SCE,자본변동표,-표준계정코드 미사용-,주식선택권 조건변경,자본 [구성요소]|지배기업의 소유주에게 귀속되는 지분 [구성요소]|기타자본구성요소 [구성요소],제 77 기,0.0,제 76 기,0.0,제 75 기,-25819000000.0,12,KRW,
20250319000665,11011,2024,00164779,SCE,자본변동표,-표준계정코드 미사용-,주식선택권 조건변경,자본 [구성요소]|지배기업의 소유주에게 귀속되는 지분 [구성요소]|기타포괄손익누계액 [구성요소],제 77 기,0.0,제 76 기,0.0,제 75 기,0.0,12,KRW,
20250319000665,11011,2024,00164779,SCE,자본변동표,-표준계정코드 미사용-,주식선택권 조건변경,자본 [구성요소]|지배기업의 소유주에게 귀속되는 지분 [구성요소]|이익잉여금 [구성요소],제 77 기,0.0,제 76 기,0.0,제 75 기,0.0,12,KRW,
20250319000665,11011,2024,00164779,SCE,자본변동표,-표준계정코드 미사용-,주식선택권 조건변경,자본 [구성요소]|지배기업의 소유주에게 귀속되는 지분 [구성요소]|자본금 [구성요소],제 77 기,0.0,제 76 기,0.0,제 75 기,0.0,12,KRW,
20250319000665,11011,2024,00164779,SCE,자본변동표,-표준계정코드 미사용-,주식선택권 조건변경,자본 [구성요소]|지배기업의 소유주에게 귀속되는 지분 [구성요소]|자본잉여금 [구성요소],제 77 기,0.0,제 76 기,0.0,제 75 기,0.0,12,KRW,
20250319000665,11011,2024,00164779,SCE,자본변동표,-표준계정코드 미사용-,비지배지분의 감소,연결재무제표 [member],제 77 기,0.0,제 76 기,0.0,제 75 기,-26459000000.0,13,KRW,
20250319000665,11011,2024,00164779,SCE,자본변동표,-표준계정코드 미사용-,비지배지분의 감소,자본 [구성요소]|비지배지분 [구성요소],제 77 기,0.0,제 76 기,0.0,제 75 기,-26459000000.0,13,KRW,
20250319000665,11011,2024,00164779,SCE,자본변동표,-표준계정코드 미사용-,비지배지분의 감소,자본 [구성요소]|지배기업의 소유주에게 귀속되는 지분 [구성요소],제 77 기,0.0,제 76 기,0.0,제 75 기,0.0,13,KRW,
20250319000665,11011,2024,00164779,SCE,자본변동표,-표준계정코드 미사용-,비지배지분의 감소,자본 [구성요소]|지배기업의 소유주에게 귀속되는 지분 [구성요소]|기타자본구성요소 [구성요소],제 77 기,0.0,제 76 기,0.0,제 75 기,0.0,13,KRW,
20250319000665,11011,2024,00164779,SCE,자본변동표,-표준계정코드 미사용-,비지배지분의 감소,자본 [구성요소]|지배기업의 소유주에게 귀속되는 지분 [구성요소]|기타포괄손익누계액 [구성요소],제 77 기,0.0,제 76 기,0.0,제 75 기,0.0,13,KRW,
20250319000665,11011,2024,00164779,SCE,자본변동표,-표준계정코드 미사용-,비지배지분의 감소,자본 [구성요소]|지배기업의 소유주에게 귀속되는 지분 [구성요소]|이익잉여금 [구성요소],제 77 기,0.0,제 76 기,0.0,제 75 기,0.0,13,KRW,
20250319000665,11011,2024,00164779,SCE,자본변동표,-표준계정코드 미사용-,비지배지분의 감소,자본 [구성요소]|지배기업의 소유주에게 귀속되는 지분 [구성요소]|자본금 [구성요소],제 77 기,0.0,제 76 기,0.0,제 75 기,0.0,13,KRW,
20250319000665,11011,2024,00164779,SCE,자본변동표,-표준계정코드 미사용-,비지배지분의 감소,자본 [구성요소]|지배기업의 소유주에게 귀속되는 지분 [구성요소]|자본잉여금 [구성요소],제 77 기,0.0,제 76 기,0.0,제 75 기,0.0,13,KRW,
20250319000665,11011,2024,00164779,SCE,자본변동표,ifrs-full_DividendsPaid,배당금의 지급,연결재무제표 [member],제 77 기,826323000000.0,제 76 기,825575000000.0,제 75 기,1680905000000.0,14,KRW,
20250319000665,11011,2024,00164779,SCE,자본변동표,ifrs-full_DividendsPaid,배당금의 지급,자본 [구성요소]|비지배지분 [구성요소],제 77 기,0.0,제 76 기,0.0,제 75 기,3084000000.0,14,KRW,
20250319000665,11011,2024,00164779,SCE,자본변동표,ifrs-full_DividendsPaid,배당금의 지급,자본 [구성요소]|지배기업의 소유주에게 귀속되는 지분 [구성요소],제 77 기,826323000000.0,제 76 기,825575000000.0,제 75 기,1677821000000.0,14,KRW,
20250319000665,11011,2024,00164779,SCE,자본변동표,ifrs-full_DividendsPaid,배당금의 지급,자본 [구성요소]|지배기업의 소유주에게 귀속되는 지분 [구성요소]|기타자본구성요소 [구성요소],제 77 기,0.0,제 76 기,0.0,제 75 기,0.0,14,KRW,
20250319000665,11011,2024,00164779,SCE,자본변동표,ifrs-full_DividendsPaid,배당금의 지급,자본 [구성요소]|지배기업의 소유주에게 귀속되는 지분 [구성요소]|기타포괄손익누계액 [구성요소],제 77 기,0.0,제 76 기,0.0,제 75 기,0.0,14,KRW,
20250319000665,11011,2024,00164779,SCE,자본변동표,ifrs-full_DividendsPaid,배당금의 지급,자본 [구성요소]|지배기업의 소유주에게 귀속되는 지분 [구성요소]|이익잉여금 [구성요소],제 77 기,826323000000.0,제 76 기,825575000000.0,제 75 기,1677821000000.0,14,KRW,
20250319000665,11011,2024,00164779,SCE,자본변동표,ifrs-full_DividendsPaid,배당금의 지급,자본 [구성요소]|지배기업의 소유주에게 귀속되는 지분 [구성요소]|자본금 [구성요소],제 77 기,0.0,제 76 기,0.0,제 75 기,0.0,14,KRW,
20250319000665,11011,2024,00164779,SCE,자본변동표,ifrs-full_DividendsPaid,배당금의 지급,자본 [구성요소]|지배기업의 소유주에게 귀속되는 지분 [구성요소]|자본잉여금 [구성요소],제 77 기,0.0,제 76 기,0.0,제 75 기,0.0,14,KRW,
20250319000665,11011,2024,00164779,SCE,자본변동표,ifrs-full_IncreaseDecreaseThroughChangesInOwnershipInterestsInSubsidiariesThatDoNotResultInLossOfControl,종속기업 유상증자 및 소유지분변동,연결재무제표 [member],제 77 기,6032000000.0,제 76 기,-9221000000.0,제 75 기,0.0,15,KRW,
20250319000665,11011,2024,00164779,SCE,자본변동표,ifrs-full_IncreaseDecreaseThroughChangesInOwnershipInterestsInSubsidiariesThatDoNotResultInLossOfControl,종속기업 유상증자 및 소유지분변동,자본 [구성요소]|비지배지분 [구성요소],제 77 기,6032000000.0,제 76 기,-6753000000.0,제 75 기,0.0,15,KRW,
20250319000665,11011,2024,00164779,SCE,자본변동표,ifrs-full_IncreaseDecreaseThroughChangesInOwnershipInterestsInSubsidiariesThatDoNotResultInLossOfControl,종속기업 유상증자 및 소유지분변동,자본 [구성요소]|지배기업의 소유주에게 귀속되는 지분 [구성요소],제 77 기,0.0,제 76 기,-2468000000.0,제 75 기,0.0,15,KRW,
20250319000665,11011,2024,00164779,SCE,자본변동표,ifrs-full_IncreaseDecreaseThroughChangesInOwnershipInterestsInSubsidiariesThatDoNotResultInLossOfControl,종속기업 유상증자 및 소유지분변동,자본 [구성요소]|지배기업의 소유주에게 귀속되는 지분 [구성요소]|기타자본구성요소 [구성요소],제 77 기,0.0,제 76 기,0.0,제 75 기,0.0,15,KRW,
20250319000665,11011,2024,00164779,SCE,자본변동표,ifrs-full_IncreaseDecreaseThroughChangesInOwnershipInterestsInSubsidiariesThatDoNotResultInLossOfControl,종속기업 유상증자 및 소유지분변동,자본 [구성요소]|지배기업의 소유주에게 귀속되는 지분 [구성요소]|기타포괄손익누계액 [구성요소],제 77 기,0.0,제 76 기,0.0,제 75 기,0.0,15,KRW,
20250319000665,11011,2024,00164779,SCE,자본변동표,ifrs-full_IncreaseDecreaseThroughChangesInOwnershipInterestsInSubsidiariesThatDoNotResultInLossOfControl,종속기업 유상증자 및 소유지분변동,자본 [구성요소]|지배기업의 소유주에게 귀속되는 지분 [구성요소]|이익잉여금 [구성요소],제 77 기,0.0,제 76 기,0.0,제 75 기,0.0,15,KRW,
20250319000665,11011,2024,00164779,SCE,자본변동표,ifrs-full_IncreaseDecreaseThroughChangesInOwnershipInterestsInSubsidiariesThatDoNotResultInLossOfControl,종속기업 유상증자 및 소유지분변동,자본 [구성요소]|지배기업의 소유주에게 귀속되는 지분 [구성요소]|자본금 [구성요소],제 77 기,0.0,제 76 기,0.0,제 75 기,0.0,15,KRW,
20250319000665,11011,2024,00164779,SCE,자본변동표,ifrs-full_IncreaseDecreaseThroughChangesInOwnershipInterestsInSubsidiariesThatDoNotResultInLossOfControl,종속기업 유상증자 및 소유지분변동,자본 [구성요소]|지배기업의 소유주에게 귀속되는 지분 [구성요소]|자본잉여금 [구성요소],제 77 기,0.0,제 76 기,-2468000000.0,제 75 기,0.0,15,KRW,
20250319000665,11011,2024,00164779,SCE,자본변동표,ifrs-full_IncreaseDecreaseThroughSharebasedPaymentTransactions,주식선택권의 부여/행사,연결재무제표 [member],제 77 기,60513000000.0,제 76 기,44138000000.0,제 75 기,7241000000.0,16,KRW,
20250319000665,11011,2024,00164779,SCE,자본변동표,ifrs-full_IncreaseDecreaseThroughSharebasedPaymentTransactions,주식선택권의 부여/행사,자본 [구성요소]|비지배지분 [구성요소],제 77 기,-4488000000.0,제 76 기,4530000000.0,제 75 기,0.0,16,KRW,
20250319000665,11011,2024,00164779,SCE,자본변동표,ifrs-full_IncreaseDecreaseThroughSharebasedPaymentTransactions,주식선택권의 부여/행사,자본 [구성요소]|지배기업의 소유주에게 귀속되는 지분 [구성요소],제 77 기,65001000000.0,제 76 기,39608000000.0,제 75 기,7241000000.0,16,KRW,
20250319000665,11011,2024,00164779,SCE,자본변동표,ifrs-full_IncreaseDecreaseThroughSharebasedPaymentTransactions,주식선택권의 부여/행사,자본 [구성요소]|지배기업의 소유주에게 귀속되는 지분 [구성요소]|기타자본구성요소 [구성요소],제 77 기,26432000000.0,제 76 기,14317000000.0,제 75 기,7241000000.0,16,KRW,
20250319000665,11011,2024,00164779,SCE,자본변동표,ifrs-full_IncreaseDecreaseThroughSharebasedPaymentTransactions,주식선택권의 부여/행사,자본 [구성요소]|지배기업의 소유주에게 귀속되는 지분 [구성요소]|기타포괄손익누계액 [구성요소],제 77 기,0.0,제 76 기,0.0,제 75 기,0.0,16,KRW,
20250319000665,11011,2024,00164779,SCE,자본변동표,ifrs-full_IncreaseDecreaseThroughSharebasedPaymentTransactions,주식선택권의 부여/행사,자본 [구성요소]|지배기업의 소유주에게 귀속되는 지분 [구성요소]|이익잉여금 [구성요소],제 77 기,0.0,제 76 기,0.0,제 75 기,0.0,16,KRW,
20250319000665,11011,2024,00164779,SCE,자본변동표,ifrs-full_IncreaseDecreaseThroughSharebasedPaymentTransactions,주식선택권의 부여/행사,자본 [구성요소]|지배기업의 소유주에게 귀속되는 지분 [구성요소]|자본금 [구성요소],제 77 기,0.0,제 76 기,0.0,제 75 기,0.0,16,KRW,
20250319000665,11011,2024,00164779,SCE,자본변동표,ifrs-full_IncreaseDecreaseThroughSharebasedPaymentTransactions,주식선택권의 부여/행사,자본 [구성요소]|지배기업의 소유주에게 귀속되는 지분 [구성요소]|자본잉여금 [구성요소],제 77 기,38569000000.0,제 76 기,25291000000.0,제 75 기,0.0,16,KRW,
20250319000665,11011,2024,00164779,SCE,자본변동표,ifrs-full_SaleOrIssueOfTreasuryShares,자기주식의 처분,연결재무제표 [member],제 77 기,127308000000.0,제 76 기,41364000000.0,제 75 기,3258000000.0,17,KRW,
20250319000665,11011,2024,00164779,SCE,자본변동표,ifrs-full_SaleOrIssueOfTreasuryShares,자기주식의 처분,자본 [구성요소]|비지배지분 [구성요소],제 77 기,0.0,제 76 기,0.0,제 75 기,0.0,17,KRW,
20250319000665,11011,2024,00164779,SCE,자본변동표,ifrs-full_SaleOrIssueOfTreasuryShares,자기주식의 처분,자본 [구성요소]|지배기업의 소유주에게 귀속되는 지분 [구성요소],제 77 기,127308000000.0,제 76 기,41364000000.0,제 75 기,3258000000.0,17,KRW,
20250319000665,11011,2024,00164779,SCE,자본변동표,ifrs-full_SaleOrIssueOfTreasuryShares,자기주식의 처분,자본 [구성요소]|지배기업의 소유주에게 귀속되는 지분 [구성요소]|기타자본구성요소 [구성요소],제 77 기,51313000000.0,제 76 기,27798000000.0,제 75 기,1731000000.0,17,KRW,
20250319000665,11011,2024,00164779,SCE,자본변동표,ifrs-full_SaleOrIssueOfTreasuryShares,자기주식의 처분,자본 [구성요소]|지배기업의 소유주에게 귀속되는 지분 [구성요소]|기타포괄손익누계액 [구성요소],제 77 기,0.0,제 76 기,0.0,제 75 기,0.0,17,KRW,
20250319000665,11011,2024,00164779,SCE,자본변동표,ifrs-full_SaleOrIssueOfTreasuryShares,자기주식의 처분,자본 [구성요소]|지배기업의 소유주에게 귀속되는 지분 [구성요소]|이익잉여금 [구성요소],제 77 기,0.0,제 76 기,0.0,제 75 기,0.0,17,KRW,
20250319000665,11011,2024,00164779,SCE,자본변동표,ifrs-full_SaleOrIssueOfTreasuryShares,자기주식의 처분,자본 [구성요소]|지배기업의 소유주에게 귀속되는 지분 [구성요소]|자본금 [구성요소],제 77 기,0.0,제 76 기,0.0,제 75 기,0.0,17,KRW,
20250319000665,11011,2024,00164779,SCE,자본변동표,ifrs-full_SaleOrIssueOfTreasuryShares,자기주식의 처분,자본 [구성요소]|지배기업의 소유주에게 귀속되는 지분 [구성요소]|자본잉여금 [구성요소],제 77 기,75995000000.0,제 76 기,13566000000.0,제 75 기,1527000000.0,17,KRW,
20260317000635,11011,2025,00164779,BS,재무상태표,ifrs-full_Assets,자산총계,-,제 78 기,176107659000000.0,제 77 기,119855209000000.0,제 76 기,100330165000000.0,7,KRW,
20260317000635,11011,2025,00164779,BS,재무상태표,ifrs-full_CurrentAssets,유동자산,-,제 78 기,69458073000000.0,제 77 기,42278887000000.0,제 76 기,30468100000000.0,8,KRW,
20260317000635,11011,2025,00164779,BS,재무상태표,ifrs-full_CashAndCashEquivalents,현금및현금성자산,-,제 78 기,14923766000000.0,제 77 기,11205117000000.0,제 76 기,7587329000000.0,9,KRW,
20260317000635,11011,2025,00164779,BS,재무상태표,ifrs-full_CurrentInvestments,단기투자자산,-,제 78 기,5338768000000.0,제 77 기,569236000000.0,제 76 기,860972000000.0,10,KRW,
20260317000635,11011,2025,00164779,BS,재무상태표,ifrs-full_CurrentTaxAssets,당기법인세자산,-,제 78 기,67715000000.0,제 77 기,57467000000.0,제 76 기,69916000000.0,11,KRW,
20260317000635,11011,2025,00164779,BS,재무상태표,ifrs-full_CurrentTradeReceivables,매출채권,-,제 78 기,18199078000000.0,제 77 기,13019006000000.0,제 76 기,6600273000000.0,12,KRW,
20260317000635,11011,2025,00164779,BS,재무상태표,ifrs-full_Inventories,재고자산,-,제 78 기,14289390000000.0,제 77 기,13313937000000.0,제 76 기,13480659000000.0,13,KRW,
20260317000635,11011,2025,00164779,BS,재무상태표,ifrs-full_NoncurrentAssetsOrDisposalGroupsClassifiedAsHeldForSaleOrAsHeldForDistributionToOwners,매각예정자산,-,제 78 기,0.0,제 77 기,0.0,제 76 기,29441000000.0,14,KRW,
20260317000635,11011,2025,00164779,BS,재무상태표,ifrs-full_OtherCurrentAssets,기타유동자산,-,제 78 기,1378035000000.0,제 77 기,1393744000000.0,제 76 기,925502000000.0,15,KRW,
20260317000635,11011,2025,00164779,BS,재무상태표,ifrs-full_OtherCurrentFinancialAssets,기타금융자산,-,제 78 기,195259000000.0,제 77 기,45309000000.0,제 76 기,83750000000.0,16,KRW,
20260317000635,11011,2025,00164779,BS,재무상태표,ifrs-full_OtherCurrentReceivables,기타수취채권,-,제 78 기,386343000000.0,제 77 기,293061000000.0,제 76 기,357641000000.0,17,KRW,
20260317000635,11011,2025,00164779,BS,재무상태표,ifrs-full_ShorttermDepositsNotClassifiedAsCashEquivalents,단기금융상품,-,제 78 기,14679719000000.0,제 77 기,2382010000000.0,제 76 기,472617000000.0,18,KRW,
20260317000635,11011,2025,00164779,BS,재무상태표,ifrs-full_NoncurrentAssets,비유동자산,-,제 78 기,106649586000000.0,제 77 기,77576322000000.0,제 76 기,69862065000000.0,19,KRW,
20260317000635,11011,2025,00164779,BS,재무상태표,ifrs-full_DeferredTaxAssets,이연법인세자산,-,제 78 기,3660493000000.0,제 77 기,2811559000000.0,제 76 기,2989472000000.0,20,KRW,
20260317000635,11011,2025,00164779,BS,재무상태표,ifrs-full_IntangibleAssetsAndGoodwill,무형자산,-,제 78 기,4049402000000.0,제 77 기,4018847000000.0,제 76 기,3834567000000.0,21,KRW,
20260317000635,11011,2025,00164779,BS,재무상태표,ifrs-full_InvestmentAccountedForUsingEquityMethod,관계기업 및 공동기업투자,-,제 78 기,1320927000000.0,제 77 기,1940663000000.0,제 76 기,1367348000000.0,22,KRW,
20260317000635,11011,2025,00164779,BS,재무상태표,ifrs-full_InvestmentProperty,투자부동산,-,제 78 기,188000000.0,제 77 기,200000000.0,제 76 기,211000000.0,23,KRW,
20260317000635,11011,2025,00164779,BS,재무상태표,ifrs-full_NoncurrentInvestmentsOtherThanInvestmentsAccountedForUsingEquityMethod,장기투자자산,-,제 78 기,14547099000000.0,제 77 기,4041276000000.0,제 76 기,4105704000000.0,24,KRW,
20260317000635,11011,2025,00164779,BS,재무상태표,ifrs-full_NoncurrentRecognisedAssetsDefinedBenefitPlan,종업원급여자산,-,제 78 기,1552888000000.0,제 77 기,1154255000000.0,제 76 기,1404014000000.0,25,KRW,
20260317000635,11011,2025,00164779,BS,재무상태표,ifrs-full_OtherNoncurrentAssets,기타비유동자산,-,제 78 기,144930000000.0,제 77 기,174142000000.0,제 76 기,217822000000.0,26,KRW,
20260317000635,11011,2025,00164779,BS,재무상태표,ifrs-full_OtherNoncurrentFinancialAssets,기타금융자산,-,제 78 기,1114462000000.0,제 77 기,346749000000.0,제 76 기,68217000000.0,27,KRW,
20260317000635,11011,2025,00164779,BS,재무상태표,ifrs-full_OtherNoncurrentReceivables,기타수취채권,-,제 78 기,420036000000.0,제 77 기,444286000000.0,제 76 기,475013000000.0,28,KRW,
20260317000635,11011,2025,00164779,BS,재무상태표,ifrs-full_PropertyPlantAndEquipment,유형자산,-,제 78 기,77502704000000.0,제 77 기,60157474000000.0,제 76 기,52704853000000.0,29,KRW,
20260317000635,11011,2025,00164779,BS,재무상태표,ifrs-full_RightofuseAssets,사용권자산,-,제 78 기,2336457000000.0,제 77 기,2486871000000.0,제 76 기,2694844000000.0,30,KRW,
20260317000635,11011,2025,00164779,BS,재무상태표,ifrs-full_Equity,자본총계,-,제 78 기,120666751000000.0,제 77 기,73915704000000.0,제 76 기,53503752000000.0,32,KRW,
20260317000635,11011,2025,00164779,BS,재무상태표,ifrs-full_EquityAttributableToOwnersOfParent,지배기업의 소유지분,-,제 78 기,120516178000000.0,제 77 기,73903394000000.0,제 76 기,53504285000000.0,33,KRW,
20260317000635,11011,2025,00164779,BS,재무상태표,dart_CapitalSurplus,자본잉여금,-,제 78 기,8953714000000.0,제 77 기,4487123000000.0,제 76 기,4372559000000.0,34,KRW,
20260317000635,11011,2025,00164779,BS,재무상태표,dart_ElementsOfOtherStockholdersEquity,기타자본,-,제 78 기,-1348598000000.0,제 77 기,-2191549000000.0,제 76 기,-2269294000000.0,35,KRW,
20260317000635,11011,2025,00164779,BS,재무상태표,dart_OtherComprehensiveIncomeLossAccumulatedAmount,기타포괄손익누계액,-,제 78 기,2676862000000.0,제 77 기,2532107000000.0,제 76 기,1014055000000.0,36,KRW,
20260317000635,11011,2025,00164779,BS,재무상태표,ifrs-full_IssuedCapital,자본금,-,제 78 기,3657652000000.0,제 77 기,3657652000000.0,제 76 기,3657652000000.0,37,KRW,
20260317000635,11011,2025,00164779,BS,재무상태표,ifrs-full_RetainedEarnings,이익잉여금,-,제 78 기,106576548000000.0,제 77 기,65418061000000.0,제 76 기,46729313000000.0,38,KRW,
20260317000635,11011,2025,00164779,BS,재무상태표,ifrs-full_NoncontrollingInterests,비지배지분,-,제 78 기,150573000000.0,제 77 기,12310000000.0,제 76 기,-533000000.0,39,KRW,
20260317000635,11011,2025,00164779,BS,재무상태표,ifrs-full_EquityAndLiabilities,부채및자본총계,-,제 78 기,176107659000000.0,제 77 기,119855209000000.0,제 76 기,100330165000000.0,40,KRW,
20260317000635,11011,2025,00164779,BS,재무상태표,ifrs-full_CurrentLiabilities,유동부채,-,제 78 기,37378999000000.0,제 77 기,24965444000000.0,제 76 기,21007810000000.0,42,KRW,
20260317000635,11011,2025,00164779,BS,재무상태표,dart_CurrentNontradePayables,기타지급채무,-,제 78 기,6283111000000.0,제 77 기,3983543000000.0,제 76 기,1688631000000.0,43,KRW,
20260317000635,11011,2025,00164779,BS,재무상태표,dart_ShortTermOtherPayables,미지급금,-,제 78 기,6434144000000.0,제 77 기,6967013000000.0,제 76 기,3293308000000.0,44,KRW,
20260317000635,11011,2025,00164779,BS,재무상태표,ifrs-full_CurrentBorrowingsAndCurrentPortionOfNoncurrentBorrowings,차입금,-,제 78 기,8161757000000.0,제 77 기,5252238000000.0,제 76 기,9857189000000.0,45,KRW,
20260317000635,11011,2025,00164779,BS,재무상태표,ifrs-full_CurrentLeaseLiabilities,리스부채,-,제 78 기,547296000000.0,제 77 기,588355000000.0,제 76 기,631497000000.0,46,KRW,
20260317000635,11011,2025,00164779,BS,재무상태표,ifrs-full_CurrentProvisions,충당부채,-,제 78 기,228937000000.0,제 77 기,270235000000.0,제 76 기,286517000000.0,47,KRW,
20260317000635,11011,2025,00164779,BS,재무상태표,ifrs-full_CurrentTaxLiabilities,당기법인세부채,-,제 78 기,7023813000000.0,제 77 기,3083950000000.0,제 76 기,43890000000.0,48,KRW,
20260317000635,11011,2025,00164779,BS,재무상태표,ifrs-full_OtherCurrentFinancialLiabilities,기타금융부채,-,제 78 기,4913879000000.0,제 77 기,1741587000000.0,제 76 기,1478980000000.0,49,KRW,
20260317000635,11011,2025,00164779,BS,재무상태표,ifrs-full_OtherCurrentLiabilities,기타유동부채,-,제 78 기,937607000000.0,제 77 기,801176000000.0,제 76 기,1882261000000.0,50,KRW,
20260317000635,11011,2025,00164779,BS,재무상태표,ifrs-full_TradeAndOtherCurrentPayablesToTradeSuppliers,매입채무,-,제 78 기,2848455000000.0,제 77 기,2277347000000.0,제 76 기,1845537000000.0,51,KRW,
20260317000635,11011,2025,00164779,BS,재무상태표,ifrs-full_Liabilities,부채총계,-,제 78 기,55440908000000.0,제 77 기,45939505000000.0,제 76 기,46826413000000.0,52,KRW,
20260317000635,11011,2025,00164779,BS,재무상태표,ifrs-full_NoncurrentLiabilities,비유동부채,-,제 78 기,18061909000000.0,제 77 기,20974061000000.0,제 76 기,25818603000000.0,53,KRW,
20260317000635,11011,2025,00164779,BS,재무상태표,dart_NoncurrentNontradePayables,기타지급채무,-,제 78 기,19970000000.0,제 77 기,51897000000.0,제 76 기,96567000000.0,54,KRW,
20260317000635,11011,2025,00164779,BS,재무상태표,ifrs-full_DeferredTaxLiabilities,이연법인세부채,-,제 78 기,248395000000.0,제 77 기,217852000000.0,제 76 기,114396000000.0,55,KRW,
20260317000635,11011,2025,00164779,BS,재무상태표,ifrs-full_LongtermBorrowings,차입금,-,제 78 기,14086148000000.0,제 77 기,17431495000000.0,제 76 기,19611443000000.0,56,KRW,
20260317000635,11011,2025,00164779,BS,재무상태표,ifrs-full_NoncurrentLeaseLiabilities,리스부채,-,제 78 기,1962647000000.0,제 77 기,2180021000000.0,제 76 기,2398377000000.0,57,KRW,
20260317000635,11011,2025,00164779,BS,재무상태표,ifrs-full_NoncurrentProvisions,충당부채,-,제 78 기,0.0,제 77 기,0.0,제 76 기,1603000000.0,58,KRW,
20260317000635,11011,2025,00164779,BS,재무상태표,ifrs-full_NoncurrentRecognisedLiabilitiesDefinedBenefitPlan,확정급여부채,-,제 78 기,66144000000.0,제 77 기,68090000000.0,제 76 기,63932000000.0,59,KRW,
20260317000635,11011,2025,00164779,BS,재무상태표,ifrs-full_OtherNoncurrentFinancialLiabilities,기타금융부채,-,제 78 기,2487000000.0,제 77 기,5909000000.0,제 76 기,3247000000.0,60,KRW,
20260317000635,11011,2025,00164779,BS,재무상태표,ifrs-full_OtherNoncurrentLiabilities,기타비유동부채,-,제 78 기,1300977000000.0,제 77 기,541770000000.0,제 76 기,385402000000.0,61,KRW,
20260317000635,11011,2025,00164779,BS,재무상태표,ifrs-full_OtherNoncurrentPayables,장기미지급금,-,제 78 기,375141000000.0,제 77 기,477027000000.0,제 76 기,3143636000000.0,62,KRW,
20260317000635,11011,2025,00164779,CIS,포괄손익계산서,dart_OperatingIncomeLoss,영업이익(손실),-,제 78 기,47206319000000.0,제 77 기,23467319000000.0,제 76 기,-7730313000000.0,6,KRW,
20260317000635,11011,2025,00164779,CIS,포괄손익계산서,dart_OtherGains,기타영업외수익,-,제 78 기,333277000000.0,제 77 기,1476579000000.0,제 76 기,623867000000.0,7,KRW,
20260317000635,11011,2025,00164779,CIS,포괄손익계산서,dart_OtherLosses,기타영업외비용,-,제 78 기,377973000000.0,제 77 기,167388000000.0,제 76 기,735065000000.0,8,KRW,
20260317000635,11011,2025,00164779,CIS,포괄손익계산서,dart_TotalSellingGeneralAdministrativeExpenses,판매비와관리비,-,제 78 기,11484471000000.0,제 77 기,8360827000000.0,제 76 기,7196865000000.0,9,KRW,
20260317000635,11011,2025,00164779,CIS,포괄손익계산서,ifrs-full_ComprehensiveIncome,총포괄이익(손실),-,제 78 기,43017348000000.0,제 77 기,21044422000000.0,제 76 기,-9037496000000.0,10,KRW,
20260317000635,11011,2025,00164779,CIS,포괄손익계산서,ifrs-full_ComprehensiveIncomeAttributableToNoncontrollingInterests,비지배지분,-,제 78 기,32940000000.0,제 77 기,11299000000.0,제 76 기,-22497000000.0,12,KRW,
20260317000635,11011,2025,00164779,CIS,포괄손익계산서,ifrs-full_ComprehensiveIncomeAttributableToOwnersOfParent,지배기업의 소유주지분,-,제 78 기,42984408000000.0,제 77 기,21033123000000.0,제 76 기,-9014999000000.0,13,KRW,
20260317000635,11011,2025,00164779,CIS,포괄손익계산서,ifrs-full_CostOfSales,매출원가,-,제 78 기,38455885000000.0,제 77 기,34364814000000.0,제 76 기,33299167000000.0,14,KRW,
20260317000635,11011,2025,00164779,CIS,포괄손익계산서,ifrs-full_BasicEarningsLossPerShare,기본주당순이익(손실),-,제 78 기,62044.0,제 77 기,28732.0,제 76 기,-13244.0,16,KRW,
20260317000635,11011,2025,00164779,CIS,포괄손익계산서,ifrs-full_DilutedEarningsLossPerShare,희석주당순이익(손실),-,제 78 기,60378.0,제 77 기,28419.0,제 76 기,-13244.0,17,KRW,
20260317000635,11011,2025,00164779,CIS,포괄손익계산서,ifrs-full_FinanceCosts,금융비용,-,제 78 기,12504998000000.0,제 77 기,5707997000000.0,제 76 기,6093167000000.0,18,KRW,
20260317000635,11011,2025,00164779,CIS,포괄손익계산서,ifrs-full_FinanceIncome,금융수익,-,제 78 기,16373480000000.0,제 77 기,4855082000000.0,제 76 기,2261801000000.0,19,KRW,
20260317000635,11011,2025,00164779,CIS,포괄손익계산서,ifrs-full_GrossProfit,매출총이익(손실),-,제 78 기,58690790000000.0,제 77 기,31828146000000.0,제 76 기,-533448000000.0,20,KRW,
20260317000635,11011,2025,00164779,CIS,포괄손익계산서,ifrs-full_IncomeTaxExpenseContinuingOperations,법인세비용(수익),-,제 78 기,7517650000000.0,제 77 기,4088448000000.0,제 76 기,-2520269000000.0,21,KRW,
20260317000635,11011,2025,00164779,CIS,포괄손익계산서,ifrs-full_OtherComprehensiveIncome,법인세차감후 기타포괄손익,-,제 78 기,69446000000.0,제 77 기,1247520000000.0,제 76 기,100051000000.0,22,KRW,
20260317000635,11011,2025,00164779,CIS,포괄손익계산서,ifrs-full_OtherComprehensiveIncomeThatWillBeReclassifiedToProfitOrLossNetOfTax,후속적으로 당기손익으로 재분류되는 포괄손익,-,제 78 기,149079000000.0,제 77 기,1521130000000.0,제 76 기,117995000000.0,23,KRW,
20260317000635,11011,2025,00164779,CIS,포괄손익계산서,ifrs-full_GainsLossesOnCashFlowHedgesNetOfTax,파생상품평가손익,-,제 78 기,2118000000.0,제 77 기,637000000.0,제 76 기,-22414000000.0,24,KRW,
20260317000635,11011,2025,00164779,CIS,포괄손익계산서,ifrs-full_GainsLossesOnExchangeDifferencesOnTranslationNetOfTax,해외사업장환산외환차이,-,제 78 기,173701000000.0,제 77 기,1374587000000.0,제 76 기,132561000000.0,25,KRW,
20260317000635,11011,2025,00164779,CIS,포괄손익계산서,ifrs-full_ShareOfOtherComprehensiveIncomeOfAssociatesAndJointVenturesAccountedForUsingEquityMethodThatWillBeReclassifiedToProfitOrLossNetOfTax,관계기업의 기타포괄손익에 대한 지분,-,제 78 기,-26740000000.0,제 77 기,145906000000.0,제 76 기,7848000000.0,26,KRW,
20260317000635,11011,2025,00164779,CIS,포괄손익계산서,ifrs-full_OtherComprehensiveIncomeThatWillNotBeReclassifiedToProfitOrLossNetOfTax,후속적으로 당기손익으로 재분류되지 않는 포괄손익,-,제 78 기,-79633000000.0,제 77 기,-273610000000.0,제 76 기,-17944000000.0,27,KRW,
20260317000635,11011,2025,00164779,CIS,포괄손익계산서,ifrs-full_OtherComprehensiveIncomeNetOfTaxGainsLossesOnRemeasurementsOfDefinedBenefitPlans,확정급여제도의 재측정요소,-,제 78 기,-79633000000.0,제 77 기,-273610000000.0,제 76 기,-17944000000.0,28,KRW,
20260317000635,11011,2025,00164779,CIS,포괄손익계산서,ifrs-full_ProfitLoss,당기순이익(손실),-,제 78 기,42947902000000.0,제 77 기,19796902000000.0,제 76 기,-9137547000000.0,29,KRW,
20260317000635,11011,2025,00164779,CIS,포괄손익계산서,ifrs-full_ProfitLossAttributableToNoncontrollingInterests,비지배지분,-,제 78 기,28615000000.0,제 77 기,8221000000.0,제 76 기,-25119000000.0,31,KRW,
20260317000635,11011,2025,00164779,CIS,포괄손익계산서,ifrs-full_ProfitLossAttributableToOwnersOfParent,지배기업의 소유주지분,-,제 78 기,42919287000000.0,제 77 기,19788681000000.0,제 76 기,-9112428000000.0,32,KRW,
20260317000635,11011,2025,00164779,CIS,포괄손익계산서,ifrs-full_ProfitLossBeforeTax,법인세비용차감전순이익(손실),-,제 78 기,50465552000000.0,제 77 기,23885350000000.0,제 76 기,-11657816000000.0,33,KRW,
20260317000635,11011,2025,00164779,CIS,포괄손익계산서,ifrs-full_Revenue,매출액,-,제 78 기,97146675000000.0,제 77 기,66192960000000.0,제 76 기,32765719000000.0,34,KRW,
20260317000635,11011,2025,00164779,CIS,포괄손익계산서,ifrs-full_ShareOfProfitLossOfAssociatesAndJointVenturesAccountedForUsingEquityMethod,지분법투자 관련 손익,-,제 78 기,-564553000000.0,제 77 기,-38245000000.0,제 76 기,15061000000.0,35,KRW,
20260317000635,11011,2025,00164779,CF,현금흐름표,dart_CashAndCashEquivalentsAtBeginningOfPeriodCf,기초 현금및현금성자산,-,제 78 기,11205117000000.0,제 77 기,7587329000000.0,제 76 기,4977007000000.0,2,KRW,
20260317000635,11011,2025,00164779,CF,현금흐름표,dart_CashAndCashEquivalentsAtEndOfPeriodCf,기말 현금및현금성자산,-,제 78 기,14923766000000.0,제 77 기,11205117000000.0,제 76 기,7587329000000.0,3,KRW,
20260317000635,11011,2025,00164779,CF,현금흐름표,ifrs-full_CashFlowsFromUsedInFinancingActivities,재무활동 현금흐름,-,제 78 기,-1444992000000.0,제 77 기,-8703940000000.0,제 76 기,5696845000000.0,8,KRW,
20260317000635,11011,2025,00164779,CF,현금흐름표,dart_DispositionOfTreasuryShares,자기주식의 처분,-,제 78 기,65035000000.0,제 77 기,93829000000.0,제 76 기,24519000000.0,9,KRW,
20260317000635,11011,2025,00164779,CF,현금흐름표,dart_ProceedsFromExerciseOfShareOptions,주식선택권의 행사,-,제 78 기,0.0,제 77 기,0.0,제 76 기,53000000.0,10,KRW,
20260317000635,11011,2025,00164779,CF,현금흐름표,-표준계정코드 미사용-,종속기업 유상증자 및 소유지분변동,-,제 78 기,0.0,제 77 기,6032000000.0,제 76 기,-9220000000.0,11,KRW,
20260317000635,11011,2025,00164779,CF,현금흐름표,ifrs-full_DividendsPaidClassifiedAsFinancingActivities,배당금의 지급,-,제 78 기,1681166000000.0,제 77 기,826323000000.0,제 76 기,825575000000.0,12,KRW,
20260317000635,11011,2025,00164779,CF,현금흐름표,ifrs-full_PaymentsOfLeaseLiabilitiesClassifiedAsFinancingActivities,리스부채의 상환,-,제 78 기,596465000000.0,제 77 기,601821000000.0,제 76 기,461466000000.0,13,KRW,
20260317000635,11011,2025,00164779,CF,현금흐름표,ifrs-full_ProceedsFromBorrowingsClassifiedAsFinancingActivities,차입금의 차입,-,제 78 기,8183735000000.0,제 77 기,8717964000000.0,제 76 기,20657967000000.0,14,KRW,
20260317000635,11011,2025,00164779,CF,현금흐름표,ifrs-full_RepaymentsOfBorrowingsClassifiedAsFinancingActivities,차입금의 상환,-,제 78 기,7416131000000.0,제 77 기,16093621000000.0,제 76 기,13689433000000.0,15,KRW,
20260317000635,11011,2025,00164779,CF,현금흐름표,ifrs-full_CashFlowsFromUsedInInvestingActivities,투자활동 현금흐름,-,제 78 기,-48054251000000.0,제 77 기,-18004637000000.0,제 76 기,-7334727000000.0,16,KRW,
20260317000635,11011,2025,00164779,CF,현금흐름표,dart_ProceedsFromSalesOfLiabilitiesIncludedInDisposalGroupsClassifiedAsHeldForSale,매각예정자산의 처분,-,제 78 기,85216000000.0,제 77 기,145355000000.0,제 76 기,0.0,17,KRW,
20260317000635,11011,2025,00164779,CF,현금흐름표,dart_ProceedsFromSalesOfLoansAndReceivables,기타수취채권의 감소,-,제 78 기,32880000000.0,제 77 기,38222000000.0,제 76 기,47564000000.0,18,KRW,
20260317000635,11011,2025,00164779,CF,현금흐름표,dart_ProceedsFromSalesOfOtherFinancialAssets,기타금융자산의 감소,-,제 78 기,115091000000.0,제 77 기,57000000.0,제 76 기,577000000.0,19,KRW,
20260317000635,11011,2025,00164779,CF,현금흐름표,dart_ProceedsFromSalesOfShortTermFinancialInstruments,단기금융상품의 감소,-,제 78 기,6513772000000.0,제 77 기,1499026000000.0,제 76 기,1409187000000.0,20,KRW,
20260317000635,11011,2025,00164779,CF,현금흐름표,dart_PurchaseOfLoansAndReceivables,기타수취채권의 증가,-,제 78 기,178331000000.0,제 77 기,47704000000.0,제 76 기,251498000000.0,21,KRW,
20260317000635,11011,2025,00164779,CF,현금흐름표,dart_PurchaseOfOtherFinancialAssets,기타금융자산의 증가,-,제 78 기,1105649000000.0,제 77 기,109646000000.0,제 76 기,5358000000.0,22,KRW,
20260317000635,11011,2025,00164779,CF,현금흐름표,dart_PurchaseOfShortTermFinancialInstruments,단기금융상품의 증가,-,제 78 기,18804330000000.0,제 77 기,3370863000000.0,제 76 기,1469396000000.0,23,KRW,
20260317000635,11011,2025,00164779,CF,현금흐름표,-표준계정코드 미사용-,사업결합으로 인한 현금유출,-,제 78 기,3079783000000.0,제 77 기,0.0,제 76 기,0.0,24,KRW,
20260317000635,11011,2025,00164779,CF,현금흐름표,-표준계정코드 미사용-,장기투자자산의 처분,-,제 78 기,1233030000000.0,제 77 기,2373000000.0,제 76 기,18279000000.0,25,KRW,
20260317000635,11011,2025,00164779,CF,현금흐름표,-표준계정코드 미사용-,장기투자자산의 취득,-,제 78 기,33956000000.0,제 77 기,19460000000.0,제 76 기,30537000000.0,26,KRW,
20260317000635,11011,2025,00164779,CF,현금흐름표,ifrs-full_CashFlowsFromUsedInDecreaseIncreaseInShorttermDepositsAndInvestments,단기투자자산의 순증감,-,제 78 기,-4552604000000.0,제 77 기,457163000000.0,제 76 기,199912000000.0,27,KRW,
20260317000635,11011,2025,00164779,CF,현금흐름표,ifrs-full_ProceedsFromGovernmentGrantsClassifiedAsInvestingActivities,정부보조금의 수령,-,제 78 기,144911000000.0,제 77 기,0.0,제 76 기,0.0,28,KRW,
20260317000635,11011,2025,00164779,CF,현금흐름표,ifrs-full_ProceedsFromSalesOfIntangibleAssetsClassifiedAsInvestingActivities,무형자산의 처분,-,제 78 기,2142000000.0,제 77 기,19703000000.0,제 76 기,484000000.0,29,KRW,
20260317000635,11011,2025,00164779,CF,현금흐름표,ifrs-full_ProceedsFromSalesOfInvestmentsAccountedForUsingEquityMethod,관계기업투자주식의 처분,-,제 78 기,16875000000.0,제 77 기,22510000000.0,제 76 기,8847000000.0,30,KRW,
20260317000635,11011,2025,00164779,CF,현금흐름표,ifrs-full_ProceedsFromSalesOfPropertyPlantAndEquipmentClassifiedAsInvestingActivities,유형자산의 처분,-,제 78 기,144828000000.0,제 77 기,47126000000.0,제 76 기,1539825000000.0,31,KRW,
20260317000635,11011,2025,00164779,CF,현금흐름표,ifrs-full_PurchaseOfIntangibleAssetsClassifiedAsInvestingActivities,무형자산의 취득,-,제 78 기,1060419000000.0,제 77 기,717106000000.0,제 76 기,454710000000.0,32,KRW,
20260317000635,11011,2025,00164779,CF,현금흐름표,ifrs-full_PurchaseOfInterestsInInvestmentsAccountedForUsingEquityMethod,관계기업투자주식의 취득,-,제 78 기,9000000000.0,제 77 기,25859000000.0,제 76 기,22765000000.0,33,KRW,
20260317000635,11011,2025,00164779,CF,현금흐름표,ifrs-full_PurchaseOfPropertyPlantAndEquipmentClassifiedAsInvestingActivities,유형자산의 취득,-,제 78 기,27518924000000.0,제 77 기,15945534000000.0,제 76 기,8325138000000.0,34,KRW,
20260317000635,11011,2025,00164779,CF,현금흐름표,ifrs-full_CashFlowsFromUsedInOperatingActivities,영업활동 현금흐름,-,제 78 기,53373126000000.0,제 77 기,29795885000000.0,제 76 기,4278191000000.0,35,KRW,
20260317000635,11011,2025,00164779,CF,현금흐름표,ifrs-full_CashFlowsFromUsedInOperations,영업으로부터 창출된 현금흐름,-,제 78 기,58904432000000.0,제 77 기,31250846000000.0,제 76 기,6688866000000.0,36,KRW,
20260317000635,11011,2025,00164779,CF,현금흐름표,ifrs-full_DividendsReceivedClassifiedAsOperatingActivities,배당금의 수취,-,제 78 기,960716000000.0,제 77 기,50731000000.0,제 76 기,35935000000.0,37,KRW,
20260317000635,11011,2025,00164779,CF,현금흐름표,ifrs-full_IncomeTaxesPaidRefundClassifiedAsOperatingActivities,법인세의 납부,-,제 78 기,5891155000000.0,제 77 기,552088000000.0,제 76 기,1383942000000.0,38,KRW,
20260317000635,11011,2025,00164779,CF,현금흐름표,ifrs-full_InterestPaidClassifiedAsOperatingActivities,이자의 지급,-,제 78 기,938849000000.0,제 77 기,1276564000000.0,제 76 기,1261540000000.0,39,KRW,
20260317000635,11011,2025,00164779,CF,현금흐름표,ifrs-full_InterestReceivedClassifiedAsOperatingActivities,이자의 수취,-,제 78 기,337982000000.0,제 77 기,322960000000.0,제 76 기,198872000000.0,40,KRW,
20260317000635,11011,2025,00164779,CF,현금흐름표,ifrs-full_EffectOfExchangeRateChangesOnCashAndCashEquivalents,현금및현금성자산의 환율변동효과,-,제 78 기,-155234000000.0,제 77 기,530480000000.0,제 76 기,-29987000000.0,41,KRW,
20260317000635,11011,2025,00164779,CF,현금흐름표,ifrs-full_IncreaseDecreaseInCashAndCashEquivalents,현금및현금성자산의 순증감,-,제 78 기,3718649000000.0,제 77 기,3617788000000.0,제 76 기,2610322000000.0,42,KRW,
20260317000635,11011,2025,00164779,SCE,자본변동표,dart_EquityAtBeginningOfPeriod,기초자본,연결재무제표 [member],제 78 기,73915704000000.0,제 77 기,53503752000000.0,제 76 기,63290542000000.0,3,KRW,
20260317000635,11011,2025,00164779,SCE,자본변동표,dart_EquityAtBeginningOfPeriod,기초자본,자본 [구성요소]|비지배지분 [구성요소],제 78 기,12310000000.0,제 77 기,-533000000.0,제 76 기,24187000000.0,3,KRW,
20260317000635,11011,2025,00164779,SCE,자본변동표,dart_EquityAtBeginningOfPeriod,기초자본,자본 [구성요소]|지배기업의 소유주에게 귀속되는 지분 [구성요소],제 78 기,73903394000000.0,제 77 기,53504285000000.0,제 76 기,63266355000000.0,3,KRW,
20260317000635,11011,2025,00164779,SCE,자본변동표,dart_EquityAtBeginningOfPeriod,기초자본,자본 [구성요소]|지배기업의 소유주에게 귀속되는 지분 [구성요소]|기타자본구성요소 [구성요소],제 78 기,-2191549000000.0,제 77 기,-2269294000000.0,제 76 기,-2311409000000.0,3,KRW,
20260317000635,11011,2025,00164779,SCE,자본변동표,dart_EquityAtBeginningOfPeriod,기초자본,자본 [구성요소]|지배기업의 소유주에게 귀속되는 지분 [구성요소]|기타포괄손익누계액 [구성요소],제 78 기,2532107000000.0,제 77 기,1014055000000.0,제 76 기,898682000000.0,3,KRW,
20260317000635,11011,2025,00164779,SCE,자본변동표,dart_EquityAtBeginningOfPeriod,기초자본,자본 [구성요소]|지배기업의 소유주에게 귀속되는 지분 [구성요소]|이익잉여금 [구성요소],제 78 기,65418061000000.0,제 77 기,46729313000000.0,제 76 기,56685260000000.0,3,KRW,
20260317000635,11011,2025,00164779,SCE,자본변동표,dart_EquityAtBeginningOfPeriod,기초자본,자본 [구성요소]|지배기업의 소유주에게 귀속되는 지분 [구성요소]|자본금 [구성요소],제 78 기,3657652000000.0,제 77 기,3657652000000.0,제 76 기,3657652000000.0,3,KRW,
20260317000635,11011,2025,00164779,SCE,자본변동표,dart_EquityAtBeginningOfPeriod,기초자본,자본 [구성요소]|지배기업의 소유주에게 귀속되는 지분 [구성요소]|자본잉여금 [구성요소],제 78 기,4487123000000.0,제 77 기,4372559000000.0,제 76 기,4336170000000.0,3,KRW,
20260317000635,11011,2025,00164779,SCE,자본변동표,ifrs-full_ComprehensiveIncome,총포괄이익(손실),연결재무제표 [member],제 78 기,43017348000000.0,제 77 기,21044422000000.0,제 76 기,-9037496000000.0,4,KRW,
20260317000635,11011,2025,00164779,SCE,자본변동표,ifrs-full_ComprehensiveIncome,총포괄이익(손실),자본 [구성요소]|비지배지분 [구성요소],제 78 기,32940000000.0,제 77 기,11299000000.0,제 76 기,-22497000000.0,4,KRW,
20260317000635,11011,2025,00164779,SCE,자본변동표,ifrs-full_ComprehensiveIncome,총포괄이익(손실),자본 [구성요소]|지배기업의 소유주에게 귀속되는 지분 [구성요소],제 78 기,42984408000000.0,제 77 기,21033123000000.0,제 76 기,-9014999000000.0,4,KRW,
20260317000635,11011,2025,00164779,SCE,자본변동표,ifrs-full_ComprehensiveIncome,총포괄이익(손실),자본 [구성요소]|지배기업의 소유주에게 귀속되는 지분 [구성요소]|기타자본구성요소 [구성요소],제 78 기,0.0,제 77 기,0.0,제 76 기,0.0,4,KRW,
20260317000635,11011,2025,00164779,SCE,자본변동표,ifrs-full_ComprehensiveIncome,총포괄이익(손실),자본 [구성요소]|지배기업의 소유주에게 귀속되는 지분 [구성요소]|기타포괄손익누계액 [구성요소],제 78 기,144755000000.0,제 77 기,1518052000000.0,제 76 기,115373000000.0,4,KRW,
20260317000635,11011,2025,00164779,SCE,자본변동표,ifrs-full_ComprehensiveIncome,총포괄이익(손실),자본 [구성요소]|지배기업의 소유주에게 귀속되는 지분 [구성요소]|이익잉여금 [구성요소],제 78 기,42839653000000.0,제 77 기,19515071000000.0,제 76 기,-9130372000000.0,4,KRW,
20260317000635,11011,2025,00164779,SCE,자본변동표,ifrs-full_ComprehensiveIncome,총포괄이익(손실),자본 [구성요소]|지배기업의 소유주에게 귀속되는 지분 [구성요소]|자본금 [구성요소],제 78 기,0.0,제 77 기,0.0,제 76 기,0.0,4,KRW,
20260317000635,11011,2025,00164779,SCE,자본변동표,ifrs-full_ComprehensiveIncome,총포괄이익(손실),자본 [구성요소]|지배기업의 소유주에게 귀속되는 지분 [구성요소]|자본잉여금 [구성요소],제 78 기,0.0,제 77 기,0.0,제 76 기,0.0,4,KRW,
20260317000635,11011,2025,00164779,SCE,자본변동표,ifrs-full_GainsLossesOnCashFlowHedgesNetOfTax,파생상품평가손익,연결재무제표 [member],제 78 기,2118000000.0,제 77 기,637000000.0,제 76 기,-22414000000.0,5,KRW,
20260317000635,11011,2025,00164779,SCE,자본변동표,ifrs-full_GainsLossesOnCashFlowHedgesNetOfTax,파생상품평가손익,자본 [구성요소]|비지배지분 [구성요소],제 78 기,0.0,제 77 기,0.0,제 76 기,0.0,5,KRW,
20260317000635,11011,2025,00164779,SCE,자본변동표,ifrs-full_GainsLossesOnCashFlowHedgesNetOfTax,파생상품평가손익,자본 [구성요소]|지배기업의 소유주에게 귀속되는 지분 [구성요소],제 78 기,2118000000.0,제 77 기,637000000.0,제 76 기,-22414000000.0,5,KRW,
20260317000635,11011,2025,00164779,SCE,자본변동표,ifrs-full_GainsLossesOnCashFlowHedgesNetOfTax,파생상품평가손익,자본 [구성요소]|지배기업의 소유주에게 귀속되는 지분 [구성요소]|기타자본구성요소 [구성요소],제 78 기,0.0,제 77 기,0.0,제 76 기,0.0,5,KRW,
20260317000635,11011,2025,00164779,SCE,자본변동표,ifrs-full_GainsLossesOnCashFlowHedgesNetOfTax,파생상품평가손익,자본 [구성요소]|지배기업의 소유주에게 귀속되는 지분 [구성요소]|기타포괄손익누계액 [구성요소],제 78 기,2118000000.0,제 77 기,637000000.0,제 76 기,-22414000000.0,5,KRW,
20260317000635,11011,2025,00164779,SCE,자본변동표,ifrs-full_GainsLossesOnCashFlowHedgesNetOfTax,파생상품평가손익,자본 [구성요소]|지배기업의 소유주에게 귀속되는 지분 [구성요소]|이익잉여금 [구성요소],제 78 기,0.0,제 77 기,0.0,제 76 기,0.0,5,KRW,
20260317000635,11011,2025,00164779,SCE,자본변동표,ifrs-full_GainsLossesOnCashFlowHedgesNetOfTax,파생상품평가손익,자본 [구성요소]|지배기업의 소유주에게 귀속되는 지분 [구성요소]|자본금 [구성요소],제 78 기,0.0,제 77 기,0.0,제 76 기,0.0,5,KRW,
20260317000635,11011,2025,00164779,SCE,자본변동표,ifrs-full_GainsLossesOnCashFlowHedgesNetOfTax,파생상품평가손익,자본 [구성요소]|지배기업의 소유주에게 귀속되는 지분 [구성요소]|자본잉여금 [구성요소],제 78 기,0.0,제 77 기,0.0,제 76 기,0.0,5,KRW,
20260317000635,11011,2025,00164779,SCE,자본변동표,ifrs-full_GainsLossesOnExchangeDifferencesOnTranslationNetOfTax,해외사업장환산외환차이,연결재무제표 [member],제 78 기,173701000000.0,제 77 기,1374587000000.0,제 76 기,132561000000.0,6,KRW,
20260317000635,11011,2025,00164779,SCE,자본변동표,ifrs-full_GainsLossesOnExchangeDifferencesOnTranslationNetOfTax,해외사업장환산외환차이,자본 [구성요소]|비지배지분 [구성요소],제 78 기,4324000000.0,제 77 기,3078000000.0,제 76 기,2622000000.0,6,KRW,
20260317000635,11011,2025,00164779,SCE,자본변동표,ifrs-full_GainsLossesOnExchangeDifferencesOnTranslationNetOfTax,해외사업장환산외환차이,자본 [구성요소]|지배기업의 소유주에게 귀속되는 지분 [구성요소],제 78 기,169377000000.0,제 77 기,1371509000000.0,제 76 기,129939000000.0,6,KRW,
20260317000635,11011,2025,00164779,SCE,자본변동표,ifrs-full_GainsLossesOnExchangeDifferencesOnTranslationNetOfTax,해외사업장환산외환차이,자본 [구성요소]|지배기업의 소유주에게 귀속되는 지분 [구성요소]|기타자본구성요소 [구성요소],제 78 기,0.0,제 77 기,0.0,제 76 기,0.0,6,KRW,
20260317000635,11011,2025,00164779,SCE,자본변동표,ifrs-full_GainsLossesOnExchangeDifferencesOnTranslationNetOfTax,해외사업장환산외환차이,자본 [구성요소]|지배기업의 소유주에게 귀속되는 지분 [구성요소]|기타포괄손익누계액 [구성요소],제 78 기,169377000000.0,제 77 기,1371509000000.0,제 76 기,129939000000.0,6,KRW,
20260317000635,11011,2025,00164779,SCE,자본변동표,ifrs-full_GainsLossesOnExchangeDifferencesOnTranslationNetOfTax,해외사업장환산외환차이,자본 [구성요소]|지배기업의 소유주에게 귀속되는 지분 [구성요소]|이익잉여금 [구성요소],제 78 기,0.0,제 77 기,0.0,제 76 기,0.0,6,KRW,
20260317000635,11011,2025,00164779,SCE,자본변동표,ifrs-full_GainsLossesOnExchangeDifferencesOnTranslationNetOfTax,해외사업장환산외환차이,자본 [구성요소]|지배기업의 소유주에게 귀속되는 지분 [구성요소]|자본금 [구성요소],제 78 기,0.0,제 77 기,0.0,제 76 기,0.0,6,KRW,
20260317000635,11011,2025,00164779,SCE,자본변동표,ifrs-full_GainsLossesOnExchangeDifferencesOnTranslationNetOfTax,해외사업장환산외환차이,자본 [구성요소]|지배기업의 소유주에게 귀속되는 지분 [구성요소]|자본잉여금 [구성요소],제 78 기,0.0,제 77 기,0.0,제 76 기,0.0,6,KRW,
20260317000635,11011,2025,00164779,SCE,자본변동표,ifrs-full_OtherComprehensiveIncomeNetOfTaxGainsLossesOnRemeasurementsOfDefinedBenefitPlans,확정급여제도의 재측정요소,연결재무제표 [member],제 78 기,-79633000000.0,제 77 기,-273610000000.0,제 76 기,-17944000000.0,7,KRW,
20260317000635,11011,2025,00164779,SCE,자본변동표,ifrs-full_OtherComprehensiveIncomeNetOfTaxGainsLossesOnRemeasurementsOfDefinedBenefitPlans,확정급여제도의 재측정요소,자본 [구성요소]|비지배지분 [구성요소],제 78 기,0.0,제 77 기,0.0,제 76 기,0.0,7,KRW,
20260317000635,11011,2025,00164779,SCE,자본변동표,ifrs-full_OtherComprehensiveIncomeNetOfTaxGainsLossesOnRemeasurementsOfDefinedBenefitPlans,확정급여제도의 재측정요소,자본 [구성요소]|지배기업의 소유주에게 귀속되는 지분 [구성요소],제 78 기,-79633000000.0,제 77 기,-273610000000.0,제 76 기,-17944000000.0,7,KRW,
20260317000635,11011,2025,00164779,SCE,자본변동표,ifrs-full_OtherComprehensiveIncomeNetOfTaxGainsLossesOnRemeasurementsOfDefinedBenefitPlans,확정급여제도의 재측정요소,자본 [구성요소]|지배기업의 소유주에게 귀속되는 지분 [구성요소]|기타자본구성요소 [구성요소],제 78 기,0.0,제 77 기,0.0,제 76 기,0.0,7,KRW,
20260317000635,11011,2025,00164779,SCE,자본변동표,ifrs-full_OtherComprehensiveIncomeNetOfTaxGainsLossesOnRemeasurementsOfDefinedBenefitPlans,확정급여제도의 재측정요소,자본 [구성요소]|지배기업의 소유주에게 귀속되는 지분 [구성요소]|기타포괄손익누계액 [구성요소],제 78 기,0.0,제 77 기,0.0,제 76 기,0.0,7,KRW,
20260317000635,11011,2025,00164779,SCE,자본변동표,ifrs-full_OtherComprehensiveIncomeNetOfTaxGainsLossesOnRemeasurementsOfDefinedBenefitPlans,확정급여제도의 재측정요소,자본 [구성요소]|지배기업의 소유주에게 귀속되는 지분 [구성요소]|이익잉여금 [구성요소],제 78 기,-79633000000.0,제 77 기,-273610000000.0,제 76 기,-17944000000.0,7,KRW,
20260317000635,11011,2025,00164779,SCE,자본변동표,ifrs-full_OtherComprehensiveIncomeNetOfTaxGainsLossesOnRemeasurementsOfDefinedBenefitPlans,확정급여제도의 재측정요소,자본 [구성요소]|지배기업의 소유주에게 귀속되는 지분 [구성요소]|자본금 [구성요소],제 78 기,0.0,제 77 기,0.0,제 76 기,0.0,7,KRW,
20260317000635,11011,2025,00164779,SCE,자본변동표,ifrs-full_OtherComprehensiveIncomeNetOfTaxGainsLossesOnRemeasurementsOfDefinedBenefitPlans,확정급여제도의 재측정요소,자본 [구성요소]|지배기업의 소유주에게 귀속되는 지분 [구성요소]|자본잉여금 [구성요소],제 78 기,0.0,제 77 기,0.0,제 76 기,0.0,7,KRW,
20260317000635,11011,2025,00164779,SCE,자본변동표,ifrs-full_ProfitLoss,당기순이익(손실),연결재무제표 [member],제 78 기,42947902000000.0,제 77 기,19796902000000.0,제 76 기,-9137547000000.0,8,KRW,
20260317000635,11011,2025,00164779,SCE,자본변동표,ifrs-full_ProfitLoss,당기순이익(손실),자본 [구성요소]|비지배지분 [구성요소],제 78 기,28616000000.0,제 77 기,8221000000.0,제 76 기,-25119000000.0,8,KRW,
20260317000635,11011,2025,00164779,SCE,자본변동표,ifrs-full_ProfitLoss,당기순이익(손실),자본 [구성요소]|지배기업의 소유주에게 귀속되는 지분 [구성요소],제 78 기,42919286000000.0,제 77 기,19788681000000.0,제 76 기,-9112428000000.0,8,KRW,
20260317000635,11011,2025,00164779,SCE,자본변동표,ifrs-full_ProfitLoss,당기순이익(손실),자본 [구성요소]|지배기업의 소유주에게 귀속되는 지분 [구성요소]|기타자본구성요소 [구성요소],제 78 기,0.0,제 77 기,0.0,제 76 기,0.0,8,KRW,
20260317000635,11011,2025,00164779,SCE,자본변동표,ifrs-full_ProfitLoss,당기순이익(손실),자본 [구성요소]|지배기업의 소유주에게 귀속되는 지분 [구성요소]|기타포괄손익누계액 [구성요소],제 78 기,0.0,제 77 기,0.0,제 76 기,0.0,8,KRW,
20260317000635,11011,2025,00164779,SCE,자본변동표,ifrs-full_ProfitLoss,당기순이익(손실),자본 [구성요소]|지배기업의 소유주에게 귀속되는 지분 [구성요소]|이익잉여금 [구성요소],제 78 기,42919286000000.0,제 77 기,19788681000000.0,제 76 기,-9112428000000.0,8,KRW,
20260317000635,11011,2025,00164779,SCE,자본변동표,ifrs-full_ProfitLoss,당기순이익(손실),자본 [구성요소]|지배기업의 소유주에게 귀속되는 지분 [구성요소]|자본금 [구성요소],제 78 기,0.0,제 77 기,0.0,제 76 기,0.0,8,KRW,
20260317000635,11011,2025,00164779,SCE,자본변동표,ifrs-full_ProfitLoss,당기순이익(손실),자본 [구성요소]|지배기업의 소유주에게 귀속되는 지분 [구성요소]|자본잉여금 [구성요소],제 78 기,0.0,제 77 기,0.0,제 76 기,0.0,8,KRW,
20260317000635,11011,2025,00164779,SCE,자본변동표,ifrs-full_ShareOfOtherComprehensiveIncomeOfAssociatesAndJointVenturesAccountedForUsingEquityMethodThatWillBeReclassifiedToProfitOrLossNetOfTax,관계기업의 기타포괄손익에 대한 지분,연결재무제표 [member],제 78 기,-26740000000.0,제 77 기,145906000000.0,제 76 기,7848000000.0,9,KRW,
20260317000635,11011,2025,00164779,SCE,자본변동표,ifrs-full_ShareOfOtherComprehensiveIncomeOfAssociatesAndJointVenturesAccountedForUsingEquityMethodThatWillBeReclassifiedToProfitOrLossNetOfTax,관계기업의 기타포괄손익에 대한 지분,자본 [구성요소]|비지배지분 [구성요소],제 78 기,0.0,제 77 기,0.0,제 76 기,0.0,9,KRW,
20260317000635,11011,2025,00164779,SCE,자본변동표,ifrs-full_ShareOfOtherComprehensiveIncomeOfAssociatesAndJointVenturesAccountedForUsingEquityMethodThatWillBeReclassifiedToProfitOrLossNetOfTax,관계기업의 기타포괄손익에 대한 지분,자본 [구성요소]|지배기업의 소유주에게 귀속되는 지분 [구성요소],제 78 기,-26740000000.0,제 77 기,145906000000.0,제 76 기,7848000000.0,9,KRW,
20260317000635,11011,2025,00164779,SCE,자본변동표,ifrs-full_ShareOfOtherComprehensiveIncomeOfAssociatesAndJointVenturesAccountedForUsingEquityMethodThatWillBeReclassifiedToProfitOrLossNetOfTax,관계기업의 기타포괄손익에 대한 지분,자본 [구성요소]|지배기업의 소유주에게 귀속되는 지분 [구성요소]|기타자본구성요소 [구성요소],제 78 기,0.0,제 77 기,0.0,제 76 기,0.0,9,KRW,
20260317000635,11011,2025,00164779,SCE,자본변동표,ifrs-full_ShareOfOtherComprehensiveIncomeOfAssociatesAndJointVenturesAccountedForUsingEquityMethodThatWillBeReclassifiedToProfitOrLossNetOfTax,관계기업의 기타포괄손익에 대한 지분,자본 [구성요소]|지배기업의 소유주에게 귀속되는 지분 [구성요소]|기타포괄손익누계액 [구성요소],제 78 기,-26740000000.0,제 77 기,145906000000.0,제 76 기,7848000000.0,9,KRW,
20260317000635,11011,2025,00164779,SCE,자본변동표,ifrs-full_ShareOfOtherComprehensiveIncomeOfAssociatesAndJointVenturesAccountedForUsingEquityMethodThatWillBeReclassifiedToProfitOrLossNetOfTax,관계기업의 기타포괄손익에 대한 지분,자본 [구성요소]|지배기업의 소유주에게 귀속되는 지분 [구성요소]|이익잉여금 [구성요소],제 78 기,0.0,제 77 기,0.0,제 76 기,0.0,9,KRW,
20260317000635,11011,2025,00164779,SCE,자본변동표,ifrs-full_ShareOfOtherComprehensiveIncomeOfAssociatesAndJointVenturesAccountedForUsingEquityMethodThatWillBeReclassifiedToProfitOrLossNetOfTax,관계기업의 기타포괄손익에 대한 지분,자본 [구성요소]|지배기업의 소유주에게 귀속되는 지분 [구성요소]|자본금 [구성요소],제 78 기,0.0,제 77 기,0.0,제 76 기,0.0,9,KRW,
20260317000635,11011,2025,00164779,SCE,자본변동표,ifrs-full_ShareOfOtherComprehensiveIncomeOfAssociatesAndJointVenturesAccountedForUsingEquityMethodThatWillBeReclassifiedToProfitOrLossNetOfTax,관계기업의 기타포괄손익에 대한 지분,자본 [구성요소]|지배기업의 소유주에게 귀속되는 지분 [구성요소]|자본잉여금 [구성요소],제 78 기,0.0,제 77 기,0.0,제 76 기,0.0,9,KRW,
20260317000635,11011,2025,00164779,SCE,자본변동표,ifrs-full_Equity,자본총계,연결재무제표 [member],제 78 기,120666751000000.0,제 77 기,73915704000000.0,제 76 기,53503752000000.0,10,KRW,
20260317000635,11011,2025,00164779,SCE,자본변동표,ifrs-full_Equity,자본총계,자본 [구성요소]|비지배지분 [구성요소],제 78 기,150573000000.0,제 77 기,12310000000.0,제 76 기,-533000000.0,10,KRW,
20260317000635,11011,2025,00164779,SCE,자본변동표,ifrs-full_Equity,자본총계,자본 [구성요소]|지배기업의 소유주에게 귀속되는 지분 [구성요소],제 78 기,120516178000000.0,제 77 기,73903394000000.0,제 76 기,53504285000000.0,10,KRW,
20260317000635,11011,2025,00164779,SCE,자본변동표,ifrs-full_Equity,자본총계,자본 [구성요소]|지배기업의 소유주에게 귀속되는 지분 [구성요소]|기타자본구성요소 [구성요소],제 78 기,-1348598000000.0,제 77 기,-2191549000000.0,제 76 기,-2269294000000.0,10,KRW,
20260317000635,11011,2025,00164779,SCE,자본변동표,ifrs-full_Equity,자본총계,자본 [구성요소]|지배기업의 소유주에게 귀속되는 지분 [구성요소]|기타포괄손익누계액 [구성요소],제 78 기,2676862000000.0,제 77 기,2532107000000.0,제 76 기,1014055000000.0,10,KRW,
20260317000635,11011,2025,00164779,SCE,자본변동표,ifrs-full_Equity,자본총계,자본 [구성요소]|지배기업의 소유주에게 귀속되는 지분 [구성요소]|이익잉여금 [구성요소],제 78 기,106576548000000.0,제 77 기,65418061000000.0,제 76 기,46729313000000.0,10,KRW,
20260317000635,11011,2025,00164779,SCE,자본변동표,ifrs-full_Equity,자본총계,자본 [구성요소]|지배기업의 소유주에게 귀속되는 지분 [구성요소]|자본금 [구성요소],제 78 기,3657652000000.0,제 77 기,3657652000000.0,제 76 기,3657652000000.0,10,KRW,
20260317000635,11011,2025,00164779,SCE,자본변동표,ifrs-full_Equity,자본총계,자본 [구성요소]|지배기업의 소유주에게 귀속되는 지분 [구성요소]|자본잉여금 [구성요소],제 78 기,8953714000000.0,제 77 기,4487123000000.0,제 76 기,4372559000000.0,10,KRW,
20260317000635,11011,2025,00164779,SCE,자본변동표,ifrs-full_IncreaseDecreaseThroughTransactionsWithOwners,자본에 직접 반영된 소유주와의 거래 합계,연결재무제표 [member],제 78 기,3733699000000.0,제 77 기,-632470000000.0,제 76 기,-749294000000.0,11,KRW,
20260317000635,11011,2025,00164779,SCE,자본변동표,ifrs-full_IncreaseDecreaseThroughTransactionsWithOwners,자본에 직접 반영된 소유주와의 거래 합계,자본 [구성요소]|비지배지분 [구성요소],제 78 기,105323000000.0,제 77 기,1544000000.0,제 76 기,-2223000000.0,11,KRW,
20260317000635,11011,2025,00164779,SCE,자본변동표,ifrs-full_IncreaseDecreaseThroughTransactionsWithOwners,자본에 직접 반영된 소유주와의 거래 합계,자본 [구성요소]|지배기업의 소유주에게 귀속되는 지분 [구성요소],제 78 기,3628376000000.0,제 77 기,-634014000000.0,제 76 기,-747071000000.0,11,KRW,
20260317000635,11011,2025,00164779,SCE,자본변동표,ifrs-full_IncreaseDecreaseThroughTransactionsWithOwners,자본에 직접 반영된 소유주와의 거래 합계,자본 [구성요소]|지배기업의 소유주에게 귀속되는 지분 [구성요소]|기타자본구성요소 [구성요소],제 78 기,842951000000.0,제 77 기,77745000000.0,제 76 기,42115000000.0,11,KRW,
20260317000635,11011,2025,00164779,SCE,자본변동표,ifrs-full_IncreaseDecreaseThroughTransactionsWithOwners,자본에 직접 반영된 소유주와의 거래 합계,자본 [구성요소]|지배기업의 소유주에게 귀속되는 지분 [구성요소]|기타포괄손익누계액 [구성요소],제 78 기,0.0,제 77 기,0.0,제 76 기,0.0,11,KRW,
20260317000635,11011,2025,00164779,SCE,자본변동표,ifrs-full_IncreaseDecreaseThroughTransactionsWithOwners,자본에 직접 반영된 소유주와의 거래 합계,자본 [구성요소]|지배기업의 소유주에게 귀속되는 지분 [구성요소]|이익잉여금 [구성요소],제 78 기,-1681166000000.0,제 77 기,-826323000000.0,제 76 기,-825575000000.0,11,KRW,
20260317000635,11011,2025,00164779,SCE,자본변동표,ifrs-full_IncreaseDecreaseThroughTransactionsWithOwners,자본에 직접 반영된 소유주와의 거래 합계,자본 [구성요소]|지배기업의 소유주에게 귀속되는 지분 [구성요소]|자본금 [구성요소],제 78 기,0.0,제 77 기,0.0,제 76 기,0.0,11,KRW,
20260317000635,11011,2025,00164779,SCE,자본변동표,ifrs-full_IncreaseDecreaseThroughTransactionsWithOwners,자본에 직접 반영된 소유주와의 거래 합계,자본 [구성요소]|지배기업의 소유주에게 귀속되는 지분 [구성요소]|자본잉여금 [구성요소],제 78 기,4466591000000.0,제 77 기,114564000000.0,제 76 기,36389000000.0,11,KRW,
20260317000635,11011,2025,00164779,SCE,자본변동표,dart_ChangesInConsolidatedCompanies,연결대상 범위의 변동,연결재무제표 [member],제 78 기,446000000.0,제 77 기,,제 76 기,,12,KRW,
20260317000635,11011,2025,00164779,SCE,자본변동표,dart_ChangesInConsolidatedCompanies,연결대상 범위의 변동,자본 [구성요소]|비지배지분 [구성요소],제 78 기,446000000.0,제 77 기,,제 76 기,,12,KRW,
20260317000635,11011,2025,00164779,SCE,자본변동표,dart_ChangesInConsolidatedCompanies,연결대상 범위의 변동,자본 [구성요소]|지배기업의 소유주에게 귀속되는 지분 [구성요소],제 78 기,0.0,제 77 기,,제 76 기,,12,KRW,
20260317000635,11011,2025,00164779,SCE,자본변동표,dart_ChangesInConsolidatedCompanies,연결대상 범위의 변동,자본 [구성요소]|지배기업의 소유주에게 귀속되는 지분 [구성요소]|기타자본구성요소 [구성요소],제 78 기,0.0,제 77 기,,제 76 기,,12,KRW,
20260317000635,11011,2025,00164779,SCE,자본변동표,dart_ChangesInConsolidatedCompanies,연결대상 범위의 변동,자본 [구성요소]|지배기업의 소유주에게 귀속되는 지분 [구성요소]|기타포괄손익누계액 [구성요소],제 78 기,0.0,제 77 기,,제 76 기,,12,KRW,
20260317000635,11011,2025,00164779,SCE,자본변동표,dart_ChangesInConsolidatedCompanies,연결대상 범위의 변동,자본 [구성요소]|지배기업의 소유주에게 귀속되는 지분 [구성요소]|이익잉여금 [구성요소],제 78 기,0.0,제 77 기,,제 76 기,,12,KRW,
20260317000635,11011,2025,00164779,SCE,자본변동표,dart_ChangesInConsolidatedCompanies,연결대상 범위의 변동,자본 [구성요소]|지배기업의 소유주에게 귀속되는 지분 [구성요소]|자본금 [구성요소],제 78 기,0.0,제 77 기,,제 76 기,,12,KRW,
20260317000635,11011,2025,00164779,SCE,자본변동표,dart_ChangesInConsolidatedCompanies,연결대상 범위의 변동,자본 [구성요소]|지배기업의 소유주에게 귀속되는 지분 [구성요소]|자본잉여금 [구성요소],제 78 기,0.0,제 77 기,,제 76 기,,12,KRW,
20260317000635,11011,2025,00164779,SCE,자본변동표,ifrs-full_DividendsPaid,배당금의 지급,연결재무제표 [member],제 78 기,1681166000000.0,제 77 기,826323000000.0,제 76 기,825575000000.0,13,KRW,
20260317000635,11011,2025,00164779,SCE,자본변동표,ifrs-full_DividendsPaid,배당금의 지급,자본 [구성요소]|비지배지분 [구성요소],제 78 기,0.0,제 77 기,0.0,제 76 기,0.0,13,KRW,
20260317000635,11011,2025,00164779,SCE,자본변동표,ifrs-full_DividendsPaid,배당금의 지급,자본 [구성요소]|지배기업의 소유주에게 귀속되는 지분 [구성요소],제 78 기,1681166000000.0,제 77 기,826323000000.0,제 76 기,825575000000.0,13,KRW,
20260317000635,11011,2025,00164779,SCE,자본변동표,ifrs-full_DividendsPaid,배당금의 지급,자본 [구성요소]|지배기업의 소유주에게 귀속되는 지분 [구성요소]|기타자본구성요소 [구성요소],제 78 기,0.0,제 77 기,0.0,제 76 기,0.0,13,KRW,
20260317000635,11011,2025,00164779,SCE,자본변동표,ifrs-full_DividendsPaid,배당금의 지급,자본 [구성요소]|지배기업의 소유주에게 귀속되는 지분 [구성요소]|기타포괄손익누계액 [구성요소],제 78 기,0.0,제 77 기,0.0,제 76 기,0.0,13,KRW,
20260317000635,11011,2025,00164779,SCE,자본변동표,ifrs-full_DividendsPaid,배당금의 지급,자본 [구성요소]|지배기업의 소유주에게 귀속되는 지분 [구성요소]|이익잉여금 [구성요소],제 78 기,1681166000000.0,제 77 기,826323000000.0,제 76 기,825575000000.0,13,KRW,
20260317000635,11011,2025,00164779,SCE,자본변동표,ifrs-full_DividendsPaid,배당금의 지급,자본 [구성요소]|지배기업의 소유주에게 귀속되는 지분 [구성요소]|자본금 [구성요소],제 78 기,0.0,제 77 기,0.0,제 76 기,0.0,13,KRW,
20260317000635,11011,2025,00164779,SCE,자본변동표,ifrs-full_DividendsPaid,배당금의 지급,자본 [구성요소]|지배기업의 소유주에게 귀속되는 지분 [구성요소]|자본잉여금 [구성요소],제 78 기,0.0,제 77 기,0.0,제 76 기,0.0,13,KRW,
20260317000635,11011,2025,00164779,SCE,자본변동표,ifrs-full_IncreaseDecreaseThroughChangesInOwnershipInterestsInSubsidiariesThatDoNotResultInLossOfControl,종속기업 유상증자 및 소유지분변동,연결재무제표 [member],제 78 기,73008000000.0,제 77 기,6032000000.0,제 76 기,-9221000000.0,14,KRW,
20260317000635,11011,2025,00164779,SCE,자본변동표,ifrs-full_IncreaseDecreaseThroughChangesInOwnershipInterestsInSubsidiariesThatDoNotResultInLossOfControl,종속기업 유상증자 및 소유지분변동,자본 [구성요소]|비지배지분 [구성요소],제 78 기,0.0,제 77 기,6032000000.0,제 76 기,-6753000000.0,14,KRW,
20260317000635,11011,2025,00164779,SCE,자본변동표,ifrs-full_IncreaseDecreaseThroughChangesInOwnershipInterestsInSubsidiariesThatDoNotResultInLossOfControl,종속기업 유상증자 및 소유지분변동,자본 [구성요소]|지배기업의 소유주에게 귀속되는 지분 [구성요소],제 78 기,73008000000.0,제 77 기,0.0,제 76 기,-2468000000.0,14,KRW,
20260317000635,11011,2025,00164779,SCE,자본변동표,ifrs-full_IncreaseDecreaseThroughChangesInOwnershipInterestsInSubsidiariesThatDoNotResultInLossOfControl,종속기업 유상증자 및 소유지분변동,자본 [구성요소]|지배기업의 소유주에게 귀속되는 지분 [구성요소]|기타자본구성요소 [구성요소],제 78 기,0.0,제 77 기,0.0,제 76 기,0.0,14,KRW,
20260317000635,11011,2025,00164779,SCE,자본변동표,ifrs-full_IncreaseDecreaseThroughChangesInOwnershipInterestsInSubsidiariesThatDoNotResultInLossOfControl,종속기업 유상증자 및 소유지분변동,자본 [구성요소]|지배기업의 소유주에게 귀속되는 지분 [구성요소]|기타포괄손익누계액 [구성요소],제 78 기,0.0,제 77 기,0.0,제 76 기,0.0,14,KRW,
20260317000635,11011,2025,00164779,SCE,자본변동표,ifrs-full_IncreaseDecreaseThroughChangesInOwnershipInterestsInSubsidiariesThatDoNotResultInLossOfControl,종속기업 유상증자 및 소유지분변동,자본 [구성요소]|지배기업의 소유주에게 귀속되는 지분 [구성요소]|이익잉여금 [구성요소],제 78 기,0.0,제 77 기,0.0,제 76 기,0.0,14,KRW,
20260317000635,11011,2025,00164779,SCE,자본변동표,ifrs-full_IncreaseDecreaseThroughChangesInOwnershipInterestsInSubsidiariesThatDoNotResultInLossOfControl,종속기업 유상증자 및 소유지분변동,자본 [구성요소]|지배기업의 소유주에게 귀속되는 지분 [구성요소]|자본금 [구성요소],제 78 기,0.0,제 77 기,0.0,제 76 기,0.0,14,KRW,
20260317000635,11011,2025,00164779,SCE,자본변동표,ifrs-full_IncreaseDecreaseThroughChangesInOwnershipInterestsInSubsidiariesThatDoNotResultInLossOfControl,종속기업 유상증자 및 소유지분변동,자본 [구성요소]|지배기업의 소유주에게 귀속되는 지분 [구성요소]|자본잉여금 [구성요소],제 78 기,73008000000.0,제 77 기,0.0,제 76 기,-2468000000.0,14,KRW,
20260317000635,11011,2025,00164779,SCE,자본변동표,ifrs-full_IncreaseDecreaseThroughSharebasedPaymentTransactions,주식선택권의 부여/행사,연결재무제표 [member],제 78 기,313313000000.0,제 77 기,60513000000.0,제 76 기,44138000000.0,15,KRW,
20260317000635,11011,2025,00164779,SCE,자본변동표,ifrs-full_IncreaseDecreaseThroughSharebasedPaymentTransactions,주식선택권의 부여/행사,자본 [구성요소]|비지배지분 [구성요소],제 78 기,104877000000.0,제 77 기,-4488000000.0,제 76 기,4530000000.0,15,KRW,
20260317000635,11011,2025,00164779,SCE,자본변동표,ifrs-full_IncreaseDecreaseThroughSharebasedPaymentTransactions,주식선택권의 부여/행사,자본 [구성요소]|지배기업의 소유주에게 귀속되는 지분 [구성요소]|자본잉여금 [구성요소],제 78 기,80477000000.0,제 77 기,38569000000.0,제 76 기,25291000000.0,15,KRW,
20260317000635,11011,2025,00164779,SCE,자본변동표,ifrs-full_IncreaseDecreaseThroughSharebasedPaymentTransactions,주식선택권의 부여/행사,자본 [구성요소]|지배기업의 소유주에게 귀속되는 지분 [구성요소]|자본금 [구성요소],제 78 기,0.0,제 77 기,0.0,제 76 기,0.0,15,KRW,
20260317000635,11011,2025,00164779,SCE,자본변동표,ifrs-full_IncreaseDecreaseThroughSharebasedPaymentTransactions,주식선택권의 부여/행사,자본 [구성요소]|지배기업의 소유주에게 귀속되는 지분 [구성요소]|이익잉여금 [구성요소],제 78 기,0.0,제 77 기,0.0,제 76 기,0.0,15,KRW,
20260317000635,11011,2025,00164779,SCE,자본변동표,ifrs-full_IncreaseDecreaseThroughSharebasedPaymentTransactions,주식선택권의 부여/행사,자본 [구성요소]|지배기업의 소유주에게 귀속되는 지분 [구성요소]|기타포괄손익누계액 [구성요소],제 78 기,0.0,제 77 기,0.0,제 76 기,0.0,15,KRW,
20260317000635,11011,2025,00164779,SCE,자본변동표,ifrs-full_IncreaseDecreaseThroughSharebasedPaymentTransactions,주식선택권의 부여/행사,자본 [구성요소]|지배기업의 소유주에게 귀속되는 지분 [구성요소]|기타자본구성요소 [구성요소],제 78 기,127959000000.0,제 77 기,26432000000.0,제 76 기,14317000000.0,15,KRW,
20260317000635,11011,2025,00164779,SCE,자본변동표,ifrs-full_IncreaseDecreaseThroughSharebasedPaymentTransactions,주식선택권의 부여/행사,자본 [구성요소]|지배기업의 소유주에게 귀속되는 지분 [구성요소],제 78 기,208436000000.0,제 77 기,65001000000.0,제 76 기,39608000000.0,15,KRW,
20260317000635,11011,2025,00164779,SCE,자본변동표,ifrs-full_SaleOrIssueOfTreasuryShares,자기주식의 처분,연결재무제표 [member],제 78 기,5028098000000.0,제 77 기,127308000000.0,제 76 기,41364000000.0,16,KRW,
20260317000635,11011,2025,00164779,SCE,자본변동표,ifrs-full_SaleOrIssueOfTreasuryShares,자기주식의 처분,자본 [구성요소]|지배기업의 소유주에게 귀속되는 지분 [구성요소]|자본금 [구성요소],제 78 기,0.0,제 77 기,0.0,제 76 기,0.0,16,KRW,
20260317000635,11011,2025,00164779,SCE,자본변동표,ifrs-full_SaleOrIssueOfTreasuryShares,자기주식의 처분,자본 [구성요소]|지배기업의 소유주에게 귀속되는 지분 [구성요소]|이익잉여금 [구성요소],제 78 기,0.0,제 77 기,0.0,제 76 기,0.0,16,KRW,
20260317000635,11011,2025,00164779,SCE,자본변동표,ifrs-full_SaleOrIssueOfTreasuryShares,자기주식의 처분,자본 [구성요소]|지배기업의 소유주에게 귀속되는 지분 [구성요소]|기타포괄손익누계액 [구성요소],제 78 기,0.0,제 77 기,0.0,제 76 기,0.0,16,KRW,
20260317000635,11011,2025,00164779,SCE,자본변동표,ifrs-full_SaleOrIssueOfTreasuryShares,자기주식의 처분,자본 [구성요소]|지배기업의 소유주에게 귀속되는 지분 [구성요소]|기타자본구성요소 [구성요소],제 78 기,714992000000.0,제 77 기,51313000000.0,제 76 기,27798000000.0,16,KRW,
20260317000635,11011,2025,00164779,SCE,자본변동표,ifrs-full_SaleOrIssueOfTreasuryShares,자기주식의 처분,자본 [구성요소]|지배기업의 소유주에게 귀속되는 지분 [구성요소],제 78 기,5028098000000.0,제 77 기,127308000000.0,제 76 기,41364000000.0,16,KRW,
20260317000635,11011,2025,00164779,SCE,자본변동표,ifrs-full_SaleOrIssueOfTreasuryShares,자기주식의 처분,자본 [구성요소]|비지배지분 [구성요소],제 78 기,0.0,제 77 기,0.0,제 76 기,0.0,16,KRW,
20260317000635,11011,2025,00164779,SCE,자본변동표,ifrs-full_SaleOrIssueOfTreasuryShares,자기주식의 처분,자본 [구성요소]|지배기업의 소유주에게 귀속되는 지분 [구성요소]|자본잉여금 [구성요소],제 78 기,4313106000000.0,제 77 기,75995000000.0,제 76 기,13566000000.0,16,KRW,
