rcept_no,reprt_code,bsns_year,corp_code,sj_div,sj_nm,account_id,account_nm,account_detail,thstrm_nm,thstrm_amount,frmtrm_nm,frmtrm_amount,bfefrmtrm_nm,bfefrmtrm_amount,ord,currency,thstrm_add_amount
20210309000744,11011,2020,00126380,BS,재무상태표,ifrs-full_CurrentAssets,유동자산,-,제 52 기,198215579000000.0,제 51 기,181385260000000.0,제 50 기,174697424000000.0,1,KRW,
20210309000744,11011,2020,00126380,BS,재무상태표,ifrs-full_CashAndCashEquivalents,현금및현금성자산,-,제 52 기,29382578000000.0,제 51 기,26885999000000.0,제 50 기,30340505000000.0,2,KRW,
20210309000744,11011,2020,00126380,BS,재무상태표,dart_ShortTermDepositsNotClassifiedAsCashEquivalents,단기금융상품,-,제 52 기,92441703000000.0,제 51 기,76252052000000.0,제 50 기,65893797000000.0,3,KRW,
20210309000744,11011,2020,00126380,BS,재무상태표,-표준계정코드 미사용-,단기상각후원가금융자산,-,제 52 기,2757111000000.0,제 51 기,3914216000000.0,제 50 기,2703693000000.0,4,KRW,
20210309000744,11011,2020,00126380,BS,재무상태표,ifrs-full_CurrentFinancialAssetsAtFairValueThroughProfitOrLossMandatorilyMeasuredAtFairValue,단기당기손익-공정가치금융자산,-,제 52 기,71451000000.0,제 51 기,1727436000000.0,제 50 기,2001948000000.0,5,KRW,
20210309000744,11011,2020,00126380,BS,재무상태표,dart_ShortTermTradeReceivable,매출채권,-,제 52 기,30965058000000.0,제 51 기,35131343000000.0,제 50 기,33867733000000.0,6,KRW,
20210309000744,11011,2020,00126380,BS,재무상태표,-표준계정코드 미사용-,미수금,-,제 52 기,3604539000000.0,제 51 기,4179120000000.0,제 50 기,3080733000000.0,7,KRW,
20210309000744,11011,2020,00126380,BS,재무상태표,-표준계정코드 미사용-,선급비용,-,제 52 기,2266100000000.0,제 51 기,2406220000000.0,제 50 기,4136167000000.0,8,KRW,
20210309000744,11011,2020,00126380,BS,재무상태표,ifrs-full_Inventories,재고자산,-,제 52 기,32043145000000.0,제 51 기,26766464000000.0,제 50 기,28984704000000.0,9,KRW,
20210309000744,11011,2020,00126380,BS,재무상태표,dart_OtherCurrentAssets,기타유동자산,-,제 52 기,3754462000000.0,제 51 기,4122410000000.0,제 50 기,3688144000000.0,10,KRW,
20210309000744,11011,2020,00126380,BS,재무상태표,-표준계정코드 미사용-,매각예정분류자산,-,제 52 기,929432000000.0,제 51 기,0.0,제 50 기,0.0,11,KRW,
20210309000744,11011,2020,00126380,BS,재무상태표,ifrs-full_NoncurrentAssets,비유동자산,-,제 52 기,180020139000000.0,제 51 기,171179237000000.0,제 50 기,164659820000000.0,12,KRW,
20210309000744,11011,2020,00126380,BS,재무상태표,-표준계정코드 미사용-,상각후원가금융자산,-,제 52 기,0.0,제 51 기,0.0,제 50 기,238309000000.0,13,KRW,
20210309000744,11011,2020,00126380,BS,재무상태표,-표준계정코드 미사용-,기타포괄손익-공정가치금융자산,-,제 52 기,12575216000000.0,제 51 기,8920712000000.0,제 50 기,7301351000000.0,14,KRW,
20210309000744,11011,2020,00126380,BS,재무상태표,-표준계정코드 미사용-,당기손익-공정가치금융자산,-,제 52 기,1202969000000.0,제 51 기,1049004000000.0,제 50 기,775427000000.0,15,KRW,
20210309000744,11011,2020,00126380,BS,재무상태표,-표준계정코드 미사용-,관계기업 및 공동기업 투자,-,제 52 기,8076779000000.0,제 51 기,7591612000000.0,제 50 기,7313206000000.0,16,KRW,
20210309000744,11011,2020,00126380,BS,재무상태표,ifrs-full_PropertyPlantAndEquipment,유형자산,-,제 52 기,128952892000000.0,제 51 기,119825474000000.0,제 50 기,115416724000000.0,17,KRW,
20210309000744,11011,2020,00126380,BS,재무상태표,ifrs-full_IntangibleAssetsOtherThanGoodwill,무형자산,-,제 52 기,18468502000000.0,제 51 기,20703504000000.0,제 50 기,14891598000000.0,18,KRW,
20210309000744,11011,2020,00126380,BS,재무상태표,dart_DepositsForSeveranceInsurance,순확정급여자산,-,제 52 기,1355502000000.0,제 51 기,589832000000.0,제 50 기,562356000000.0,19,KRW,
20210309000744,11011,2020,00126380,BS,재무상태표,ifrs-full_DeferredTaxAssets,이연법인세자산,-,제 52 기,4275000000000.0,제 51 기,4505049000000.0,제 50 기,5468002000000.0,20,KRW,
20210309000744,11011,2020,00126380,BS,재무상태표,dart_OtherNonCurrentAssets,기타비유동자산,-,제 52 기,5113279000000.0,제 51 기,7994050000000.0,제 50 기,12692847000000.0,21,KRW,
20210309000744,11011,2020,00126380,BS,재무상태표,ifrs-full_Assets,자산총계,-,제 52 기,378235718000000.0,제 51 기,352564497000000.0,제 50 기,339357244000000.0,22,KRW,
20210309000744,11011,2020,00126380,BS,재무상태표,ifrs-full_CurrentLiabilities,유동부채,-,제 52 기,75604351000000.0,제 51 기,63782764000000.0,제 50 기,69081510000000.0,24,KRW,
20210309000744,11011,2020,00126380,BS,재무상태표,-표준계정코드 미사용-,매입채무,-,제 52 기,9739222000000.0,제 51 기,8718222000000.0,제 50 기,8479916000000.0,25,KRW,
20210309000744,11011,2020,00126380,BS,재무상태표,ifrs-full_ShorttermBorrowings,단기차입금,-,제 52 기,16553429000000.0,제 51 기,14393468000000.0,제 50 기,13586660000000.0,26,KRW,
20210309000744,11011,2020,00126380,BS,재무상태표,-표준계정코드 미사용-,미지급금,-,제 52 기,11899022000000.0,제 51 기,12002513000000.0,제 50 기,10711536000000.0,27,KRW,
20210309000744,11011,2020,00126380,BS,재무상태표,-표준계정코드 미사용-,선수금,-,제 52 기,1145423000000.0,제 51 기,1072062000000.0,제 50 기,820265000000.0,28,KRW,
20210309000744,11011,2020,00126380,BS,재무상태표,-표준계정코드 미사용-,예수금,-,제 52 기,974521000000.0,제 51 기,897355000000.0,제 50 기,951254000000.0,29,KRW,
20210309000744,11011,2020,00126380,BS,재무상태표,-표준계정코드 미사용-,미지급비용,-,제 52 기,24330339000000.0,제 51 기,19359624000000.0,제 50 기,20339687000000.0,30,KRW,
20210309000744,11011,2020,00126380,BS,재무상태표,ifrs-full_CurrentTaxLiabilities,당기법인세부채,-,제 52 기,4430272000000.0,제 51 기,1387773000000.0,제 50 기,8720050000000.0,31,KRW,
20210309000744,11011,2020,00126380,BS,재무상태표,-표준계정코드 미사용-,유동성장기부채,-,제 52 기,716099000000.0,제 51 기,846090000000.0,제 50 기,33386000000.0,32,KRW,
20210309000744,11011,2020,00126380,BS,재무상태표,ifrs-full_CurrentProvisions,충당부채,-,제 52 기,4349563000000.0,제 51 기,4068627000000.0,제 50 기,4384038000000.0,33,KRW,
20210309000744,11011,2020,00126380,BS,재무상태표,dart_OtherCurrentLiabilities,기타유동부채,-,제 52 기,1127719000000.0,제 51 기,1037030000000.0,제 50 기,1054718000000.0,34,KRW,
20210309000744,11011,2020,00126380,BS,재무상태표,-표준계정코드 미사용-,매각예정분류부채,-,제 52 기,338742000000.0,제 51 기,0.0,제 50 기,0.0,35,KRW,
20210309000744,11011,2020,00126380,BS,재무상태표,ifrs-full_NoncurrentLiabilities,비유동부채,-,제 52 기,26683351000000.0,제 51 기,25901312000000.0,제 50 기,22522557000000.0,36,KRW,
20210309000744,11011,2020,00126380,BS,재무상태표,dart_BondsIssued,사채,-,제 52 기,948137000000.0,제 51 기,975298000000.0,제 50 기,961972000000.0,37,KRW,
20210309000744,11011,2020,00126380,BS,재무상태표,dart_LongTermBorrowingsGross,장기차입금,-,제 52 기,1999716000000.0,제 51 기,2197181000000.0,제 50 기,85085000000.0,38,KRW,
20210309000744,11011,2020,00126380,BS,재무상태표,dart_LongTermOtherPayablesGross,장기미지급금,-,제 52 기,1682910000000.0,제 51 기,2184249000000.0,제 50 기,3194043000000.0,39,KRW,
20210309000744,11011,2020,00126380,BS,재무상태표,dart_PostemploymentBenefitObligations,순확정급여부채,-,제 52 기,464458000000.0,제 51 기,470780000000.0,제 50 기,504064000000.0,40,KRW,
20210309000744,11011,2020,00126380,BS,재무상태표,ifrs-full_DeferredTaxLiabilities,이연법인세부채,-,제 52 기,18810845000000.0,제 51 기,17053808000000.0,제 50 기,15162523000000.0,41,KRW,
20210309000744,11011,2020,00126380,BS,재무상태표,ifrs-full_NoncurrentProvisions,장기충당부채,-,제 52 기,1051428000000.0,제 51 기,611100000000.0,제 50 기,663619000000.0,42,KRW,
20210309000744,11011,2020,00126380,BS,재무상태표,dart_OtherNonCurrentLiabilities,기타비유동부채,-,제 52 기,1725857000000.0,제 51 기,2408896000000.0,제 50 기,1951251000000.0,43,KRW,
20210309000744,11011,2020,00126380,BS,재무상태표,ifrs-full_Liabilities,부채총계,-,제 52 기,102287702000000.0,제 51 기,89684076000000.0,제 50 기,91604067000000.0,44,KRW,
20210309000744,11011,2020,00126380,BS,재무상태표,ifrs-full_EquityAttributableToOwnersOfParent,지배기업 소유주지분,-,제 52 기,267670331000000.0,제 51 기,254915472000000.0,제 50 기,240068993000000.0,46,KRW,
20210309000744,11011,2020,00126380,BS,재무상태표,ifrs-full_IssuedCapital,자본금,-,제 52 기,897514000000.0,제 51 기,897514000000.0,제 50 기,897514000000.0,47,KRW,
20210309000744,11011,2020,00126380,BS,재무상태표,dart_IssuedCapitalOfPreferredStock,우선주자본금,-,제 52 기,119467000000.0,제 51 기,119467000000.0,제 50 기,119467000000.0,48,KRW,
20210309000744,11011,2020,00126380,BS,재무상태표,dart_IssuedCapitalOfCommonStock,보통주자본금,-,제 52 기,778047000000.0,제 51 기,778047000000.0,제 50 기,778047000000.0,49,KRW,
20210309000744,11011,2020,00126380,BS,재무상태표,ifrs-full_SharePremium,주식발행초과금,-,제 52 기,4403893000000.0,제 51 기,4403893000000.0,제 50 기,4403893000000.0,50,KRW,
20210309000744,11011,2020,00126380,BS,재무상태표,ifrs-full_RetainedEarnings,이익잉여금(결손금),-,제 52 기,271068211000000.0,제 51 기,254582894000000.0,제 50 기,242698956000000.0,51,KRW,
20210309000744,11011,2020,00126380,BS,재무상태표,dart_ElementsOfOtherStockholdersEquity,기타자본항목,-,제 52 기,-8687155000000.0,제 51 기,-4968829000000.0,제 50 기,-7931370000000.0,52,KRW,
20210309000744,11011,2020,00126380,BS,재무상태표,-표준계정코드 미사용-,매각예정분류기타자본항목,-,제 52 기,-12132000000.0,제 51 기,0.0,제 50 기,0.0,53,KRW,
20210309000744,11011,2020,00126380,BS,재무상태표,ifrs-full_NoncontrollingInterests,비지배지분,-,제 52 기,8277685000000.0,제 51 기,7964949000000.0,제 50 기,7684184000000.0,54,KRW,
20210309000744,11011,2020,00126380,BS,재무상태표,ifrs-full_Equity,자본총계,-,제 52 기,275948016000000.0,제 51 기,262880421000000.0,제 50 기,247753177000000.0,55,KRW,
20210309000744,11011,2020,00126380,BS,재무상태표,ifrs-full_EquityAndLiabilities,부채와자본총계,-,제 52 기,378235718000000.0,제 51 기,352564497000000.0,제 50 기,339357244000000.0,56,KRW,
20210309000744,11011,2020,00126380,IS,손익계산서,ifrs-full_Revenue,수익(매출액),-,제 52 기,236806988000000.0,제 51 기,230400881000000.0,제 50 기,243771415000000.0,0,KRW,
20210309000744,11011,2020,00126380,IS,손익계산서,ifrs-full_CostOfSales,매출원가,-,제 52 기,144488296000000.0,제 51 기,147239549000000.0,제 50 기,132394411000000.0,1,KRW,
20210309000744,11011,2020,00126380,IS,손익계산서,ifrs-full_GrossProfit,매출총이익,-,제 52 기,92318692000000.0,제 51 기,83161332000000.0,제 50 기,111377004000000.0,2,KRW,
20210309000744,11011,2020,00126380,IS,손익계산서,dart_TotalSellingGeneralAdministrativeExpenses,판매비와관리비,-,제 52 기,56324816000000.0,제 51 기,55392823000000.0,제 50 기,52490335000000.0,3,KRW,
20210309000744,11011,2020,00126380,IS,손익계산서,dart_OperatingIncomeLoss,영업이익,-,제 52 기,35993876000000.0,제 51 기,27768509000000.0,제 50 기,58886669000000.0,4,KRW,
20210309000744,11011,2020,00126380,IS,손익계산서,dart_OtherGains,기타수익,-,제 52 기,1384068000000.0,제 51 기,1778666000000.0,제 50 기,1485037000000.0,5,KRW,
20210309000744,11011,2020,00126380,IS,손익계산서,dart_OtherLosses,기타비용,-,제 52 기,2488902000000.0,제 51 기,1414707000000.0,제 50 기,1142018000000.0,6,KRW,
20210309000744,11011,2020,00126380,IS,손익계산서,-표준계정코드 미사용-,지분법이익,-,제 52 기,506530000000.0,제 51 기,412960000000.0,제 50 기,539845000000.0,7,KRW,
20210309000744,11011,2020,00126380,IS,손익계산서,ifrs-full_FinanceIncome,금융수익,-,제 52 기,12267600000000.0,제 51 기,10161632000000.0,제 50 기,9999321000000.0,8,KRW,
20210309000744,11011,2020,00126380,IS,손익계산서,-표준계정코드 미사용-,금융비용,-,제 52 기,11318055000000.0,제 51 기,8274871000000.0,제 50 기,8608896000000.0,9,KRW,
20210309000744,11011,2020,00126380,IS,손익계산서,ifrs-full_ProfitLossBeforeTax,법인세비용차감전순이익(손실),-,제 52 기,36345117000000.0,제 51 기,30432189000000.0,제 50 기,61159958000000.0,10,KRW,
20210309000744,11011,2020,00126380,IS,손익계산서,ifrs-full_IncomeTaxExpenseContinuingOperations,법인세비용,-,제 52 기,9937285000000.0,제 51 기,8693324000000.0,제 50 기,16815101000000.0,11,KRW,
20210309000744,11011,2020,00126380,IS,손익계산서,ifrs-full_ProfitLossFromContinuingOperations,계속영업이익(손실),-,제 52 기,26407832000000.0,제 51 기,21738865000000.0,제 50 기,44344857000000.0,12,KRW,
20210309000744,11011,2020,00126380,IS,손익계산서,ifrs-full_ProfitLoss,당기순이익(손실),-,제 52 기,26407832000000.0,제 51 기,21738865000000.0,제 50 기,44344857000000.0,13,KRW,
20210309000744,11011,2020,00126380,IS,손익계산서,ifrs-full_ProfitLossAttributableToOwnersOfParent,지배기업의 소유주에게 귀속되는 당기순이익(손실),-,제 52 기,26090846000000.0,제 51 기,21505054000000.0,제 50 기,43890877000000.0,15,KRW,
20210309000744,11011,2020,00126380,IS,손익계산서,ifrs-full_ProfitLossAttributableToNoncontrollingInterests,비지배지분에 귀속되는 당기순이익(손실),-,제 52 기,316986000000.0,제 51 기,233811000000.0,제 50 기,453980000000.0,16,KRW,
20210309000744,11011,2020,00126380,IS,손익계산서,ifrs-full_BasicEarningsLossPerShare,기본주당이익(손실),-,제 52 기,3841.0,제 51 기,3166.0,제 50 기,6461.0,18,KRW,
20210309000744,11011,2020,00126380,IS,손익계산서,ifrs-full_DilutedEarningsLossPerShare,희석주당이익(손실),-,제 52 기,3841.0,제 51 기,3166.0,제 50 기,6461.0,19,KRW,
20210309000744,11011,2020,00126380,CIS,포괄손익계산서,ifrs-full_ProfitLoss,당기순이익(손실),-,제 52 기,26407832000000.0,제 51 기,21738865000000.0,제 50 기,44344857000000.0,0,KRW,
20210309000744,11011,2020,00126380,CIS,포괄손익계산서,ifrs-full_OtherComprehensiveIncome,기타포괄손익,-,제 52 기,-3673905000000.0,제 51 기,3016194000000.0,제 50 기,-12242000000.0,1,KRW,
20210309000744,11011,2020,00126380,CIS,포괄손익계산서,dart_OtherComprehensiveIncomeThatWillNotBeReclassifiedToProfitOrLossNetOfTax,후속적으로 당기손익으로 재분류되지 않는 포괄손익,-,제 52 기,1788764000000.0,제 51 기,-50765000000.0,제 50 기,-656647000000.0,2,KRW,
20210309000744,11011,2020,00126380,CIS,포괄손익계산서,-표준계정코드 미사용-,기타포괄손익-공정가치금융자산평가손익,-,제 52 기,2502733000000.0,제 51 기,1146599000000.0,제 50 기,-235865000000.0,3,KRW,
20210309000744,11011,2020,00126380,CIS,포괄손익계산서,dart_ShareOfOtherComprehensiveIncomeOfAssociatesAndJointVenturesAccountedForUsingEquityMethodThatWillNotBeReclassifiedToProfitOrLossNetOfTax,관계기업 및 공동기업의 기타포괄손익에 대한 지분,-,제 52 기,5591000000.0,제 51 기,-16896000000.0,제 50 기,-10631000000.0,4,KRW,
20210309000744,11011,2020,00126380,CIS,포괄손익계산서,dart_OtherComprehensiveIncomeNetOfTaxGainsLossesOnRemeasurementsOfDefinedBenefitPlans,순확정급여부채(자산) 재측정요소,-,제 52 기,-719560000000.0,제 51 기,-1180468000000.0,제 50 기,-410151000000.0,5,KRW,
20210309000744,11011,2020,00126380,CIS,포괄손익계산서,dart_OtherComprehensiveIncomeThatWillBeReclassifiedToProfitOrLossNetOfTax,후속적으로 당기손익으로 재분류되는 포괄손익,-,제 52 기,-5462669000000.0,제 51 기,3066959000000.0,제 50 기,644405000000.0,6,KRW,
20210309000744,11011,2020,00126380,CIS,포괄손익계산서,dart_ShareOfOtherComprehensiveIncomeOfAssociatesAndJointVenturesAccountedForUsingEquityMethodThatWillBeReclassifiedToProfitOrLossNetOfTax,관계기업 및 공동기업의 기타포괄손익에 대한 지분,-,제 52 기,-48888000000.0,제 51 기,48649000000.0,제 50 기,6688000000.0,7,KRW,
20210309000744,11011,2020,00126380,CIS,포괄손익계산서,ifrs-full_GainsLossesOnExchangeDifferencesOnTranslationNetOfTax,해외사업장환산외환차이,-,제 52 기,-5380375000000.0,제 51 기,3016499000000.0,제 50 기,590638000000.0,8,KRW,
20210309000744,11011,2020,00126380,CIS,포괄손익계산서,ifrs-full_GainsLossesOnCashFlowHedgesNetOfTax,현금흐름위험회피파생상품평가손익,-,제 52 기,-33406000000.0,제 51 기,1811000000.0,제 50 기,47079000000.0,9,KRW,
20210309000744,11011,2020,00126380,CIS,포괄손익계산서,ifrs-full_ComprehensiveIncome,총포괄손익,-,제 52 기,22733927000000.0,제 51 기,24755059000000.0,제 50 기,44332615000000.0,10,KRW,
20210309000744,11011,2020,00126380,CIS,포괄손익계산서,ifrs-full_ComprehensiveIncomeAttributableToOwnersOfParent,지배기업 소유주지분,-,제 52 기,22374398000000.0,제 51 기,24466985000000.0,제 50 기,43882473000000.0,12,KRW,
20210309000744,11011,2020,00126380,CIS,포괄손익계산서,ifrs-full_ComprehensiveIncomeAttributableToNoncontrollingInterests,비지배지분,-,제 52 기,359529000000.0,제 51 기,288074000000.0,제 50 기,450142000000.0,13,KRW,
20210309000744,11011,2020,00126380,CF,현금흐름표,ifrs-full_CashFlowsFromUsedInOperatingActivities,영업활동 현금흐름,-,제 52 기,65287009000000.0,제 51 기,45382915000000.0,제 50 기,67031863000000.0,0,KRW,
20210309000744,11011,2020,00126380,CF,현금흐름표,-표준계정코드 미사용-,영업에서 창출된 현금흐름,-,제 52 기,68148810000000.0,제 51 기,56635791000000.0,제 50 기,78025064000000.0,1,KRW,
20210309000744,11011,2020,00126380,CF,현금흐름표,-표준계정코드 미사용-,당기순이익,-,제 52 기,26407832000000.0,제 51 기,21738865000000.0,제 50 기,44344857000000.0,2,KRW,
20210309000744,11011,2020,00126380,CF,현금흐름표,-표준계정코드 미사용-,조정,-,제 52 기,41618554000000.0,제 51 기,37442682000000.0,제 50 기,43604573000000.0,3,KRW,
20210309000744,11011,2020,00126380,CF,현금흐름표,-표준계정코드 미사용-,영업활동으로 인한 자산부채의 변동,-,제 52 기,122424000000.0,제 51 기,-2545756000000.0,제 50 기,-9924366000000.0,4,KRW,
20210309000744,11011,2020,00126380,CF,현금흐름표,ifrs-full_InterestReceivedClassifiedAsOperatingActivities,이자의 수취,-,제 52 기,2220209000000.0,제 51 기,2306401000000.0,제 50 기,1788520000000.0,5,KRW,
20210309000744,11011,2020,00126380,CF,현금흐름표,ifrs-full_InterestPaidClassifiedAsOperatingActivities,이자의 지급,-,제 52 기,555321000000.0,제 51 기,579979000000.0,제 50 기,548272000000.0,6,KRW,
20210309000744,11011,2020,00126380,CF,현금흐름표,ifrs-full_DividendsReceivedClassifiedAsOperatingActivities,배당금 수입,-,제 52 기,243666000000.0,제 51 기,241801000000.0,제 50 기,215992000000.0,7,KRW,
20210309000744,11011,2020,00126380,CF,현금흐름표,ifrs-full_IncomeTaxesPaidRefundClassifiedAsOperatingActivities,법인세 납부액,-,제 52 기,4770355000000.0,제 51 기,13221099000000.0,제 50 기,12449441000000.0,8,KRW,
20210309000744,11011,2020,00126380,CF,현금흐름표,ifrs-full_CashFlowsFromUsedInInvestingActivities,투자활동 현금흐름,-,제 52 기,-53628591000000.0,제 51 기,-39948171000000.0,제 50 기,-52240453000000.0,9,KRW,
20210309000744,11011,2020,00126380,CF,현금흐름표,-표준계정코드 미사용-,단기금융상품의 순감소(증가),-,제 52 기,-20369616000000.0,제 51 기,-2030913000000.0,제 50 기,-12368298000000.0,10,KRW,
20210309000744,11011,2020,00126380,CF,현금흐름표,-표준계정코드 미사용-,단기상각후원가금융자산의 순감소(증가),-,제 52 기,184104000000.0,제 51 기,-818089000000.0,제 50 기,-1436844000000.0,11,KRW,
20210309000744,11011,2020,00126380,CF,현금흐름표,-표준계정코드 미사용-,단기당기손익-공정가치금융자산의 순감소(증가),-,제 52 기,1704512000000.0,제 51 기,374982000000.0,제 50 기,-139668000000.0,12,KRW,
20210309000744,11011,2020,00126380,CF,현금흐름표,dart_ProceedsFromSalesOfLongTermFinancialInstruments,장기금융상품의 처분,-,제 52 기,12184301000000.0,제 51 기,4586610000000.0,제 50 기,255850000000.0,13,KRW,
20210309000744,11011,2020,00126380,CF,현금흐름표,dart_PurchaseOfLongTermFinancialInstruments,장기금융상품의 취득,-,제 52 기,8019263000000.0,제 51 기,12725465000000.0,제 50 기,7678654000000.0,14,KRW,
20210309000744,11011,2020,00126380,CF,현금흐름표,-표준계정코드 미사용-,상각후원가금융자산의 처분,-,제 52 기,1023117000000.0,제 51 기,694584000000.0,제 50 기,0.0,15,KRW,
20210309000744,11011,2020,00126380,CF,현금흐름표,-표준계정코드 미사용-,상각후원가금융자산의 취득,-,제 52 기,0.0,제 51 기,-825027000000.0,제 50 기,-158716000000.0,16,KRW,
20210309000744,11011,2020,00126380,CF,현금흐름표,-표준계정코드 미사용-,기타포괄손익-공정가치금융자산의 처분,-,제 52 기,32128000000.0,제 51 기,1575000000.0,제 50 기,16211000000.0,17,KRW,
20210309000744,11011,2020,00126380,CF,현금흐름표,-표준계정코드 미사용-,기타포괄손익-공정가치금융자산의 취득,-,제 52 기,-245497000000.0,제 51 기,-63773000000.0,제 50 기,-456134000000.0,18,KRW,
20210309000744,11011,2020,00126380,CF,현금흐름표,-표준계정코드 미사용-,당기손익-공정가치금융자산의 처분,-,제 52 기,39746000000.0,제 51 기,64321000000.0,제 50 기,80138000000.0,19,KRW,
20210309000744,11011,2020,00126380,CF,현금흐름표,-표준계정코드 미사용-,당기손익-공정가치금융자산의 취득,-,제 52 기,-84184000000.0,제 51 기,-135826000000.0,제 50 기,-193848000000.0,20,KRW,
20210309000744,11011,2020,00126380,CF,현금흐름표,-표준계정코드 미사용-,관계기업 및 공동기업 투자의 처분,-,제 52 기,0.0,제 51 기,12149000000.0,제 50 기,148000000.0,21,KRW,
20210309000744,11011,2020,00126380,CF,현금흐름표,-표준계정코드 미사용-,관계기업 및 공동기업 투자의 취득,-,제 52 기,-83280000000.0,제 51 기,-12778000000.0,제 50 기,-51226000000.0,22,KRW,
20210309000744,11011,2020,00126380,CF,현금흐름표,ifrs-full_ProceedsFromSalesOfPropertyPlantAndEquipmentClassifiedAsInvestingActivities,유형자산의 처분,-,제 52 기,376744000000.0,제 51 기,513265000000.0,제 50 기,556973000000.0,23,KRW,
20210309000744,11011,2020,00126380,CF,현금흐름표,ifrs-full_PurchaseOfPropertyPlantAndEquipmentClassifiedAsInvestingActivities,유형자산의 취득,-,제 52 기,37592034000000.0,제 51 기,25367756000000.0,제 50 기,29556406000000.0,24,KRW,
20210309000744,11011,2020,00126380,CF,현금흐름표,ifrs-full_ProceedsFromSalesOfIntangibleAssetsClassifiedAsInvestingActivities,무형자산의 처분,-,제 52 기,7027000000.0,제 51 기,7241000000.0,제 50 기,11935000000.0,25,KRW,
20210309000744,11011,2020,00126380,CF,현금흐름표,ifrs-full_PurchaseOfIntangibleAssetsClassifiedAsInvestingActivities,무형자산의 취득,-,제 52 기,2679779000000.0,제 51 기,3249914000000.0,제 50 기,1020517000000.0,26,KRW,
20210309000744,11011,2020,00126380,CF,현금흐름표,-표준계정코드 미사용-,사업결합으로 인한 현금유출액,-,제 52 기,-49420000000.0,제 51 기,-1019405000000.0,제 50 기,-99108000000.0,27,KRW,
20210309000744,11011,2020,00126380,CF,현금흐름표,-표준계정코드 미사용-,기타투자활동으로 인한 현금유출입액,-,제 52 기,-57197000000.0,제 51 기,46048000000.0,제 50 기,-2289000000.0,28,KRW,
20210309000744,11011,2020,00126380,CF,현금흐름표,ifrs-full_CashFlowsFromUsedInFinancingActivities,재무활동 현금흐름,-,제 52 기,-8327839000000.0,제 51 기,-9484510000000.0,제 50 기,-15090222000000.0,29,KRW,
20210309000744,11011,2020,00126380,CF,현금흐름표,-표준계정코드 미사용-,단기차입금의 순증가(감소),-,제 52 기,2191186000000.0,제 51 기,865792000000.0,제 50 기,-2046470000000.0,30,KRW,
20210309000744,11011,2020,00126380,CF,현금흐름표,dart_AcquisitionOfTreasuryShares,자기주식의 취득,-,제 52 기,0.0,제 51 기,0.0,제 50 기,875111000000.0,31,KRW,
20210309000744,11011,2020,00126380,CF,현금흐름표,-표준계정코드 미사용-,장기차입금의 차입,-,제 52 기,14495000000.0,제 51 기,0.0,제 50 기,3580000000.0,32,KRW,
20210309000744,11011,2020,00126380,CF,현금흐름표,dart_RepaymentsOfLongTermBorrowings,사채 및 장기차입금의 상환,-,제 52 기,864947000000.0,제 51 기,709400000000.0,제 50 기,1986597000000.0,33,KRW,
20210309000744,11011,2020,00126380,CF,현금흐름표,ifrs-full_DividendsPaidClassifiedAsFinancingActivities,배당금의 지급,-,제 52 기,9676760000000.0,제 51 기,9639202000000.0,제 50 기,10193695000000.0,34,KRW,
20210309000744,11011,2020,00126380,CF,현금흐름표,-표준계정코드 미사용-,비지배지분의 증감,-,제 52 기,8187000000.0,제 51 기,-1700000000.0,제 50 기,8071000000.0,35,KRW,
20210309000744,11011,2020,00126380,CF,현금흐름표,-표준계정코드 미사용-,매각예정분류,-,제 52 기,-139000000.0,제 51 기,0.0,제 50 기,0.0,36,KRW,
20210309000744,11011,2020,00126380,CF,현금흐름표,ifrs-full_EffectOfExchangeRateChangesOnCashAndCashEquivalents,외화환산으로 인한 현금의 변동,-,제 52 기,-833861000000.0,제 51 기,595260000000.0,제 50 기,94187000000.0,37,KRW,
20210309000744,11011,2020,00126380,CF,현금흐름표,ifrs-full_IncreaseDecreaseInCashAndCashEquivalents,현금및현금성자산의 순증감,-,제 52 기,2496579000000.0,제 51 기,-3454506000000.0,제 50 기,-204625000000.0,38,KRW,
20210309000744,11011,2020,00126380,CF,현금흐름표,dart_CashAndCashEquivalentsAtBeginningOfPeriodCf,기초의 현금및현금성자산,-,제 52 기,26885999000000.0,제 51 기,30340505000000.0,제 50 기,30545130000000.0,39,KRW,
20210309000744,11011,2020,00126380,CF,현금흐름표,dart_CashAndCashEquivalentsAtEndOfPeriodCf,기말의 현금및현금성자산,-,제 52 기,29382578000000.0,제 51 기,26885999000000.0,제 50 기,30340505000000.0,40,KRW,
20210309000744,11011,2020,00126380,SCE,자본변동표,dart_EquityAtBeginningOfPeriod,기초자본,연결재무제표 [member],제 52 기,262880421000000.0,제 51 기,247753177000000.0,제 50 기,214491428000000.0,1,KRW,
20210309000744,11011,2020,00126380,SCE,자본변동표,dart_EquityAtBeginningOfPeriod,기초자본,자본 [member]|지배기업 소유주지분|기타자본항목,제 52 기,-4968829000000.0,제 51 기,-7931370000000.0,제 50 기,-13899191000000.0,1,KRW,
20210309000744,11011,2020,00126380,SCE,자본변동표,dart_EquityAtBeginningOfPeriod,기초자본,자본 [member]|지배기업 소유주지분,제 52 기,254915472000000.0,제 51 기,240068993000000.0,제 50 기,207213416000000.0,1,KRW,
20210309000744,11011,2020,00126380,SCE,자본변동표,dart_EquityAtBeginningOfPeriod,기초자본,자본 [member]|비지배지분 [member],제 52 기,7964949000000.0,제 51 기,7684184000000.0,제 50 기,7278012000000.0,1,KRW,
20210309000744,11011,2020,00126380,SCE,자본변동표,dart_EquityAtBeginningOfPeriod,기초자본,자본 [member]|지배기업 소유주지분|매각예정분류기타자본항목,제 52 기,0.0,제 51 기,0.0,제 50 기,0.0,1,KRW,
20210309000744,11011,2020,00126380,SCE,자본변동표,dart_EquityAtBeginningOfPeriod,기초자본,자본 [member]|지배기업 소유주지분|이익잉여금 [member],제 52 기,254582894000000.0,제 51 기,242698956000000.0,제 50 기,215811200000000.0,1,KRW,
20210309000744,11011,2020,00126380,SCE,자본변동표,dart_EquityAtBeginningOfPeriod,기초자본,자본 [member]|지배기업 소유주지분|자본금 [member],제 52 기,897514000000.0,제 51 기,897514000000.0,제 50 기,897514000000.0,1,KRW,
20210309000744,11011,2020,00126380,SCE,자본변동표,dart_EquityAtBeginningOfPeriod,기초자본,자본 [member]|지배기업 소유주지분|주식발행초과금,제 52 기,4403893000000.0,제 51 기,4403893000000.0,제 50 기,4403893000000.0,1,KRW,
20210309000744,11011,2020,00126380,SCE,자본변동표,-표준계정코드 미사용-,회계정책변경누적효과,자본 [member]|지배기업 소유주지분|자본금 [member],제 52 기,0.0,제 51 기,0.0,제 50 기,0.0,2,KRW,
20210309000744,11011,2020,00126380,SCE,자본변동표,-표준계정코드 미사용-,회계정책변경누적효과,자본 [member]|지배기업 소유주지분|이익잉여금 [member],제 52 기,0.0,제 51 기,0.0,제 50 기,246529000000.0,2,KRW,
20210309000744,11011,2020,00126380,SCE,자본변동표,-표준계정코드 미사용-,회계정책변경누적효과,자본 [member]|지배기업 소유주지분|매각예정분류기타자본항목,제 52 기,0.0,제 51 기,0.0,제 50 기,0.0,2,KRW,
20210309000744,11011,2020,00126380,SCE,자본변동표,-표준계정코드 미사용-,회계정책변경누적효과,자본 [member]|지배기업 소유주지분|주식발행초과금,제 52 기,0.0,제 51 기,0.0,제 50 기,0.0,2,KRW,
20210309000744,11011,2020,00126380,SCE,자본변동표,-표준계정코드 미사용-,회계정책변경누적효과,자본 [member]|지배기업 소유주지분,제 52 기,0.0,제 51 기,0.0,제 50 기,-15205000000.0,2,KRW,
20210309000744,11011,2020,00126380,SCE,자본변동표,-표준계정코드 미사용-,회계정책변경누적효과,자본 [member]|비지배지분 [member],제 52 기,0.0,제 51 기,0.0,제 50 기,0.0,2,KRW,
20210309000744,11011,2020,00126380,SCE,자본변동표,-표준계정코드 미사용-,회계정책변경누적효과,연결재무제표 [member],제 52 기,0.0,제 51 기,0.0,제 50 기,-15205000000.0,2,KRW,
20210309000744,11011,2020,00126380,SCE,자본변동표,-표준계정코드 미사용-,회계정책변경누적효과,자본 [member]|지배기업 소유주지분|기타자본항목,제 52 기,0.0,제 51 기,0.0,제 50 기,-261734000000.0,2,KRW,
20210309000744,11011,2020,00126380,SCE,자본변동표,-표준계정코드 미사용-,수정후 기초자본,연결재무제표 [member],제 52 기,262880421000000.0,제 51 기,247753177000000.0,제 50 기,214476223000000.0,3,KRW,
20210309000744,11011,2020,00126380,SCE,자본변동표,-표준계정코드 미사용-,수정후 기초자본,자본 [member]|비지배지분 [member],제 52 기,7964949000000.0,제 51 기,7684184000000.0,제 50 기,7278012000000.0,3,KRW,
20210309000744,11011,2020,00126380,SCE,자본변동표,-표준계정코드 미사용-,수정후 기초자본,자본 [member]|지배기업 소유주지분,제 52 기,254915472000000.0,제 51 기,240068993000000.0,제 50 기,207198211000000.0,3,KRW,
20210309000744,11011,2020,00126380,SCE,자본변동표,-표준계정코드 미사용-,수정후 기초자본,자본 [member]|지배기업 소유주지분|매각예정분류기타자본항목,제 52 기,0.0,제 51 기,0.0,제 50 기,0.0,3,KRW,
20210309000744,11011,2020,00126380,SCE,자본변동표,-표준계정코드 미사용-,수정후 기초자본,자본 [member]|지배기업 소유주지분|기타자본항목,제 52 기,-4968829000000.0,제 51 기,-7931370000000.0,제 50 기,-14160925000000.0,3,KRW,
20210309000744,11011,2020,00126380,SCE,자본변동표,-표준계정코드 미사용-,수정후 기초자본,자본 [member]|지배기업 소유주지분|이익잉여금 [member],제 52 기,254582894000000.0,제 51 기,242698956000000.0,제 50 기,216057729000000.0,3,KRW,
20210309000744,11011,2020,00126380,SCE,자본변동표,-표준계정코드 미사용-,수정후 기초자본,자본 [member]|지배기업 소유주지분|자본금 [member],제 52 기,897514000000.0,제 51 기,897514000000.0,제 50 기,897514000000.0,3,KRW,
20210309000744,11011,2020,00126380,SCE,자본변동표,-표준계정코드 미사용-,수정후 기초자본,자본 [member]|지배기업 소유주지분|주식발행초과금,제 52 기,4403893000000.0,제 51 기,4403893000000.0,제 50 기,4403893000000.0,3,KRW,
20210309000744,11011,2020,00126380,SCE,자본변동표,ifrs-full_ProfitLoss,당기순이익(손실),연결재무제표 [member],제 52 기,26407832000000.0,제 51 기,21738865000000.0,제 50 기,44344857000000.0,4,KRW,
20210309000744,11011,2020,00126380,SCE,자본변동표,ifrs-full_ProfitLoss,당기순이익(손실),자본 [member]|비지배지분 [member],제 52 기,316986000000.0,제 51 기,233811000000.0,제 50 기,453980000000.0,4,KRW,
20210309000744,11011,2020,00126380,SCE,자본변동표,ifrs-full_ProfitLoss,당기순이익(손실),자본 [member]|지배기업 소유주지분,제 52 기,26090846000000.0,제 51 기,21505054000000.0,제 50 기,43890877000000.0,4,KRW,
20210309000744,11011,2020,00126380,SCE,자본변동표,ifrs-full_ProfitLoss,당기순이익(손실),자본 [member]|지배기업 소유주지분|이익잉여금 [member],제 52 기,26090846000000.0,제 51 기,21505054000000.0,제 50 기,43890877000000.0,4,KRW,
20210309000744,11011,2020,00126380,SCE,자본변동표,dart_ChangesInReserveOfGainsAndLossesOnFinancialAssetsMeasuredAtFairValueThroughOtherComprehensiveIncome,기타포괄손익-공정가치금융자산평가손익,자본 [member]|지배기업 소유주지분|기타자본항목,제 52 기,2402226000000.0,제 51 기,1111264000000.0,제 50 기,-236343000000.0,5,KRW,
20210309000744,11011,2020,00126380,SCE,자본변동표,dart_ChangesInReserveOfGainsAndLossesOnFinancialAssetsMeasuredAtFairValueThroughOtherComprehensiveIncome,기타포괄손익-공정가치금융자산평가손익,자본 [member]|지배기업 소유주지분,제 52 기,2415939000000.0,제 51 기,1109999000000.0,제 50 기,-239350000000.0,5,KRW,
20210309000744,11011,2020,00126380,SCE,자본변동표,dart_ChangesInReserveOfGainsAndLossesOnFinancialAssetsMeasuredAtFairValueThroughOtherComprehensiveIncome,기타포괄손익-공정가치금융자산평가손익,자본 [member]|비지배지분 [member],제 52 기,86794000000.0,제 51 기,36600000000.0,제 50 기,3485000000.0,5,KRW,
20210309000744,11011,2020,00126380,SCE,자본변동표,dart_ChangesInReserveOfGainsAndLossesOnFinancialAssetsMeasuredAtFairValueThroughOtherComprehensiveIncome,기타포괄손익-공정가치금융자산평가손익,자본 [member]|지배기업 소유주지분|이익잉여금 [member],제 52 기,13713000000.0,제 51 기,-1265000000.0,제 50 기,-3007000000.0,5,KRW,
20210309000744,11011,2020,00126380,SCE,자본변동표,dart_ChangesInReserveOfGainsAndLossesOnFinancialAssetsMeasuredAtFairValueThroughOtherComprehensiveIncome,기타포괄손익-공정가치금융자산평가손익,연결재무제표 [member],제 52 기,2502733000000.0,제 51 기,1146599000000.0,제 50 기,-235865000000.0,5,KRW,
20210309000744,11011,2020,00126380,SCE,자본변동표,dart_PurchaseDispostionOfAssociatesOrJointVenture,관계기업 및 공동기업의 기타포괄손익에 대한 지분,자본 [member]|지배기업 소유주지분|이익잉여금 [member],제 52 기,,제 51 기,-608000000.0,제 50 기,,6,KRW,
20210309000744,11011,2020,00126380,SCE,자본변동표,dart_PurchaseDispostionOfAssociatesOrJointVenture,관계기업 및 공동기업의 기타포괄손익에 대한 지분,자본 [member]|지배기업 소유주지분|기타자본항목,제 52 기,-45894000000.0,제 51 기,31477000000.0,제 50 기,-4036000000.0,6,KRW,
20210309000744,11011,2020,00126380,SCE,자본변동표,dart_PurchaseDispostionOfAssociatesOrJointVenture,관계기업 및 공동기업의 기타포괄손익에 대한 지분,자본 [member]|지배기업 소유주지분,제 52 기,-45894000000.0,제 51 기,30869000000.0,제 50 기,-4036000000.0,6,KRW,
20210309000744,11011,2020,00126380,SCE,자본변동표,dart_PurchaseDispostionOfAssociatesOrJointVenture,관계기업 및 공동기업의 기타포괄손익에 대한 지분,자본 [member]|비지배지분 [member],제 52 기,2597000000.0,제 51 기,884000000.0,제 50 기,93000000.0,6,KRW,
20210309000744,11011,2020,00126380,SCE,자본변동표,dart_PurchaseDispostionOfAssociatesOrJointVenture,관계기업 및 공동기업의 기타포괄손익에 대한 지분,연결재무제표 [member],제 52 기,-43297000000.0,제 51 기,31753000000.0,제 50 기,-3943000000.0,6,KRW,
20210309000744,11011,2020,00126380,SCE,자본변동표,dart_ChangesInForeignExchangeRates,해외사업장환산외환차이,연결재무제표 [member],제 52 기,-5380375000000.0,제 51 기,3016499000000.0,제 50 기,590638000000.0,7,KRW,
20210309000744,11011,2020,00126380,SCE,자본변동표,dart_ChangesInForeignExchangeRates,해외사업장환산외환차이,자본 [member]|비지배지분 [member],제 52 기,-36429000000.0,제 51 기,49526000000.0,제 50 기,11378000000.0,7,KRW,
20210309000744,11011,2020,00126380,SCE,자본변동표,dart_ChangesInForeignExchangeRates,해외사업장환산외환차이,자본 [member]|지배기업 소유주지분,제 52 기,-5343946000000.0,제 51 기,2966973000000.0,제 50 기,579260000000.0,7,KRW,
20210309000744,11011,2020,00126380,SCE,자본변동표,dart_ChangesInForeignExchangeRates,해외사업장환산외환차이,자본 [member]|지배기업 소유주지분|기타자본항목,제 52 기,-5343946000000.0,제 51 기,2966973000000.0,제 50 기,579260000000.0,7,KRW,
20210309000744,11011,2020,00126380,SCE,자본변동표,-표준계정코드 미사용-,순확정급여부채(자산) 재측정요소,자본 [member]|지배기업 소유주지분|기타자본항목,제 52 기,-709141000000.0,제 51 기,-1147721000000.0,제 50 기,-391357000000.0,8,KRW,
20210309000744,11011,2020,00126380,SCE,자본변동표,-표준계정코드 미사용-,순확정급여부채(자산) 재측정요소,자본 [member]|지배기업 소유주지분,제 52 기,-709141000000.0,제 51 기,-1147721000000.0,제 50 기,-391357000000.0,8,KRW,
20210309000744,11011,2020,00126380,SCE,자본변동표,-표준계정코드 미사용-,순확정급여부채(자산) 재측정요소,자본 [member]|비지배지분 [member],제 52 기,-10419000000.0,제 51 기,-32747000000.0,제 50 기,-18794000000.0,8,KRW,
20210309000744,11011,2020,00126380,SCE,자본변동표,-표준계정코드 미사용-,순확정급여부채(자산) 재측정요소,연결재무제표 [member],제 52 기,-719560000000.0,제 51 기,-1180468000000.0,제 50 기,-410151000000.0,8,KRW,
20210309000744,11011,2020,00126380,SCE,자본변동표,ifrs-full_AmountRemovedFromReserveOfCashFlowHedgesAndIncludedInInitialCostOrOtherCarryingAmountOfNonfinancialAssetLiabilityOrFirmCommitmentForWhichFairValueHedgeAccountingIsApplied,현금흐름위험회피파생상품평가손익,연결재무제표 [member],제 52 기,33406000000.0,제 51 기,-1811000000.0,제 50 기,-47079000000.0,9,KRW,
20210309000744,11011,2020,00126380,SCE,자본변동표,ifrs-full_AmountRemovedFromReserveOfCashFlowHedgesAndIncludedInInitialCostOrOtherCarryingAmountOfNonfinancialAssetLiabilityOrFirmCommitmentForWhichFairValueHedgeAccountingIsApplied,현금흐름위험회피파생상품평가손익,자본 [member]|지배기업 소유주지분,제 52 기,33406000000.0,제 51 기,-1811000000.0,제 50 기,-47079000000.0,9,KRW,
20210309000744,11011,2020,00126380,SCE,자본변동표,ifrs-full_AmountRemovedFromReserveOfCashFlowHedgesAndIncludedInInitialCostOrOtherCarryingAmountOfNonfinancialAssetLiabilityOrFirmCommitmentForWhichFairValueHedgeAccountingIsApplied,현금흐름위험회피파생상품평가손익,자본 [member]|지배기업 소유주지분|기타자본항목,제 52 기,33406000000.0,제 51 기,-1811000000.0,제 50 기,-47079000000.0,9,KRW,
20210309000744,11011,2020,00126380,SCE,자본변동표,-표준계정코드 미사용-,매각예정 분류,연결재무제표 [member],제 52 기,0.0,제 51 기,0.0,제 50 기,0.0,10,KRW,
20210309000744,11011,2020,00126380,SCE,자본변동표,-표준계정코드 미사용-,매각예정 분류,자본 [member]|지배기업 소유주지분,제 52 기,0.0,제 51 기,0.0,제 50 기,0.0,10,KRW,
20210309000744,11011,2020,00126380,SCE,자본변동표,-표준계정코드 미사용-,매각예정 분류,자본 [member]|지배기업 소유주지분|기타자본항목,제 52 기,12132000000.0,제 51 기,,제 50 기,,10,KRW,
20210309000744,11011,2020,00126380,SCE,자본변동표,-표준계정코드 미사용-,매각예정 분류,자본 [member]|지배기업 소유주지분|매각예정분류기타자본항목,제 52 기,-12132000000.0,제 51 기,,제 50 기,,10,KRW,
20210309000744,11011,2020,00126380,SCE,자본변동표,ifrs-full_DividendsPaid,배당,자본 [member]|지배기업 소유주지분|이익잉여금 [member],제 52 기,9619242000000.0,제 51 기,9619243000000.0,제 50 기,10143345000000.0,11,KRW,
20210309000744,11011,2020,00126380,SCE,자본변동표,ifrs-full_DividendsPaid,배당,자본 [member]|지배기업 소유주지분,제 52 기,9619242000000.0,제 51 기,9619243000000.0,제 50 기,10143345000000.0,11,KRW,
20210309000744,11011,2020,00126380,SCE,자본변동표,ifrs-full_DividendsPaid,배당,자본 [member]|비지배지분 [member],제 52 기,59028000000.0,제 51 기,21359000000.0,제 50 기,50657000000.0,11,KRW,
20210309000744,11011,2020,00126380,SCE,자본변동표,ifrs-full_DividendsPaid,배당,연결재무제표 [member],제 52 기,9678270000000.0,제 51 기,9640602000000.0,제 50 기,10194002000000.0,11,KRW,
20210309000744,11011,2020,00126380,SCE,자본변동표,dart_IntercompanyAcquisition,연결실체내 자본거래 등,연결재무제표 [member],제 52 기,-1531000000.0,제 51 기,7271000000.0,제 50 기,9710000000.0,12,KRW,
20210309000744,11011,2020,00126380,SCE,자본변동표,dart_IntercompanyAcquisition,연결실체내 자본거래 등,자본 [member]|비지배지분 [member],제 52 기,-701000000.0,제 51 기,7356000000.0,제 50 기,7991000000.0,12,KRW,
20210309000744,11011,2020,00126380,SCE,자본변동표,dart_IntercompanyAcquisition,연결실체내 자본거래 등,자본 [member]|지배기업 소유주지분,제 52 기,-830000000.0,제 51 기,-85000000.0,제 50 기,1719000000.0,12,KRW,
20210309000744,11011,2020,00126380,SCE,자본변동표,dart_IntercompanyAcquisition,연결실체내 자본거래 등,자본 [member]|지배기업 소유주지분|기타자본항목,제 52 기,-830000000.0,제 51 기,-85000000.0,제 50 기,1719000000.0,12,KRW,
20210309000744,11011,2020,00126380,SCE,자본변동표,dart_ChangesInConsolidatedCompanies,연결실체의 변동,자본 [member]|지배기업 소유주지분,제 52 기,0.0,제 51 기,0.0,제 50 기,0.0,13,KRW,
20210309000744,11011,2020,00126380,SCE,자본변동표,dart_ChangesInConsolidatedCompanies,연결실체의 변동,자본 [member]|비지배지분 [member],제 52 기,17838000000.0,제 51 기,5730000000.0,제 50 기,41000000.0,13,KRW,
20210309000744,11011,2020,00126380,SCE,자본변동표,dart_ChangesInConsolidatedCompanies,연결실체의 변동,연결재무제표 [member],제 52 기,17838000000.0,제 51 기,5730000000.0,제 50 기,41000000.0,13,KRW,
20210309000744,11011,2020,00126380,SCE,자본변동표,-표준계정코드 미사용-,자기주식의 취득,자본 [member]|지배기업 소유주지분,제 52 기,0.0,제 51 기,0.0,제 50 기,-875111000000.0,14,KRW,
20210309000744,11011,2020,00126380,SCE,자본변동표,-표준계정코드 미사용-,자기주식의 취득,자본 [member]|지배기업 소유주지분|기타자본항목,제 52 기,,제 51 기,,제 50 기,-875111000000.0,14,KRW,
20210309000744,11011,2020,00126380,SCE,자본변동표,-표준계정코드 미사용-,자기주식의 취득,연결재무제표 [member],제 52 기,0.0,제 51 기,0.0,제 50 기,-875111000000.0,14,KRW,
20210309000744,11011,2020,00126380,SCE,자본변동표,-표준계정코드 미사용-,자기주식의 소각,자본 [member]|지배기업 소유주지분|이익잉여금 [member],제 52 기,,제 51 기,,제 50 기,-7103298000000.0,15,KRW,
20210309000744,11011,2020,00126380,SCE,자본변동표,-표준계정코드 미사용-,자기주식의 소각,자본 [member]|지배기업 소유주지분|기타자본항목,제 52 기,,제 51 기,,제 50 기,7103298000000.0,15,KRW,
20210309000744,11011,2020,00126380,SCE,자본변동표,-표준계정코드 미사용-,자기주식의 소각,자본 [member]|지배기업 소유주지분,제 52 기,0.0,제 51 기,0.0,제 50 기,0.0,15,KRW,
20210309000744,11011,2020,00126380,SCE,자본변동표,-표준계정코드 미사용-,자기주식의 소각,연결재무제표 [member],제 52 기,0.0,제 51 기,0.0,제 50 기,0.0,15,KRW,
20210309000744,11011,2020,00126380,SCE,자본변동표,dart_OtherTransactions,기타,자본 [member]|비지배지분 [member],제 52 기,-4902000000.0,제 51 기,964000000.0,제 50 기,-1345000000.0,16,KRW,
20210309000744,11011,2020,00126380,SCE,자본변동표,dart_OtherTransactions,기타,연결재무제표 [member],제 52 기,-4369000000.0,제 51 기,-214000000.0,제 50 기,3701000000.0,16,KRW,
20210309000744,11011,2020,00126380,SCE,자본변동표,dart_OtherTransactions,기타,자본 [member]|지배기업 소유주지분|기타자본항목,제 52 기,533000000.0,제 51 기,-1178000000.0,제 50 기,5046000000.0,16,KRW,
20210309000744,11011,2020,00126380,SCE,자본변동표,dart_OtherTransactions,기타,자본 [member]|지배기업 소유주지분,제 52 기,533000000.0,제 51 기,-1178000000.0,제 50 기,5046000000.0,16,KRW,
20210309000744,11011,2020,00126380,SCE,자본변동표,ifrs-full_Equity,기말자본,자본 [member]|지배기업 소유주지분|매각예정분류기타자본항목,제 52 기,-12132000000.0,제 51 기,0.0,제 50 기,0.0,17,KRW,
20210309000744,11011,2020,00126380,SCE,자본변동표,ifrs-full_Equity,기말자본,자본 [member]|지배기업 소유주지분|이익잉여금 [member],제 52 기,271068211000000.0,제 51 기,254582894000000.0,제 50 기,242698956000000.0,17,KRW,
20210309000744,11011,2020,00126380,SCE,자본변동표,ifrs-full_Equity,기말자본,연결재무제표 [member],제 52 기,275948016000000.0,제 51 기,262880421000000.0,제 50 기,247753177000000.0,17,KRW,
20210309000744,11011,2020,00126380,SCE,자본변동표,ifrs-full_Equity,기말자본,자본 [member]|비지배지분 [member],제 52 기,8277685000000.0,제 51 기,7964949000000.0,제 50 기,7684184000000.0,17,KRW,
20210309000744,11011,2020,00126380,SCE,자본변동표,ifrs-full_Equity,기말자본,자본 [member]|지배기업 소유주지분,제 52 기,267670331000000.0,제 51 기,254915472000000.0,제 50 기,240068993000000.0,17,KRW,
20210309000744,11011,2020,00126380,SCE,자본변동표,ifrs-full_Equity,기말자본,자본 [member]|지배기업 소유주지분|기타자본항목,제 52 기,-8687155000000.0,제 51 기,-4968829000000.0,제 50 기,-7931370000000.0,17,KRW,
20210309000744,11011,2020,00126380,SCE,자본변동표,ifrs-full_Equity,기말자본,자본 [member]|지배기업 소유주지분|자본금 [member],제 52 기,897514000000.0,제 51 기,897514000000.0,제 50 기,897514000000.0,17,KRW,
20210309000744,11011,2020,00126380,SCE,자본변동표,ifrs-full_Equity,기말자본,자본 [member]|지배기업 소유주지분|주식발행초과금,제 52 기,4403893000000.0,제 51 기,4403893000000.0,제 50 기,4403893000000.0,17,KRW,
20220308000798,11011,2021,00126380,BS,재무상태표,ifrs-full_CurrentAssets,유동자산,-,제 53 기,218163185000000.0,제 52 기,198215579000000.0,제 51 기,181385260000000.0,1,KRW,
20220308000798,11011,2021,00126380,BS,재무상태표,ifrs-full_CashAndCashEquivalents,현금및현금성자산,-,제 53 기,39031415000000.0,제 52 기,29382578000000.0,제 51 기,26885999000000.0,2,KRW,
20220308000798,11011,2021,00126380,BS,재무상태표,dart_ShortTermDepositsNotClassifiedAsCashEquivalents,단기금융상품,-,제 53 기,81708986000000.0,제 52 기,92441703000000.0,제 51 기,76252052000000.0,3,KRW,
20220308000798,11011,2021,00126380,BS,재무상태표,-표준계정코드 미사용-,단기상각후원가금융자산,-,제 53 기,3369034000000.0,제 52 기,2757111000000.0,제 51 기,3914216000000.0,4,KRW,
20220308000798,11011,2021,00126380,BS,재무상태표,ifrs-full_CurrentFinancialAssetsAtFairValueThroughProfitOrLossMandatorilyMeasuredAtFairValue,단기당기손익-공정가치금융자산,-,제 53 기,40757000000.0,제 52 기,71451000000.0,제 51 기,1727436000000.0,5,KRW,
20220308000798,11011,2021,00126380,BS,재무상태표,dart_ShortTermTradeReceivable,매출채권,-,제 53 기,40713415000000.0,제 52 기,30965058000000.0,제 51 기,35131343000000.0,6,KRW,
20220308000798,11011,2021,00126380,BS,재무상태표,-표준계정코드 미사용-,미수금,-,제 53 기,4497257000000.0,제 52 기,3604539000000.0,제 51 기,4179120000000.0,7,KRW,
20220308000798,11011,2021,00126380,BS,재무상태표,-표준계정코드 미사용-,선급비용,-,제 53 기,2336252000000.0,제 52 기,2266100000000.0,제 51 기,2406220000000.0,8,KRW,
20220308000798,11011,2021,00126380,BS,재무상태표,ifrs-full_Inventories,재고자산,-,제 53 기,41384404000000.0,제 52 기,32043145000000.0,제 51 기,26766464000000.0,9,KRW,
20220308000798,11011,2021,00126380,BS,재무상태표,dart_OtherCurrentAssets,기타유동자산,-,제 53 기,5081665000000.0,제 52 기,3754462000000.0,제 51 기,4122410000000.0,10,KRW,
20220308000798,11011,2021,00126380,BS,재무상태표,-표준계정코드 미사용-,매각예정분류자산,-,제 53 기,0.0,제 52 기,929432000000.0,제 51 기,0.0,11,KRW,
20220308000798,11011,2021,00126380,BS,재무상태표,ifrs-full_NoncurrentAssets,비유동자산,-,제 53 기,208457973000000.0,제 52 기,180020139000000.0,제 51 기,171179237000000.0,12,KRW,
20220308000798,11011,2021,00126380,BS,재무상태표,-표준계정코드 미사용-,기타포괄손익-공정가치금융자산,-,제 53 기,13965839000000.0,제 52 기,12575216000000.0,제 51 기,8920712000000.0,13,KRW,
20220308000798,11011,2021,00126380,BS,재무상태표,-표준계정코드 미사용-,당기손익-공정가치금융자산,-,제 53 기,1525344000000.0,제 52 기,1202969000000.0,제 51 기,1049004000000.0,14,KRW,
20220308000798,11011,2021,00126380,BS,재무상태표,-표준계정코드 미사용-,관계기업 및 공동기업 투자,-,제 53 기,8932251000000.0,제 52 기,8076779000000.0,제 51 기,7591612000000.0,15,KRW,
20220308000798,11011,2021,00126380,BS,재무상태표,ifrs-full_PropertyPlantAndEquipment,유형자산,-,제 53 기,149928539000000.0,제 52 기,128952892000000.0,제 51 기,119825474000000.0,16,KRW,
20220308000798,11011,2021,00126380,BS,재무상태표,ifrs-full_IntangibleAssetsOtherThanGoodwill,무형자산,-,제 53 기,20236244000000.0,제 52 기,18468502000000.0,제 51 기,20703504000000.0,17,KRW,
20220308000798,11011,2021,00126380,BS,재무상태표,dart_DepositsForSeveranceInsurance,순확정급여자산,-,제 53 기,2809590000000.0,제 52 기,1355502000000.0,제 51 기,589832000000.0,18,KRW,
20220308000798,11011,2021,00126380,BS,재무상태표,ifrs-full_DeferredTaxAssets,이연법인세자산,-,제 53 기,4261214000000.0,제 52 기,4275000000000.0,제 51 기,4505049000000.0,19,KRW,
20220308000798,11011,2021,00126380,BS,재무상태표,dart_OtherNonCurrentAssets,기타비유동자산,-,제 53 기,6798952000000.0,제 52 기,5113279000000.0,제 51 기,7994050000000.0,20,KRW,
20220308000798,11011,2021,00126380,BS,재무상태표,ifrs-full_Assets,자산총계,-,제 53 기,426621158000000.0,제 52 기,378235718000000.0,제 51 기,352564497000000.0,21,KRW,
20220308000798,11011,2021,00126380,BS,재무상태표,ifrs-full_CurrentLiabilities,유동부채,-,제 53 기,88117133000000.0,제 52 기,75604351000000.0,제 51 기,63782764000000.0,23,KRW,
20220308000798,11011,2021,00126380,BS,재무상태표,-표준계정코드 미사용-,매입채무,-,제 53 기,13453351000000.0,제 52 기,9739222000000.0,제 51 기,8718222000000.0,24,KRW,
20220308000798,11011,2021,00126380,BS,재무상태표,ifrs-full_ShorttermBorrowings,단기차입금,-,제 53 기,13687793000000.0,제 52 기,16553429000000.0,제 51 기,14393468000000.0,25,KRW,
20220308000798,11011,2021,00126380,BS,재무상태표,-표준계정코드 미사용-,미지급금,-,제 53 기,15584866000000.0,제 52 기,11899022000000.0,제 51 기,12002513000000.0,26,KRW,
20220308000798,11011,2021,00126380,BS,재무상태표,-표준계정코드 미사용-,선수금,-,제 53 기,1224812000000.0,제 52 기,1145423000000.0,제 51 기,1072062000000.0,27,KRW,
20220308000798,11011,2021,00126380,BS,재무상태표,-표준계정코드 미사용-,예수금,-,제 53 기,1294052000000.0,제 52 기,974521000000.0,제 51 기,897355000000.0,28,KRW,
20220308000798,11011,2021,00126380,BS,재무상태표,-표준계정코드 미사용-,미지급비용,-,제 53 기,27928031000000.0,제 52 기,24330339000000.0,제 51 기,19359624000000.0,29,KRW,
20220308000798,11011,2021,00126380,BS,재무상태표,ifrs-full_CurrentTaxLiabilities,당기법인세부채,-,제 53 기,6749149000000.0,제 52 기,4430272000000.0,제 51 기,1387773000000.0,30,KRW,
20220308000798,11011,2021,00126380,BS,재무상태표,-표준계정코드 미사용-,유동성장기부채,-,제 53 기,1329968000000.0,제 52 기,716099000000.0,제 51 기,846090000000.0,31,KRW,
20220308000798,11011,2021,00126380,BS,재무상태표,ifrs-full_CurrentProvisions,충당부채,-,제 53 기,5372872000000.0,제 52 기,4349563000000.0,제 51 기,4068627000000.0,32,KRW,
20220308000798,11011,2021,00126380,BS,재무상태표,dart_OtherCurrentLiabilities,기타유동부채,-,제 53 기,1492239000000.0,제 52 기,1127719000000.0,제 51 기,1037030000000.0,33,KRW,
20220308000798,11011,2021,00126380,BS,재무상태표,-표준계정코드 미사용-,매각예정분류부채,-,제 53 기,0.0,제 52 기,338742000000.0,제 51 기,0.0,34,KRW,
20220308000798,11011,2021,00126380,BS,재무상태표,ifrs-full_NoncurrentLiabilities,비유동부채,-,제 53 기,33604094000000.0,제 52 기,26683351000000.0,제 51 기,25901312000000.0,35,KRW,
20220308000798,11011,2021,00126380,BS,재무상태표,dart_BondsIssued,사채,-,제 53 기,508232000000.0,제 52 기,948137000000.0,제 51 기,975298000000.0,36,KRW,
20220308000798,11011,2021,00126380,BS,재무상태표,dart_LongTermBorrowingsGross,장기차입금,-,제 53 기,2866156000000.0,제 52 기,1999716000000.0,제 51 기,2197181000000.0,37,KRW,
20220308000798,11011,2021,00126380,BS,재무상태표,dart_LongTermOtherPayablesGross,장기미지급금,-,제 53 기,2991440000000.0,제 52 기,1682910000000.0,제 51 기,2184249000000.0,38,KRW,
20220308000798,11011,2021,00126380,BS,재무상태표,dart_PostemploymentBenefitObligations,순확정급여부채,-,제 53 기,465884000000.0,제 52 기,464458000000.0,제 51 기,470780000000.0,39,KRW,
20220308000798,11011,2021,00126380,BS,재무상태표,ifrs-full_DeferredTaxLiabilities,이연법인세부채,-,제 53 기,23198205000000.0,제 52 기,18810845000000.0,제 51 기,17053808000000.0,40,KRW,
20220308000798,11011,2021,00126380,BS,재무상태표,ifrs-full_NoncurrentProvisions,장기충당부채,-,제 53 기,2306994000000.0,제 52 기,1051428000000.0,제 51 기,611100000000.0,41,KRW,
20220308000798,11011,2021,00126380,BS,재무상태표,dart_OtherNonCurrentLiabilities,기타비유동부채,-,제 53 기,1267183000000.0,제 52 기,1725857000000.0,제 51 기,2408896000000.0,42,KRW,
20220308000798,11011,2021,00126380,BS,재무상태표,ifrs-full_Liabilities,부채총계,-,제 53 기,121721227000000.0,제 52 기,102287702000000.0,제 51 기,89684076000000.0,43,KRW,
20220308000798,11011,2021,00126380,BS,재무상태표,ifrs-full_EquityAttributableToOwnersOfParent,지배기업 소유주지분,-,제 53 기,296237697000000.0,제 52 기,267670331000000.0,제 51 기,254915472000000.0,45,KRW,
20220308000798,11011,2021,00126380,BS,재무상태표,ifrs-full_IssuedCapital,자본금,-,제 53 기,897514000000.0,제 52 기,897514000000.0,제 51 기,897514000000.0,46,KRW,
20220308000798,11011,2021,00126380,BS,재무상태표,dart_IssuedCapitalOfPreferredStock,우선주자본금,-,제 53 기,119467000000.0,제 52 기,119467000000.0,제 51 기,119467000000.0,47,KRW,
20220308000798,11011,2021,00126380,BS,재무상태표,dart_IssuedCapitalOfCommonStock,보통주자본금,-,제 53 기,778047000000.0,제 52 기,778047000000.0,제 51 기,778047000000.0,48,KRW,
20220308000798,11011,2021,00126380,BS,재무상태표,ifrs-full_SharePremium,주식발행초과금,-,제 53 기,4403893000000.0,제 52 기,4403893000000.0,제 51 기,4403893000000.0,49,KRW,
20220308000798,11011,2021,00126380,BS,재무상태표,ifrs-full_RetainedEarnings,이익잉여금(결손금),-,제 53 기,293064763000000.0,제 52 기,271068211000000.0,제 51 기,254582894000000.0,50,KRW,
20220308000798,11011,2021,00126380,BS,재무상태표,dart_ElementsOfOtherStockholdersEquity,기타자본항목,-,제 53 기,-2128473000000.0,제 52 기,-8687155000000.0,제 51 기,-4968829000000.0,51,KRW,
20220308000798,11011,2021,00126380,BS,재무상태표,-표준계정코드 미사용-,매각예정분류기타자본항목,-,제 53 기,0.0,제 52 기,-12132000000.0,제 51 기,0.0,52,KRW,
20220308000798,11011,2021,00126380,BS,재무상태표,ifrs-full_NoncontrollingInterests,비지배지분,-,제 53 기,8662234000000.0,제 52 기,8277685000000.0,제 51 기,7964949000000.0,53,KRW,
20220308000798,11011,2021,00126380,BS,재무상태표,ifrs-full_Equity,자본총계,-,제 53 기,304899931000000.0,제 52 기,275948016000000.0,제 51 기,262880421000000.0,54,KRW,
20220308000798,11011,2021,00126380,BS,재무상태표,ifrs-full_EquityAndLiabilities,부채와자본총계,-,제 53 기,426621158000000.0,제 52 기,378235718000000.0,제 51 기,352564497000000.0,55,KRW,
20220308000798,11011,2021,00126380,IS,손익계산서,ifrs-full_Revenue,수익(매출액),-,제 53 기,279604799000000.0,제 52 기,236806988000000.0,제 51 기,230400881000000.0,0,KRW,
20220308000798,11011,2021,00126380,IS,손익계산서,ifrs-full_CostOfSales,매출원가,-,제 53 기,166411342000000.0,제 52 기,144488296000000.0,제 51 기,147239549000000.0,1,KRW,
20220308000798,11011,2021,00126380,IS,손익계산서,ifrs-full_GrossProfit,매출총이익,-,제 53 기,113193457000000.0,제 52 기,92318692000000.0,제 51 기,83161332000000.0,2,KRW,
20220308000798,11011,2021,00126380,IS,손익계산서,dart_TotalSellingGeneralAdministrativeExpenses,판매비와관리비,-,제 53 기,61559601000000.0,제 52 기,56324816000000.0,제 51 기,55392823000000.0,3,KRW,
20220308000798,11011,2021,00126380,IS,손익계산서,dart_OperatingIncomeLoss,영업이익,-,제 53 기,51633856000000.0,제 52 기,35993876000000.0,제 51 기,27768509000000.0,4,KRW,
20220308000798,11011,2021,00126380,IS,손익계산서,dart_OtherGains,기타수익,-,제 53 기,2205695000000.0,제 52 기,1384068000000.0,제 51 기,1778666000000.0,5,KRW,
20220308000798,11011,2021,00126380,IS,손익계산서,dart_OtherLosses,기타비용,-,제 53 기,2055971000000.0,제 52 기,2488902000000.0,제 51 기,1414707000000.0,6,KRW,
20220308000798,11011,2021,00126380,IS,손익계산서,-표준계정코드 미사용-,지분법이익,-,제 53 기,729614000000.0,제 52 기,506530000000.0,제 51 기,412960000000.0,7,KRW,
20220308000798,11011,2021,00126380,IS,손익계산서,ifrs-full_FinanceIncome,금융수익,-,제 53 기,8543187000000.0,제 52 기,12267600000000.0,제 51 기,10161632000000.0,8,KRW,
20220308000798,11011,2021,00126380,IS,손익계산서,-표준계정코드 미사용-,금융비용,-,제 53 기,7704554000000.0,제 52 기,11318055000000.0,제 51 기,8274871000000.0,9,KRW,
20220308000798,11011,2021,00126380,IS,손익계산서,ifrs-full_ProfitLossBeforeTax,법인세비용차감전순이익(손실),-,제 53 기,53351827000000.0,제 52 기,36345117000000.0,제 51 기,30432189000000.0,10,KRW,
20220308000798,11011,2021,00126380,IS,손익계산서,ifrs-full_IncomeTaxExpenseContinuingOperations,법인세비용,-,제 53 기,13444377000000.0,제 52 기,9937285000000.0,제 51 기,8693324000000.0,11,KRW,
20220308000798,11011,2021,00126380,IS,손익계산서,ifrs-full_ProfitLossFromContinuingOperations,계속영업이익(손실),-,제 53 기,39907450000000.0,제 52 기,26407832000000.0,제 51 기,21738865000000.0,12,KRW,
20220308000798,11011,2021,00126380,IS,손익계산서,ifrs-full_ProfitLoss,당기순이익(손실),-,제 53 기,39907450000000.0,제 52 기,26407832000000.0,제 51 기,21738865000000.0,13,KRW,
20220308000798,11011,2021,00126380,IS,손익계산서,ifrs-full_ProfitLossAttributableToOwnersOfParent,지배기업의 소유주에게 귀속되는 당기순이익(손실),-,제 53 기,39243791000000.0,제 52 기,26090846000000.0,제 51 기,21505054000000.0,15,KRW,
20220308000798,11011,2021,00126380,IS,손익계산서,ifrs-full_ProfitLossAttributableToNoncontrollingInterests,비지배지분에 귀속되는 당기순이익(손실),-,제 53 기,663659000000.0,제 52 기,316986000000.0,제 51 기,233811000000.0,16,KRW,
20220308000798,11011,2021,00126380,IS,손익계산서,ifrs-full_BasicEarningsLossPerShare,기본주당이익(손실),-,제 53 기,5777.0,제 52 기,3841.0,제 51 기,3166.0,18,KRW,
20220308000798,11011,2021,00126380,IS,손익계산서,ifrs-full_DilutedEarningsLossPerShare,희석주당이익(손실),-,제 53 기,5777.0,제 52 기,3841.0,제 51 기,3166.0,19,KRW,
20220308000798,11011,2021,00126380,CIS,포괄손익계산서,ifrs-full_ProfitLoss,당기순이익(손실),-,제 53 기,39907450000000.0,제 52 기,26407832000000.0,제 51 기,21738865000000.0,0,KRW,
20220308000798,11011,2021,00126380,CIS,포괄손익계산서,ifrs-full_OtherComprehensiveIncome,기타포괄손익,-,제 53 기,10002299000000.0,제 52 기,-3673905000000.0,제 51 기,3016194000000.0,1,KRW,
20220308000798,11011,2021,00126380,CIS,포괄손익계산서,dart_OtherComprehensiveIncomeThatWillNotBeReclassifiedToProfitOrLossNetOfTax,후속적으로 당기손익으로 재분류되지 않는 포괄손익,-,제 53 기,2508106000000.0,제 52 기,1788764000000.0,제 51 기,-50765000000.0,2,KRW,
20220308000798,11011,2021,00126380,CIS,포괄손익계산서,-표준계정코드 미사용-,기타포괄손익-공정가치금융자산평가손익,-,제 53 기,2980896000000.0,제 52 기,2502733000000.0,제 51 기,1146599000000.0,3,KRW,
20220308000798,11011,2021,00126380,CIS,포괄손익계산서,dart_ShareOfOtherComprehensiveIncomeOfAssociatesAndJointVenturesAccountedForUsingEquityMethodThatWillNotBeReclassifiedToProfitOrLossNetOfTax,관계기업 및 공동기업의 기타포괄손익에 대한 지분,-,제 53 기,51816000000.0,제 52 기,5591000000.0,제 51 기,-16896000000.0,4,KRW,
20220308000798,11011,2021,00126380,CIS,포괄손익계산서,dart_OtherComprehensiveIncomeNetOfTaxGainsLossesOnRemeasurementsOfDefinedBenefitPlans,순확정급여부채(자산) 재측정요소,-,제 53 기,-524606000000.0,제 52 기,-719560000000.0,제 51 기,-1180468000000.0,5,KRW,
20220308000798,11011,2021,00126380,CIS,포괄손익계산서,dart_OtherComprehensiveIncomeThatWillBeReclassifiedToProfitOrLossNetOfTax,후속적으로 당기손익으로 재분류되는 포괄손익,-,제 53 기,7494193000000.0,제 52 기,-5462669000000.0,제 51 기,3066959000000.0,6,KRW,
20220308000798,11011,2021,00126380,CIS,포괄손익계산서,dart_ShareOfOtherComprehensiveIncomeOfAssociatesAndJointVenturesAccountedForUsingEquityMethodThatWillBeReclassifiedToProfitOrLossNetOfTax,관계기업 및 공동기업의 기타포괄손익에 대한 지분,-,제 53 기,160163000000.0,제 52 기,-48888000000.0,제 51 기,48649000000.0,7,KRW,
20220308000798,11011,2021,00126380,CIS,포괄손익계산서,ifrs-full_GainsLossesOnExchangeDifferencesOnTranslationNetOfTax,해외사업장환산외환차이,-,제 53 기,7283620000000.0,제 52 기,-5380375000000.0,제 51 기,3016499000000.0,8,KRW,
20220308000798,11011,2021,00126380,CIS,포괄손익계산서,ifrs-full_GainsLossesOnCashFlowHedgesNetOfTax,현금흐름위험회피파생상품평가손익,-,제 53 기,50410000000.0,제 52 기,-33406000000.0,제 51 기,1811000000.0,9,KRW,
20220308000798,11011,2021,00126380,CIS,포괄손익계산서,ifrs-full_ComprehensiveIncome,총포괄손익,-,제 53 기,49909749000000.0,제 52 기,22733927000000.0,제 51 기,24755059000000.0,10,KRW,
20220308000798,11011,2021,00126380,CIS,포괄손익계산서,ifrs-full_ComprehensiveIncomeAttributableToOwnersOfParent,지배기업 소유주지분,-,제 53 기,49037912000000.0,제 52 기,22374398000000.0,제 51 기,24466985000000.0,12,KRW,
20220308000798,11011,2021,00126380,CIS,포괄손익계산서,ifrs-full_ComprehensiveIncomeAttributableToNoncontrollingInterests,비지배지분,-,제 53 기,871837000000.0,제 52 기,359529000000.0,제 51 기,288074000000.0,13,KRW,
20220308000798,11011,2021,00126380,CF,현금흐름표,ifrs-full_CashFlowsFromUsedInOperatingActivities,영업활동 현금흐름,-,제 53 기,65105448000000.0,제 52 기,65287009000000.0,제 51 기,45382915000000.0,0,KRW,
20220308000798,11011,2021,00126380,CF,현금흐름표,-표준계정코드 미사용-,영업에서 창출된 현금흐름,-,제 53 기,72676199000000.0,제 52 기,68148810000000.0,제 51 기,56635791000000.0,1,KRW,
20220308000798,11011,2021,00126380,CF,현금흐름표,-표준계정코드 미사용-,당기순이익,-,제 53 기,39907450000000.0,제 52 기,26407832000000.0,제 51 기,21738865000000.0,2,KRW,
20220308000798,11011,2021,00126380,CF,현금흐름표,-표준계정코드 미사용-,조정,-,제 53 기,49055633000000.0,제 52 기,41618554000000.0,제 51 기,37442682000000.0,3,KRW,
20220308000798,11011,2021,00126380,CF,현금흐름표,-표준계정코드 미사용-,영업활동으로 인한 자산부채의 변동,-,제 53 기,-16286884000000.0,제 52 기,122424000000.0,제 51 기,-2545756000000.0,4,KRW,
20220308000798,11011,2021,00126380,CF,현금흐름표,ifrs-full_InterestReceivedClassifiedAsOperatingActivities,이자의 수취,-,제 53 기,1406706000000.0,제 52 기,2220209000000.0,제 51 기,2306401000000.0,5,KRW,
20220308000798,11011,2021,00126380,CF,현금흐름표,ifrs-full_InterestPaidClassifiedAsOperatingActivities,이자의 지급,-,제 53 기,434441000000.0,제 52 기,555321000000.0,제 51 기,579979000000.0,6,KRW,
20220308000798,11011,2021,00126380,CF,현금흐름표,ifrs-full_DividendsReceivedClassifiedAsOperatingActivities,배당금 수입,-,제 53 기,299033000000.0,제 52 기,243666000000.0,제 51 기,241801000000.0,7,KRW,
20220308000798,11011,2021,00126380,CF,현금흐름표,ifrs-full_IncomeTaxesPaidRefundClassifiedAsOperatingActivities,법인세 납부액,-,제 53 기,8842049000000.0,제 52 기,4770355000000.0,제 51 기,13221099000000.0,8,KRW,
20220308000798,11011,2021,00126380,CF,현금흐름표,ifrs-full_CashFlowsFromUsedInInvestingActivities,투자활동 현금흐름,-,제 53 기,-33047763000000.0,제 52 기,-53628591000000.0,제 51 기,-39948171000000.0,9,KRW,
20220308000798,11011,2021,00126380,CF,현금흐름표,-표준계정코드 미사용-,단기금융상품의 순감소(증가),-,제 53 기,10917128000000.0,제 52 기,-20369616000000.0,제 51 기,-2030913000000.0,10,KRW,
20220308000798,11011,2021,00126380,CF,현금흐름표,-표준계정코드 미사용-,단기상각후원가금융자산의 순감소(증가),-,제 53 기,-336959000000.0,제 52 기,184104000000.0,제 51 기,-818089000000.0,11,KRW,
20220308000798,11011,2021,00126380,CF,현금흐름표,-표준계정코드 미사용-,단기당기손익-공정가치금융자산의 순감소(증가),-,제 53 기,30694000000.0,제 52 기,1704512000000.0,제 51 기,374982000000.0,12,KRW,
20220308000798,11011,2021,00126380,CF,현금흐름표,dart_ProceedsFromSalesOfLongTermFinancialInstruments,장기금융상품의 처분,-,제 53 기,10216082000000.0,제 52 기,12184301000000.0,제 51 기,4586610000000.0,13,KRW,
20220308000798,11011,2021,00126380,CF,현금흐름표,dart_PurchaseOfLongTermFinancialInstruments,장기금융상품의 취득,-,제 53 기,6981810000000.0,제 52 기,8019263000000.0,제 51 기,12725465000000.0,14,KRW,
20220308000798,11011,2021,00126380,CF,현금흐름표,-표준계정코드 미사용-,상각후원가금융자산의 처분,-,제 53 기,0.0,제 52 기,1023117000000.0,제 51 기,694584000000.0,15,KRW,
20220308000798,11011,2021,00126380,CF,현금흐름표,-표준계정코드 미사용-,상각후원가금융자산의 취득,-,제 53 기,0.0,제 52 기,0.0,제 51 기,-825027000000.0,16,KRW,
20220308000798,11011,2021,00126380,CF,현금흐름표,-표준계정코드 미사용-,기타포괄손익-공정가치금융자산의 처분,-,제 53 기,2919888000000.0,제 52 기,32128000000.0,제 51 기,1575000000.0,17,KRW,
20220308000798,11011,2021,00126380,CF,현금흐름표,-표준계정코드 미사용-,기타포괄손익-공정가치금융자산의 취득,-,제 53 기,-1121201000000.0,제 52 기,-245497000000.0,제 51 기,-63773000000.0,18,KRW,
20220308000798,11011,2021,00126380,CF,현금흐름표,-표준계정코드 미사용-,당기손익-공정가치금융자산의 처분,-,제 53 기,350212000000.0,제 52 기,39746000000.0,제 51 기,64321000000.0,19,KRW,
20220308000798,11011,2021,00126380,CF,현금흐름표,-표준계정코드 미사용-,당기손익-공정가치금융자산의 취득,-,제 53 기,-208262000000.0,제 52 기,-84184000000.0,제 51 기,-135826000000.0,20,KRW,
20220308000798,11011,2021,00126380,CF,현금흐름표,-표준계정코드 미사용-,관계기업 및 공동기업 투자의 처분,-,제 53 기,19169000000.0,제 52 기,0.0,제 51 기,12149000000.0,21,KRW,
20220308000798,11011,2021,00126380,CF,현금흐름표,-표준계정코드 미사용-,관계기업 및 공동기업 투자의 취득,-,제 53 기,-47090000000.0,제 52 기,-83280000000.0,제 51 기,-12778000000.0,22,KRW,
20220308000798,11011,2021,00126380,CF,현금흐름표,ifrs-full_ProceedsFromSalesOfPropertyPlantAndEquipmentClassifiedAsInvestingActivities,유형자산의 처분,-,제 53 기,358284000000.0,제 52 기,376744000000.0,제 51 기,513265000000.0,23,KRW,
20220308000798,11011,2021,00126380,CF,현금흐름표,ifrs-full_PurchaseOfPropertyPlantAndEquipmentClassifiedAsInvestingActivities,유형자산의 취득,-,제 53 기,47122106000000.0,제 52 기,37592034000000.0,제 51 기,25367756000000.0,24,KRW,
20220308000798,11011,2021,00126380,CF,현금흐름표,ifrs-full_ProceedsFromSalesOfIntangibleAssetsClassifiedAsInvestingActivities,무형자산의 처분,-,제 53 기,1752000000.0,제 52 기,7027000000.0,제 51 기,7241000000.0,25,KRW,
20220308000798,11011,2021,00126380,CF,현금흐름표,ifrs-full_PurchaseOfIntangibleAssetsClassifiedAsInvestingActivities,무형자산의 취득,-,제 53 기,2706915000000.0,제 52 기,2679779000000.0,제 51 기,3249914000000.0,26,KRW,
20220308000798,11011,2021,00126380,CF,현금흐름표,-표준계정코드 미사용-,사업결합으로 인한 현금유출액,-,제 53 기,-5926000000.0,제 52 기,-49420000000.0,제 51 기,-1019405000000.0,27,KRW,
20220308000798,11011,2021,00126380,CF,현금흐름표,-표준계정코드 미사용-,매각예정자산의 처분으로 인한 현금유입액,-,제 53 기,661168000000.0,제 52 기,0.0,제 51 기,0.0,28,KRW,
20220308000798,11011,2021,00126380,CF,현금흐름표,-표준계정코드 미사용-,기타투자활동으로 인한 현금유출입액,-,제 53 기,8129000000.0,제 52 기,-57197000000.0,제 51 기,46048000000.0,29,KRW,
20220308000798,11011,2021,00126380,CF,현금흐름표,ifrs-full_CashFlowsFromUsedInFinancingActivities,재무활동 현금흐름,-,제 53 기,-23991033000000.0,제 52 기,-8327839000000.0,제 51 기,-9484510000000.0,30,KRW,
20220308000798,11011,2021,00126380,CF,현금흐름표,-표준계정코드 미사용-,단기차입금의 순증가(감소),-,제 53 기,-2616943000000.0,제 52 기,2191186000000.0,제 51 기,865792000000.0,31,KRW,
20220308000798,11011,2021,00126380,CF,현금흐름표,-표준계정코드 미사용-,장기차입금의 차입,-,제 53 기,58279000000.0,제 52 기,14495000000.0,제 51 기,0.0,32,KRW,
20220308000798,11011,2021,00126380,CF,현금흐름표,dart_RepaymentsOfLongTermBorrowings,사채 및 장기차입금의 상환,-,제 53 기,894749000000.0,제 52 기,864947000000.0,제 51 기,709400000000.0,33,KRW,
20220308000798,11011,2021,00126380,CF,현금흐름표,ifrs-full_DividendsPaidClassifiedAsFinancingActivities,배당금의 지급,-,제 53 기,20510350000000.0,제 52 기,9676760000000.0,제 51 기,9639202000000.0,34,KRW,
20220308000798,11011,2021,00126380,CF,현금흐름표,-표준계정코드 미사용-,비지배지분의 증감,-,제 53 기,-27270000000.0,제 52 기,8187000000.0,제 51 기,-1700000000.0,35,KRW,
20220308000798,11011,2021,00126380,CF,현금흐름표,-표준계정코드 미사용-,매각예정분류,-,제 53 기,139000000.0,제 52 기,-139000000.0,제 51 기,0.0,36,KRW,
20220308000798,11011,2021,00126380,CF,현금흐름표,ifrs-full_EffectOfExchangeRateChangesOnCashAndCashEquivalents,외화환산으로 인한 현금의 변동,-,제 53 기,1582046000000.0,제 52 기,-833861000000.0,제 51 기,595260000000.0,37,KRW,
20220308000798,11011,2021,00126380,CF,현금흐름표,ifrs-full_IncreaseDecreaseInCashAndCashEquivalents,현금및현금성자산의 순증감,-,제 53 기,9648837000000.0,제 52 기,2496579000000.0,제 51 기,-3454506000000.0,38,KRW,
20220308000798,11011,2021,00126380,CF,현금흐름표,dart_CashAndCashEquivalentsAtBeginningOfPeriodCf,기초의 현금및현금성자산,-,제 53 기,29382578000000.0,제 52 기,26885999000000.0,제 51 기,30340505000000.0,39,KRW,
20220308000798,11011,2021,00126380,CF,현금흐름표,dart_CashAndCashEquivalentsAtEndOfPeriodCf,기말의 현금및현금성자산,-,제 53 기,39031415000000.0,제 52 기,29382578000000.0,제 51 기,26885999000000.0,40,KRW,
20220308000798,11011,2021,00126380,SCE,자본변동표,dart_EquityAtBeginningOfPeriod,기초자본,자본 [member]|비지배지분 [member],제 53 기,8277685000000.0,제 52 기,7964949000000.0,제 51 기,7684184000000.0,1,KRW,
20220308000798,11011,2021,00126380,SCE,자본변동표,dart_EquityAtBeginningOfPeriod,기초자본,연결재무제표 [member],제 53 기,275948016000000.0,제 52 기,262880421000000.0,제 51 기,247753177000000.0,1,KRW,
20220308000798,11011,2021,00126380,SCE,자본변동표,dart_EquityAtBeginningOfPeriod,기초자본,자본 [member]|지배기업 소유주지분,제 53 기,267670331000000.0,제 52 기,254915472000000.0,제 51 기,240068993000000.0,1,KRW,
20220308000798,11011,2021,00126380,SCE,자본변동표,dart_EquityAtBeginningOfPeriod,기초자본,자본 [member]|지배기업 소유주지분|주식발행초과금,제 53 기,4403893000000.0,제 52 기,4403893000000.0,제 51 기,4403893000000.0,1,KRW,
20220308000798,11011,2021,00126380,SCE,자본변동표,dart_EquityAtBeginningOfPeriod,기초자본,자본 [member]|지배기업 소유주지분|자본금 [member],제 53 기,897514000000.0,제 52 기,897514000000.0,제 51 기,897514000000.0,1,KRW,
20220308000798,11011,2021,00126380,SCE,자본변동표,dart_EquityAtBeginningOfPeriod,기초자본,자본 [member]|지배기업 소유주지분|이익잉여금 [member],제 53 기,271068211000000.0,제 52 기,254582894000000.0,제 51 기,242698956000000.0,1,KRW,
20220308000798,11011,2021,00126380,SCE,자본변동표,dart_EquityAtBeginningOfPeriod,기초자본,자본 [member]|지배기업 소유주지분|매각예정분류기타자본항목,제 53 기,-12132000000.0,제 52 기,0.0,제 51 기,0.0,1,KRW,
20220308000798,11011,2021,00126380,SCE,자본변동표,dart_EquityAtBeginningOfPeriod,기초자본,자본 [member]|지배기업 소유주지분|기타자본항목,제 53 기,-8687155000000.0,제 52 기,-4968829000000.0,제 51 기,-7931370000000.0,1,KRW,
20220308000798,11011,2021,00126380,SCE,자본변동표,ifrs-full_ProfitLoss,당기순이익(손실),자본 [member]|지배기업 소유주지분|이익잉여금 [member],제 53 기,39243791000000.0,제 52 기,26090846000000.0,제 51 기,21505054000000.0,2,KRW,
20220308000798,11011,2021,00126380,SCE,자본변동표,ifrs-full_ProfitLoss,당기순이익(손실),연결재무제표 [member],제 53 기,39907450000000.0,제 52 기,26407832000000.0,제 51 기,21738865000000.0,2,KRW,
20220308000798,11011,2021,00126380,SCE,자본변동표,ifrs-full_ProfitLoss,당기순이익(손실),자본 [member]|지배기업 소유주지분,제 53 기,39243791000000.0,제 52 기,26090846000000.0,제 51 기,21505054000000.0,2,KRW,
20220308000798,11011,2021,00126380,SCE,자본변동표,ifrs-full_ProfitLoss,당기순이익(손실),자본 [member]|비지배지분 [member],제 53 기,663659000000.0,제 52 기,316986000000.0,제 51 기,233811000000.0,2,KRW,
20220308000798,11011,2021,00126380,SCE,자본변동표,dart_ChangesInReserveOfGainsAndLossesOnFinancialAssetsMeasuredAtFairValueThroughOtherComprehensiveIncome,기타포괄손익-공정가치금융자산평가손익,자본 [member]|지배기업 소유주지분|기타자본항목,제 53 기,-359117000000.0,제 52 기,2402226000000.0,제 51 기,1111264000000.0,3,KRW,
20220308000798,11011,2021,00126380,SCE,자본변동표,dart_ChangesInReserveOfGainsAndLossesOnFinancialAssetsMeasuredAtFairValueThroughOtherComprehensiveIncome,기타포괄손익-공정가치금융자산평가손익,자본 [member]|지배기업 소유주지분,제 53 기,2873817000000.0,제 52 기,2415939000000.0,제 51 기,1109999000000.0,3,KRW,
20220308000798,11011,2021,00126380,SCE,자본변동표,dart_ChangesInReserveOfGainsAndLossesOnFinancialAssetsMeasuredAtFairValueThroughOtherComprehensiveIncome,기타포괄손익-공정가치금융자산평가손익,자본 [member]|비지배지분 [member],제 53 기,107079000000.0,제 52 기,86794000000.0,제 51 기,36600000000.0,3,KRW,
20220308000798,11011,2021,00126380,SCE,자본변동표,dart_ChangesInReserveOfGainsAndLossesOnFinancialAssetsMeasuredAtFairValueThroughOtherComprehensiveIncome,기타포괄손익-공정가치금융자산평가손익,연결재무제표 [member],제 53 기,2980896000000.0,제 52 기,2502733000000.0,제 51 기,1146599000000.0,3,KRW,
20220308000798,11011,2021,00126380,SCE,자본변동표,dart_ChangesInReserveOfGainsAndLossesOnFinancialAssetsMeasuredAtFairValueThroughOtherComprehensiveIncome,기타포괄손익-공정가치금융자산평가손익,자본 [member]|지배기업 소유주지분|이익잉여금 [member],제 53 기,3232934000000.0,제 52 기,13713000000.0,제 51 기,-1265000000.0,3,KRW,
20220308000798,11011,2021,00126380,SCE,자본변동표,dart_PurchaseDispostionOfAssociatesOrJointVenture,관계기업 및 공동기업의 기타포괄손익에 대한 지분,자본 [member]|지배기업 소유주지분|이익잉여금 [member],제 53 기,,제 52 기,,제 51 기,-608000000.0,4,KRW,
20220308000798,11011,2021,00126380,SCE,자본변동표,dart_PurchaseDispostionOfAssociatesOrJointVenture,관계기업 및 공동기업의 기타포괄손익에 대한 지분,자본 [member]|지배기업 소유주지분|기타자본항목,제 53 기,225464000000.0,제 52 기,-45894000000.0,제 51 기,31477000000.0,4,KRW,
20220308000798,11011,2021,00126380,SCE,자본변동표,dart_PurchaseDispostionOfAssociatesOrJointVenture,관계기업 및 공동기업의 기타포괄손익에 대한 지분,자본 [member]|지배기업 소유주지분,제 53 기,225464000000.0,제 52 기,-45894000000.0,제 51 기,30869000000.0,4,KRW,
20220308000798,11011,2021,00126380,SCE,자본변동표,dart_PurchaseDispostionOfAssociatesOrJointVenture,관계기업 및 공동기업의 기타포괄손익에 대한 지분,자본 [member]|비지배지분 [member],제 53 기,-13485000000.0,제 52 기,2597000000.0,제 51 기,884000000.0,4,KRW,
20220308000798,11011,2021,00126380,SCE,자본변동표,dart_PurchaseDispostionOfAssociatesOrJointVenture,관계기업 및 공동기업의 기타포괄손익에 대한 지분,연결재무제표 [member],제 53 기,211979000000.0,제 52 기,-43297000000.0,제 51 기,31753000000.0,4,KRW,
20220308000798,11011,2021,00126380,SCE,자본변동표,dart_ChangesInForeignExchangeRates,해외사업장환산외환차이,자본 [member]|지배기업 소유주지분|기타자본항목,제 53 기,7164982000000.0,제 52 기,-5343946000000.0,제 51 기,2966973000000.0,5,KRW,
20220308000798,11011,2021,00126380,SCE,자본변동표,dart_ChangesInForeignExchangeRates,해외사업장환산외환차이,자본 [member]|지배기업 소유주지분,제 53 기,7164982000000.0,제 52 기,-5343946000000.0,제 51 기,2966973000000.0,5,KRW,
20220308000798,11011,2021,00126380,SCE,자본변동표,dart_ChangesInForeignExchangeRates,해외사업장환산외환차이,자본 [member]|비지배지분 [member],제 53 기,118638000000.0,제 52 기,-36429000000.0,제 51 기,49526000000.0,5,KRW,
20220308000798,11011,2021,00126380,SCE,자본변동표,dart_ChangesInForeignExchangeRates,해외사업장환산외환차이,연결재무제표 [member],제 53 기,7283620000000.0,제 52 기,-5380375000000.0,제 51 기,3016499000000.0,5,KRW,
20220308000798,11011,2021,00126380,SCE,자본변동표,-표준계정코드 미사용-,순확정급여부채(자산) 재측정요소,자본 [member]|지배기업 소유주지분|기타자본항목,제 53 기,-520552000000.0,제 52 기,-709141000000.0,제 51 기,-1147721000000.0,6,KRW,
20220308000798,11011,2021,00126380,SCE,자본변동표,-표준계정코드 미사용-,순확정급여부채(자산) 재측정요소,자본 [member]|지배기업 소유주지분,제 53 기,-520552000000.0,제 52 기,-709141000000.0,제 51 기,-1147721000000.0,6,KRW,
20220308000798,11011,2021,00126380,SCE,자본변동표,-표준계정코드 미사용-,순확정급여부채(자산) 재측정요소,자본 [member]|비지배지분 [member],제 53 기,-4054000000.0,제 52 기,-10419000000.0,제 51 기,-32747000000.0,6,KRW,
20220308000798,11011,2021,00126380,SCE,자본변동표,-표준계정코드 미사용-,순확정급여부채(자산) 재측정요소,연결재무제표 [member],제 53 기,-524606000000.0,제 52 기,-719560000000.0,제 51 기,-1180468000000.0,6,KRW,
20220308000798,11011,2021,00126380,SCE,자본변동표,ifrs-full_AmountRemovedFromReserveOfCashFlowHedgesAndIncludedInInitialCostOrOtherCarryingAmountOfNonfinancialAssetLiabilityOrFirmCommitmentForWhichFairValueHedgeAccountingIsApplied,현금흐름위험회피파생상품평가손익,자본 [member]|지배기업 소유주지분,제 53 기,-50410000000.0,제 52 기,33406000000.0,제 51 기,-1811000000.0,7,KRW,
20220308000798,11011,2021,00126380,SCE,자본변동표,ifrs-full_AmountRemovedFromReserveOfCashFlowHedgesAndIncludedInInitialCostOrOtherCarryingAmountOfNonfinancialAssetLiabilityOrFirmCommitmentForWhichFairValueHedgeAccountingIsApplied,현금흐름위험회피파생상품평가손익,자본 [member]|지배기업 소유주지분|기타자본항목,제 53 기,-50410000000.0,제 52 기,33406000000.0,제 51 기,-1811000000.0,7,KRW,
20220308000798,11011,2021,00126380,SCE,자본변동표,ifrs-full_AmountRemovedFromReserveOfCashFlowHedgesAndIncludedInInitialCostOrOtherCarryingAmountOfNonfinancialAssetLiabilityOrFirmCommitmentForWhichFairValueHedgeAccountingIsApplied,현금흐름위험회피파생상품평가손익,연결재무제표 [member],제 53 기,-50410000000.0,제 52 기,33406000000.0,제 51 기,-1811000000.0,7,KRW,
20220308000798,11011,2021,00126380,SCE,자본변동표,-표준계정코드 미사용-,매각예정분류,자본 [member]|지배기업 소유주지분|매각예정분류기타자본항목,제 53 기,12132000000.0,제 52 기,-12132000000.0,제 51 기,,8,KRW,
20220308000798,11011,2021,00126380,SCE,자본변동표,-표준계정코드 미사용-,매각예정분류,자본 [member]|지배기업 소유주지분|기타자본항목,제 53 기,-12132000000.0,제 52 기,12132000000.0,제 51 기,,8,KRW,
20220308000798,11011,2021,00126380,SCE,자본변동표,-표준계정코드 미사용-,매각예정분류,자본 [member]|지배기업 소유주지분,제 53 기,0.0,제 52 기,0.0,제 51 기,0.0,8,KRW,
20220308000798,11011,2021,00126380,SCE,자본변동표,-표준계정코드 미사용-,매각예정분류,연결재무제표 [member],제 53 기,0.0,제 52 기,0.0,제 51 기,0.0,8,KRW,
20220308000798,11011,2021,00126380,SCE,자본변동표,ifrs-full_DividendsPaid,배당,자본 [member]|지배기업 소유주지분|이익잉여금 [member],제 53 기,20480721000000.0,제 52 기,9619242000000.0,제 51 기,9619243000000.0,9,KRW,
20220308000798,11011,2021,00126380,SCE,자본변동표,ifrs-full_DividendsPaid,배당,자본 [member]|지배기업 소유주지분,제 53 기,20480721000000.0,제 52 기,9619242000000.0,제 51 기,9619243000000.0,9,KRW,
20220308000798,11011,2021,00126380,SCE,자본변동표,ifrs-full_DividendsPaid,배당,자본 [member]|비지배지분 [member],제 53 기,32005000000.0,제 52 기,59028000000.0,제 51 기,21359000000.0,9,KRW,
20220308000798,11011,2021,00126380,SCE,자본변동표,ifrs-full_DividendsPaid,배당,연결재무제표 [member],제 53 기,20512726000000.0,제 52 기,9678270000000.0,제 51 기,9640602000000.0,9,KRW,
20220308000798,11011,2021,00126380,SCE,자본변동표,dart_IntercompanyAcquisition,연결실체내 자본거래 등,자본 [member]|비지배지분 [member],제 53 기,12553000000.0,제 52 기,-701000000.0,제 51 기,7356000000.0,10,KRW,
20220308000798,11011,2021,00126380,SCE,자본변동표,dart_IntercompanyAcquisition,연결실체내 자본거래 등,자본 [member]|지배기업 소유주지분,제 53 기,0.0,제 52 기,-830000000.0,제 51 기,-85000000.0,10,KRW,
20220308000798,11011,2021,00126380,SCE,자본변동표,dart_IntercompanyAcquisition,연결실체내 자본거래 등,자본 [member]|지배기업 소유주지분|기타자본항목,제 53 기,,제 52 기,-830000000.0,제 51 기,-85000000.0,10,KRW,
20220308000798,11011,2021,00126380,SCE,자본변동표,dart_IntercompanyAcquisition,연결실체내 자본거래 등,연결재무제표 [member],제 53 기,12553000000.0,제 52 기,-1531000000.0,제 51 기,7271000000.0,10,KRW,
20220308000798,11011,2021,00126380,SCE,자본변동표,-표준계정코드 미사용-,연결실체의 변동,자본 [member]|비지배지분 [member],제 53 기,-477617000000.0,제 52 기,17838000000.0,제 51 기,5730000000.0,11,KRW,
20220308000798,11011,2021,00126380,SCE,자본변동표,-표준계정코드 미사용-,연결실체의 변동,연결재무제표 [member],제 53 기,-477617000000.0,제 52 기,17838000000.0,제 51 기,5730000000.0,11,KRW,
20220308000798,11011,2021,00126380,SCE,자본변동표,-표준계정코드 미사용-,연결실체의 변동,자본 [member]|지배기업 소유주지분,제 53 기,0.0,제 52 기,0.0,제 51 기,0.0,11,KRW,
20220308000798,11011,2021,00126380,SCE,자본변동표,dart_OtherTransactions,기타,자본 [member]|비지배지분 [member],제 53 기,9781000000.0,제 52 기,-4902000000.0,제 51 기,964000000.0,12,KRW,
20220308000798,11011,2021,00126380,SCE,자본변동표,dart_OtherTransactions,기타,자본 [member]|지배기업 소유주지분,제 53 기,10175000000.0,제 52 기,533000000.0,제 51 기,-1178000000.0,12,KRW,
20220308000798,11011,2021,00126380,SCE,자본변동표,dart_OtherTransactions,기타,자본 [member]|지배기업 소유주지분|기타자본항목,제 53 기,9627000000.0,제 52 기,533000000.0,제 51 기,-1178000000.0,12,KRW,
20220308000798,11011,2021,00126380,SCE,자본변동표,dart_OtherTransactions,기타,연결재무제표 [member],제 53 기,19956000000.0,제 52 기,-4369000000.0,제 51 기,-214000000.0,12,KRW,
20220308000798,11011,2021,00126380,SCE,자본변동표,dart_OtherTransactions,기타,자본 [member]|지배기업 소유주지분|이익잉여금 [member],제 53 기,548000000.0,제 52 기,,제 51 기,,12,KRW,
20220308000798,11011,2021,00126380,SCE,자본변동표,ifrs-full_Equity,기말자본,자본 [member]|지배기업 소유주지분|주식발행초과금,제 53 기,4403893000000.0,제 52 기,4403893000000.0,제 51 기,4403893000000.0,13,KRW,
20220308000798,11011,2021,00126380,SCE,자본변동표,ifrs-full_Equity,기말자본,자본 [member]|지배기업 소유주지분|자본금 [member],제 53 기,897514000000.0,제 52 기,897514000000.0,제 51 기,897514000000.0,13,KRW,
20220308000798,11011,2021,00126380,SCE,자본변동표,ifrs-full_Equity,기말자본,자본 [member]|지배기업 소유주지분|매각예정분류기타자본항목,제 53 기,0.0,제 52 기,-12132000000.0,제 51 기,0.0,13,KRW,
20220308000798,11011,2021,00126380,SCE,자본변동표,ifrs-full_Equity,기말자본,자본 [member]|지배기업 소유주지분|기타자본항목,제 53 기,-2128473000000.0,제 52 기,-8687155000000.0,제 51 기,-4968829000000.0,13,KRW,
20220308000798,11011,2021,00126380,SCE,자본변동표,ifrs-full_Equity,기말자본,자본 [member]|지배기업 소유주지분,제 53 기,296237697000000.0,제 52 기,267670331000000.0,제 51 기,254915472000000.0,13,KRW,
20220308000798,11011,2021,00126380,SCE,자본변동표,ifrs-full_Equity,기말자본,자본 [member]|비지배지분 [member],제 53 기,8662234000000.0,제 52 기,8277685000000.0,제 51 기,7964949000000.0,13,KRW,
20220308000798,11011,2021,00126380,SCE,자본변동표,ifrs-full_Equity,기말자본,연결재무제표 [member],제 53 기,304899931000000.0,제 52 기,275948016000000.0,제 51 기,262880421000000.0,13,KRW,
20220308000798,11011,2021,00126380,SCE,자본변동표,ifrs-full_Equity,기말자본,자본 [member]|지배기업 소유주지분|이익잉여금 [member],제 53 기,293064763000000.0,제 52 기,271068211000000.0,제 51 기,254582894000000.0,13,KRW,
20230307000542,11011,2022,00126380,BS,재무상태표,ifrs-full_CurrentAssets,유동자산,-,제 54 기,218470581000000.0,제 53 기,218163185000000.0,제 52 기,198215579000000.0,1,KRW,
20230307000542,11011,2022,00126380,BS,재무상태표,ifrs-full_CashAndCashEquivalents,현금및현금성자산,-,제 54 기,49680710000000.0,제 53 기,39031415000000.0,제 52 기,29382578000000.0,2,KRW,
20230307000542,11011,2022,00126380,BS,재무상태표,dart_ShortTermDepositsNotClassifiedAsCashEquivalents,단기금융상품,-,제 54 기,65102886000000.0,제 53 기,81708986000000.0,제 52 기,92441703000000.0,3,KRW,
20230307000542,11011,2022,00126380,BS,재무상태표,-표준계정코드 미사용-,단기상각후원가금융자산,-,제 54 기,414610000000.0,제 53 기,3369034000000.0,제 52 기,2757111000000.0,4,KRW,
20230307000542,11011,2022,00126380,BS,재무상태표,ifrs-full_CurrentFinancialAssetsAtFairValueThroughProfitOrLossMandatorilyMeasuredAtFairValue,단기당기손익-공정가치금융자산,-,제 54 기,29080000000.0,제 53 기,40757000000.0,제 52 기,71451000000.0,5,KRW,
20230307000542,11011,2022,00126380,BS,재무상태표,dart_ShortTermTradeReceivable,매출채권,-,제 54 기,35721563000000.0,제 53 기,40713415000000.0,제 52 기,30965058000000.0,6,KRW,
20230307000542,11011,2022,00126380,BS,재무상태표,-표준계정코드 미사용-,미수금,-,제 54 기,6149209000000.0,제 53 기,4497257000000.0,제 52 기,3604539000000.0,7,KRW,
20230307000542,11011,2022,00126380,BS,재무상태표,-표준계정코드 미사용-,선급비용,-,제 54 기,2867823000000.0,제 53 기,2336252000000.0,제 52 기,2266100000000.0,8,KRW,
20230307000542,11011,2022,00126380,BS,재무상태표,ifrs-full_Inventories,재고자산,-,제 54 기,52187866000000.0,제 53 기,41384404000000.0,제 52 기,32043145000000.0,9,KRW,
20230307000542,11011,2022,00126380,BS,재무상태표,dart_OtherCurrentAssets,기타유동자산,-,제 54 기,6316834000000.0,제 53 기,5081665000000.0,제 52 기,3754462000000.0,10,KRW,
20230307000542,11011,2022,00126380,BS,재무상태표,-표준계정코드 미사용-,매각예정분류자산,-,제 54 기,0.0,제 53 기,0.0,제 52 기,929432000000.0,11,KRW,
20230307000542,11011,2022,00126380,BS,재무상태표,ifrs-full_NoncurrentAssets,비유동자산,-,제 54 기,229953926000000.0,제 53 기,208457973000000.0,제 52 기,180020139000000.0,12,KRW,
20230307000542,11011,2022,00126380,BS,재무상태표,-표준계정코드 미사용-,기타포괄손익-공정가치금융자산,-,제 54 기,11397012000000.0,제 53 기,13965839000000.0,제 52 기,12575216000000.0,13,KRW,
20230307000542,11011,2022,00126380,BS,재무상태표,-표준계정코드 미사용-,당기손익-공정가치금융자산,-,제 54 기,1405468000000.0,제 53 기,1525344000000.0,제 52 기,1202969000000.0,14,KRW,
20230307000542,11011,2022,00126380,BS,재무상태표,-표준계정코드 미사용-,관계기업 및 공동기업 투자,-,제 54 기,10893869000000.0,제 53 기,8932251000000.0,제 52 기,8076779000000.0,15,KRW,
20230307000542,11011,2022,00126380,BS,재무상태표,ifrs-full_PropertyPlantAndEquipment,유형자산,-,제 54 기,168045388000000.0,제 53 기,149928539000000.0,제 52 기,128952892000000.0,16,KRW,
20230307000542,11011,2022,00126380,BS,재무상태표,ifrs-full_IntangibleAssetsOtherThanGoodwill,무형자산,-,제 54 기,20217754000000.0,제 53 기,20236244000000.0,제 52 기,18468502000000.0,17,KRW,
20230307000542,11011,2022,00126380,BS,재무상태표,dart_DepositsForSeveranceInsurance,순확정급여자산,-,제 54 기,5851972000000.0,제 53 기,2809590000000.0,제 52 기,1355502000000.0,18,KRW,
20230307000542,11011,2022,00126380,BS,재무상태표,ifrs-full_DeferredTaxAssets,이연법인세자산,-,제 54 기,5101318000000.0,제 53 기,4261214000000.0,제 52 기,4275000000000.0,19,KRW,
20230307000542,11011,2022,00126380,BS,재무상태표,dart_OtherNonCurrentAssets,기타비유동자산,-,제 54 기,7041145000000.0,제 53 기,6798952000000.0,제 52 기,5113279000000.0,20,KRW,
20230307000542,11011,2022,00126380,BS,재무상태표,ifrs-full_Assets,자산총계,-,제 54 기,448424507000000.0,제 53 기,426621158000000.0,제 52 기,378235718000000.0,21,KRW,
20230307000542,11011,2022,00126380,BS,재무상태표,ifrs-full_CurrentLiabilities,유동부채,-,제 54 기,78344852000000.0,제 53 기,88117133000000.0,제 52 기,75604351000000.0,23,KRW,
20230307000542,11011,2022,00126380,BS,재무상태표,-표준계정코드 미사용-,매입채무,-,제 54 기,10644686000000.0,제 53 기,13453351000000.0,제 52 기,9739222000000.0,24,KRW,
20230307000542,11011,2022,00126380,BS,재무상태표,ifrs-full_ShorttermBorrowings,단기차입금,-,제 54 기,5147315000000.0,제 53 기,13687793000000.0,제 52 기,16553429000000.0,25,KRW,
20230307000542,11011,2022,00126380,BS,재무상태표,-표준계정코드 미사용-,미지급금,-,제 54 기,17592366000000.0,제 53 기,15584866000000.0,제 52 기,11899022000000.0,26,KRW,
20230307000542,11011,2022,00126380,BS,재무상태표,-표준계정코드 미사용-,선수금,-,제 54 기,1314934000000.0,제 53 기,1224812000000.0,제 52 기,1145423000000.0,27,KRW,
20230307000542,11011,2022,00126380,BS,재무상태표,-표준계정코드 미사용-,예수금,-,제 54 기,1298244000000.0,제 53 기,1294052000000.0,제 52 기,974521000000.0,28,KRW,
20230307000542,11011,2022,00126380,BS,재무상태표,-표준계정코드 미사용-,미지급비용,-,제 54 기,29211487000000.0,제 53 기,27928031000000.0,제 52 기,24330339000000.0,29,KRW,
20230307000542,11011,2022,00126380,BS,재무상태표,ifrs-full_CurrentTaxLiabilities,당기법인세부채,-,제 54 기,4250397000000.0,제 53 기,6749149000000.0,제 52 기,4430272000000.0,30,KRW,
20230307000542,11011,2022,00126380,BS,재무상태표,-표준계정코드 미사용-,유동성장기부채,-,제 54 기,1089162000000.0,제 53 기,1329968000000.0,제 52 기,716099000000.0,31,KRW,
20230307000542,11011,2022,00126380,BS,재무상태표,ifrs-full_CurrentProvisions,충당부채,-,제 54 기,5844907000000.0,제 53 기,5372872000000.0,제 52 기,4349563000000.0,32,KRW,
20230307000542,11011,2022,00126380,BS,재무상태표,dart_OtherCurrentLiabilities,기타유동부채,-,제 54 기,1951354000000.0,제 53 기,1492239000000.0,제 52 기,1127719000000.0,33,KRW,
20230307000542,11011,2022,00126380,BS,재무상태표,-표준계정코드 미사용-,매각예정분류부채,-,제 54 기,0.0,제 53 기,0.0,제 52 기,338742000000.0,34,KRW,
20230307000542,11011,2022,00126380,BS,재무상태표,ifrs-full_NoncurrentLiabilities,비유동부채,-,제 54 기,15330051000000.0,제 53 기,33604094000000.0,제 52 기,26683351000000.0,35,KRW,
20230307000542,11011,2022,00126380,BS,재무상태표,dart_BondsIssued,사채,-,제 54 기,536093000000.0,제 53 기,508232000000.0,제 52 기,948137000000.0,36,KRW,
20230307000542,11011,2022,00126380,BS,재무상태표,dart_LongTermBorrowingsGross,장기차입금,-,제 54 기,3560672000000.0,제 53 기,2866156000000.0,제 52 기,1999716000000.0,37,KRW,
20230307000542,11011,2022,00126380,BS,재무상태표,dart_LongTermOtherPayablesGross,장기미지급금,-,제 54 기,2753305000000.0,제 53 기,2991440000000.0,제 52 기,1682910000000.0,38,KRW,
20230307000542,11011,2022,00126380,BS,재무상태표,dart_PostemploymentBenefitObligations,순확정급여부채,-,제 54 기,268370000000.0,제 53 기,465884000000.0,제 52 기,464458000000.0,39,KRW,
20230307000542,11011,2022,00126380,BS,재무상태표,ifrs-full_DeferredTaxLiabilities,이연법인세부채,-,제 54 기,5111332000000.0,제 53 기,23198205000000.0,제 52 기,18810845000000.0,40,KRW,
20230307000542,11011,2022,00126380,BS,재무상태표,ifrs-full_NoncurrentProvisions,장기충당부채,-,제 54 기,1928518000000.0,제 53 기,2306994000000.0,제 52 기,1051428000000.0,41,KRW,
20230307000542,11011,2022,00126380,BS,재무상태표,dart_OtherNonCurrentLiabilities,기타비유동부채,-,제 54 기,1171761000000.0,제 53 기,1267183000000.0,제 52 기,1725857000000.0,42,KRW,
20230307000542,11011,2022,00126380,BS,재무상태표,ifrs-full_Liabilities,부채총계,-,제 54 기,93674903000000.0,제 53 기,121721227000000.0,제 52 기,102287702000000.0,43,KRW,
20230307000542,11011,2022,00126380,BS,재무상태표,ifrs-full_EquityAttributableToOwnersOfParent,지배기업 소유주지분,-,제 54 기,345186142000000.0,제 53 기,296237697000000.0,제 52 기,267670331000000.0,45,KRW,
20230307000542,11011,2022,00126380,BS,재무상태표,ifrs-full_IssuedCapital,자본금,-,제 54 기,897514000000.0,제 53 기,897514000000.0,제 52 기,897514000000.0,46,KRW,
20230307000542,11011,2022,00126380,BS,재무상태표,dart_IssuedCapitalOfPreferredStock,우선주자본금,-,제 54 기,119467000000.0,제 53 기,119467000000.0,제 52 기,119467000000.0,47,KRW,
20230307000542,11011,2022,00126380,BS,재무상태표,dart_IssuedCapitalOfCommonStock,보통주자본금,-,제 54 기,778047000000.0,제 53 기,778047000000.0,제 52 기,778047000000.0,48,KRW,
20230307000542,11011,2022,00126380,BS,재무상태표,ifrs-full_SharePremium,주식발행초과금,-,제 54 기,4403893000000.0,제 53 기,4403893000000.0,제 52 기,4403893000000.0,49,KRW,
20230307000542,11011,2022,00126380,BS,재무상태표,ifrs-full_RetainedEarnings,이익잉여금(결손금),-,제 54 기,337946407000000.0,제 53 기,293064763000000.0,제 52 기,271068211000000.0,50,KRW,
20230307000542,11011,2022,00126380,BS,재무상태표,dart_ElementsOfOtherStockholdersEquity,기타자본항목,-,제 54 기,1938328000000.0,제 53 기,-2128473000000.0,제 52 기,-8687155000000.0,51,KRW,
20230307000542,11011,2022,00126380,BS,재무상태표,-표준계정코드 미사용-,매각예정분류기타자본항목,-,제 54 기,0.0,제 53 기,0.0,제 52 기,-12132000000.0,52,KRW,
20230307000542,11011,2022,00126380,BS,재무상태표,ifrs-full_NoncontrollingInterests,비지배지분,-,제 54 기,9563462000000.0,제 53 기,8662234000000.0,제 52 기,8277685000000.0,53,KRW,
20230307000542,11011,2022,00126380,BS,재무상태표,ifrs-full_Equity,자본총계,-,제 54 기,354749604000000.0,제 53 기,304899931000000.0,제 52 기,275948016000000.0,54,KRW,
20230307000542,11011,2022,00126380,BS,재무상태표,ifrs-full_EquityAndLiabilities,부채와자본총계,-,제 54 기,448424507000000.0,제 53 기,426621158000000.0,제 52 기,378235718000000.0,55,KRW,
20230307000542,11011,2022,00126380,IS,손익계산서,ifrs-full_Revenue,수익(매출액),-,제 54 기,302231360000000.0,제 53 기,279604799000000.0,제 52 기,236806988000000.0,0,KRW,
20230307000542,11011,2022,00126380,IS,손익계산서,ifrs-full_CostOfSales,매출원가,-,제 54 기,190041770000000.0,제 53 기,166411342000000.0,제 52 기,144488296000000.0,1,KRW,
20230307000542,11011,2022,00126380,IS,손익계산서,ifrs-full_GrossProfit,매출총이익,-,제 54 기,112189590000000.0,제 53 기,113193457000000.0,제 52 기,92318692000000.0,2,KRW,
20230307000542,11011,2022,00126380,IS,손익계산서,dart_TotalSellingGeneralAdministrativeExpenses,판매비와관리비,-,제 54 기,68812960000000.0,제 53 기,61559601000000.0,제 52 기,56324816000000.0,3,KRW,
20230307000542,11011,2022,00126380,IS,손익계산서,dart_OperatingIncomeLoss,영업이익,-,제 54 기,43376630000000.0,제 53 기,51633856000000.0,제 52 기,35993876000000.0,4,KRW,
20230307000542,11011,2022,00126380,IS,손익계산서,dart_OtherGains,기타수익,-,제 54 기,1962071000000.0,제 53 기,2205695000000.0,제 52 기,1384068000000.0,5,KRW,
20230307000542,11011,2022,00126380,IS,손익계산서,dart_OtherLosses,기타비용,-,제 54 기,1790176000000.0,제 53 기,2055971000000.0,제 52 기,2488902000000.0,6,KRW,
20230307000542,11011,2022,00126380,IS,손익계산서,-표준계정코드 미사용-,지분법이익,-,제 54 기,1090643000000.0,제 53 기,729614000000.0,제 52 기,506530000000.0,7,KRW,
20230307000542,11011,2022,00126380,IS,손익계산서,ifrs-full_FinanceIncome,금융수익,-,제 54 기,20828995000000.0,제 53 기,8543187000000.0,제 52 기,12267600000000.0,8,KRW,
20230307000542,11011,2022,00126380,IS,손익계산서,-표준계정코드 미사용-,금융비용,-,제 54 기,19027689000000.0,제 53 기,7704554000000.0,제 52 기,11318055000000.0,9,KRW,
20230307000542,11011,2022,00126380,IS,손익계산서,ifrs-full_ProfitLossBeforeTax,법인세비용차감전순이익(손실),-,제 54 기,46440474000000.0,제 53 기,53351827000000.0,제 52 기,36345117000000.0,10,KRW,
20230307000542,11011,2022,00126380,IS,손익계산서,ifrs-full_IncomeTaxExpenseContinuingOperations,법인세비용,-,제 54 기,-9213603000000.0,제 53 기,13444377000000.0,제 52 기,9937285000000.0,11,KRW,
20230307000542,11011,2022,00126380,IS,손익계산서,ifrs-full_ProfitLossFromContinuingOperations,계속영업이익(손실),-,제 54 기,55654077000000.0,제 53 기,39907450000000.0,제 52 기,26407832000000.0,12,KRW,
20230307000542,11011,2022,00126380,IS,손익계산서,ifrs-full_ProfitLoss,당기순이익(손실),-,제 54 기,55654077000000.0,제 53 기,39907450000000.0,제 52 기,26407832000000.0,13,KRW,
20230307000542,11011,2022,00126380,IS,손익계산서,ifrs-full_ProfitLossAttributableToOwnersOfParent,지배기업의 소유주에게 귀속되는 당기순이익(손실),-,제 54 기,54730018000000.0,제 53 기,39243791000000.0,제 52 기,26090846000000.0,15,KRW,
20230307000542,11011,2022,00126380,IS,손익계산서,ifrs-full_ProfitLossAttributableToNoncontrollingInterests,비지배지분에 귀속되는 당기순이익(손실),-,제 54 기,924059000000.0,제 53 기,663659000000.0,제 52 기,316986000000.0,16,KRW,
20230307000542,11011,2022,00126380,IS,손익계산서,ifrs-full_BasicEarningsLossPerShare,기본주당이익(손실),-,제 54 기,8057.0,제 53 기,5777.0,제 52 기,3841.0,18,KRW,
20230307000542,11011,2022,00126380,IS,손익계산서,ifrs-full_DilutedEarningsLossPerShare,희석주당이익(손실),-,제 54 기,8057.0,제 53 기,5777.0,제 52 기,3841.0,19,KRW,
20230307000542,11011,2022,00126380,CIS,포괄손익계산서,ifrs-full_ProfitLoss,당기순이익(손실),-,제 54 기,55654077000000.0,제 53 기,39907450000000.0,제 52 기,26407832000000.0,0,KRW,
20230307000542,11011,2022,00126380,CIS,포괄손익계산서,ifrs-full_OtherComprehensiveIncome,기타포괄손익,-,제 54 기,4005664000000.0,제 53 기,10002299000000.0,제 52 기,-3673905000000.0,1,KRW,
20230307000542,11011,2022,00126380,CIS,포괄손익계산서,dart_OtherComprehensiveIncomeThatWillNotBeReclassifiedToProfitOrLossNetOfTax,후속적으로 당기손익으로 재분류되지 않는 포괄손익,-,제 54 기,-822137000000.0,제 53 기,2508106000000.0,제 52 기,1788764000000.0,2,KRW,
20230307000542,11011,2022,00126380,CIS,포괄손익계산서,-표준계정코드 미사용-,기타포괄손익-공정가치금융자산평가손익,-,제 54 기,-1969498000000.0,제 53 기,2980896000000.0,제 52 기,2502733000000.0,3,KRW,
20230307000542,11011,2022,00126380,CIS,포괄손익계산서,dart_ShareOfOtherComprehensiveIncomeOfAssociatesAndJointVenturesAccountedForUsingEquityMethodThatWillNotBeReclassifiedToProfitOrLossNetOfTax,관계기업 및 공동기업의 기타포괄손익에 대한 지분,-,제 54 기,-6318000000.0,제 53 기,51816000000.0,제 52 기,5591000000.0,4,KRW,
20230307000542,11011,2022,00126380,CIS,포괄손익계산서,dart_OtherComprehensiveIncomeNetOfTaxGainsLossesOnRemeasurementsOfDefinedBenefitPlans,순확정급여부채(자산) 재측정요소,-,제 54 기,1153679000000.0,제 53 기,-524606000000.0,제 52 기,-719560000000.0,5,KRW,
20230307000542,11011,2022,00126380,CIS,포괄손익계산서,dart_OtherComprehensiveIncomeThatWillBeReclassifiedToProfitOrLossNetOfTax,후속적으로 당기손익으로 재분류되는 포괄손익,-,제 54 기,4827801000000.0,제 53 기,7494193000000.0,제 52 기,-5462669000000.0,6,KRW,
20230307000542,11011,2022,00126380,CIS,포괄손익계산서,dart_ShareOfOtherComprehensiveIncomeOfAssociatesAndJointVenturesAccountedForUsingEquityMethodThatWillBeReclassifiedToProfitOrLossNetOfTax,관계기업 및 공동기업의 기타포괄손익에 대한 지분,-,제 54 기,-44192000000.0,제 53 기,160163000000.0,제 52 기,-48888000000.0,7,KRW,
20230307000542,11011,2022,00126380,CIS,포괄손익계산서,ifrs-full_GainsLossesOnExchangeDifferencesOnTranslationNetOfTax,해외사업장환산외환차이,-,제 54 기,4884886000000.0,제 53 기,7283620000000.0,제 52 기,-5380375000000.0,8,KRW,
20230307000542,11011,2022,00126380,CIS,포괄손익계산서,ifrs-full_GainsLossesOnCashFlowHedgesNetOfTax,현금흐름위험회피파생상품평가손익,-,제 54 기,-12893000000.0,제 53 기,50410000000.0,제 52 기,-33406000000.0,9,KRW,
20230307000542,11011,2022,00126380,CIS,포괄손익계산서,ifrs-full_ComprehensiveIncome,총포괄손익,-,제 54 기,59659741000000.0,제 53 기,49909749000000.0,제 52 기,22733927000000.0,10,KRW,
20230307000542,11011,2022,00126380,CIS,포괄손익계산서,ifrs-full_ComprehensiveIncomeAttributableToOwnersOfParent,지배기업 소유주지분,-,제 54 기,58745107000000.0,제 53 기,49037912000000.0,제 52 기,22374398000000.0,12,KRW,
20230307000542,11011,2022,00126380,CIS,포괄손익계산서,ifrs-full_ComprehensiveIncomeAttributableToNoncontrollingInterests,비지배지분,-,제 54 기,914634000000.0,제 53 기,871837000000.0,제 52 기,359529000000.0,13,KRW,
20230307000542,11011,2022,00126380,CF,현금흐름표,ifrs-full_CashFlowsFromUsedInOperatingActivities,영업활동 현금흐름,-,제 54 기,62181346000000.0,제 53 기,65105448000000.0,제 52 기,65287009000000.0,0,KRW,
20230307000542,11011,2022,00126380,CF,현금흐름표,-표준계정코드 미사용-,영업에서 창출된 현금흐름,-,제 54 기,71728568000000.0,제 53 기,72676199000000.0,제 52 기,68148810000000.0,1,KRW,
20230307000542,11011,2022,00126380,CF,현금흐름표,-표준계정코드 미사용-,당기순이익,-,제 54 기,55654077000000.0,제 53 기,39907450000000.0,제 52 기,26407832000000.0,2,KRW,
20230307000542,11011,2022,00126380,CF,현금흐름표,-표준계정코드 미사용-,조정,-,제 54 기,33073439000000.0,제 53 기,49055633000000.0,제 52 기,41618554000000.0,3,KRW,
20230307000542,11011,2022,00126380,CF,현금흐름표,-표준계정코드 미사용-,영업활동으로 인한 자산부채의 변동,-,제 54 기,-16998948000000.0,제 53 기,-16286884000000.0,제 52 기,122424000000.0,4,KRW,
20230307000542,11011,2022,00126380,CF,현금흐름표,ifrs-full_InterestReceivedClassifiedAsOperatingActivities,이자의 수취,-,제 54 기,2136795000000.0,제 53 기,1406706000000.0,제 52 기,2220209000000.0,5,KRW,
20230307000542,11011,2022,00126380,CF,현금흐름표,ifrs-full_InterestPaidClassifiedAsOperatingActivities,이자의 지급,-,제 54 기,714543000000.0,제 53 기,434441000000.0,제 52 기,555321000000.0,6,KRW,
20230307000542,11011,2022,00126380,CF,현금흐름표,ifrs-full_DividendsReceivedClassifiedAsOperatingActivities,배당금 수입,-,제 54 기,529421000000.0,제 53 기,299033000000.0,제 52 기,243666000000.0,7,KRW,
20230307000542,11011,2022,00126380,CF,현금흐름표,ifrs-full_IncomeTaxesPaidRefundClassifiedAsOperatingActivities,법인세 납부액,-,제 54 기,11498895000000.0,제 53 기,8842049000000.0,제 52 기,4770355000000.0,8,KRW,
20230307000542,11011,2022,00126380,CF,현금흐름표,ifrs-full_CashFlowsFromUsedInInvestingActivities,투자활동 현금흐름,-,제 54 기,-31602804000000.0,제 53 기,-33047763000000.0,제 52 기,-53628591000000.0,9,KRW,
20230307000542,11011,2022,00126380,CF,현금흐름표,-표준계정코드 미사용-,단기금융상품의 순감소(증가),-,제 54 기,15214321000000.0,제 53 기,10917128000000.0,제 52 기,-20369616000000.0,10,KRW,
20230307000542,11011,2022,00126380,CF,현금흐름표,-표준계정코드 미사용-,단기상각후원가금융자산의 순감소(증가),-,제 54 기,3050104000000.0,제 53 기,-336959000000.0,제 52 기,184104000000.0,11,KRW,
20230307000542,11011,2022,00126380,CF,현금흐름표,-표준계정코드 미사용-,단기당기손익-공정가치금융자산의 순감소(증가),-,제 54 기,11677000000.0,제 53 기,30694000000.0,제 52 기,1704512000000.0,12,KRW,
20230307000542,11011,2022,00126380,CF,현금흐름표,dart_ProceedsFromSalesOfLongTermFinancialInstruments,장기금융상품의 처분,-,제 54 기,8272909000000.0,제 53 기,10216082000000.0,제 52 기,12184301000000.0,13,KRW,
20230307000542,11011,2022,00126380,CF,현금흐름표,dart_PurchaseOfLongTermFinancialInstruments,장기금융상품의 취득,-,제 54 기,4393754000000.0,제 53 기,6981810000000.0,제 52 기,8019263000000.0,14,KRW,
20230307000542,11011,2022,00126380,CF,현금흐름표,-표준계정코드 미사용-,상각후원가금융자산의 처분,-,제 54 기,0.0,제 53 기,0.0,제 52 기,1023117000000.0,15,KRW,
20230307000542,11011,2022,00126380,CF,현금흐름표,-표준계정코드 미사용-,상각후원가금융자산의 취득,-,제 54 기,0.0,제 53 기,0.0,제 52 기,0.0,16,KRW,
20230307000542,11011,2022,00126380,CF,현금흐름표,-표준계정코드 미사용-,기타포괄손익-공정가치금융자산의 처분,-,제 54 기,496090000000.0,제 53 기,2919888000000.0,제 52 기,32128000000.0,17,KRW,
20230307000542,11011,2022,00126380,CF,현금흐름표,-표준계정코드 미사용-,기타포괄손익-공정가치금융자산의 취득,-,제 54 기,-37687000000.0,제 53 기,-1121201000000.0,제 52 기,-245497000000.0,18,KRW,
20230307000542,11011,2022,00126380,CF,현금흐름표,-표준계정코드 미사용-,당기손익-공정가치금융자산의 처분,-,제 54 기,166315000000.0,제 53 기,350212000000.0,제 52 기,39746000000.0,19,KRW,
20230307000542,11011,2022,00126380,CF,현금흐름표,-표준계정코드 미사용-,당기손익-공정가치금융자산의 취득,-,제 54 기,-158244000000.0,제 53 기,-208262000000.0,제 52 기,-84184000000.0,20,KRW,
20230307000542,11011,2022,00126380,CF,현금흐름표,-표준계정코드 미사용-,관계기업 및 공동기업 투자의 처분,-,제 54 기,13233000000.0,제 53 기,19169000000.0,제 52 기,0.0,21,KRW,
20230307000542,11011,2022,00126380,CF,현금흐름표,-표준계정코드 미사용-,관계기업 및 공동기업 투자의 취득,-,제 54 기,-907958000000.0,제 53 기,-47090000000.0,제 52 기,-83280000000.0,22,KRW,
20230307000542,11011,2022,00126380,CF,현금흐름표,ifrs-full_ProceedsFromSalesOfPropertyPlantAndEquipmentClassifiedAsInvestingActivities,유형자산의 처분,-,제 54 기,217878000000.0,제 53 기,358284000000.0,제 52 기,376744000000.0,23,KRW,
20230307000542,11011,2022,00126380,CF,현금흐름표,ifrs-full_PurchaseOfPropertyPlantAndEquipmentClassifiedAsInvestingActivities,유형자산의 취득,-,제 54 기,49430428000000.0,제 53 기,47122106000000.0,제 52 기,37592034000000.0,24,KRW,
20230307000542,11011,2022,00126380,CF,현금흐름표,ifrs-full_ProceedsFromSalesOfIntangibleAssetsClassifiedAsInvestingActivities,무형자산의 처분,-,제 54 기,23462000000.0,제 53 기,1752000000.0,제 52 기,7027000000.0,25,KRW,
20230307000542,11011,2022,00126380,CF,현금흐름표,ifrs-full_PurchaseOfIntangibleAssetsClassifiedAsInvestingActivities,무형자산의 취득,-,제 54 기,3696304000000.0,제 53 기,2706915000000.0,제 52 기,2679779000000.0,26,KRW,
20230307000542,11011,2022,00126380,CF,현금흐름표,-표준계정코드 미사용-,사업결합으로 인한 현금유출액,-,제 54 기,-31383000000.0,제 53 기,-5926000000.0,제 52 기,-49420000000.0,27,KRW,
20230307000542,11011,2022,00126380,CF,현금흐름표,-표준계정코드 미사용-,매각예정자산의 처분으로 인한 현금유입액,-,제 54 기,0.0,제 53 기,661168000000.0,제 52 기,,28,KRW,
20230307000542,11011,2022,00126380,CF,현금흐름표,-표준계정코드 미사용-,기타투자활동으로 인한 현금유출입액,-,제 54 기,-413035000000.0,제 53 기,8129000000.0,제 52 기,-57197000000.0,29,KRW,
20230307000542,11011,2022,00126380,CF,현금흐름표,ifrs-full_CashFlowsFromUsedInFinancingActivities,재무활동 현금흐름,-,제 54 기,-19390049000000.0,제 53 기,-23991033000000.0,제 52 기,-8327839000000.0,30,KRW,
20230307000542,11011,2022,00126380,CF,현금흐름표,-표준계정코드 미사용-,단기차입금의 순증가(감소),-,제 54 기,-8339149000000.0,제 53 기,-2616943000000.0,제 52 기,2191186000000.0,31,KRW,
20230307000542,11011,2022,00126380,CF,현금흐름표,-표준계정코드 미사용-,장기차입금의 차입,-,제 54 기,271997000000.0,제 53 기,58279000000.0,제 52 기,14495000000.0,32,KRW,
20230307000542,11011,2022,00126380,CF,현금흐름표,dart_RepaymentsOfLongTermBorrowings,사채 및 장기차입금의 상환,-,제 54 기,1508465000000.0,제 53 기,894749000000.0,제 52 기,864947000000.0,33,KRW,
20230307000542,11011,2022,00126380,CF,현금흐름표,ifrs-full_DividendsPaidClassifiedAsFinancingActivities,배당금의 지급,-,제 54 기,9814426000000.0,제 53 기,20510350000000.0,제 52 기,9676760000000.0,34,KRW,
20230307000542,11011,2022,00126380,CF,현금흐름표,-표준계정코드 미사용-,비지배지분의 증감,-,제 54 기,-6000000.0,제 53 기,-27270000000.0,제 52 기,8187000000.0,35,KRW,
20230307000542,11011,2022,00126380,CF,현금흐름표,-표준계정코드 미사용-,매각예정분류,-,제 54 기,0.0,제 53 기,139000000.0,제 52 기,-139000000.0,36,KRW,
20230307000542,11011,2022,00126380,CF,현금흐름표,ifrs-full_EffectOfExchangeRateChangesOnCashAndCashEquivalents,외화환산으로 인한 현금의 변동,-,제 54 기,-539198000000.0,제 53 기,1582046000000.0,제 52 기,-833861000000.0,37,KRW,
20230307000542,11011,2022,00126380,CF,현금흐름표,ifrs-full_IncreaseDecreaseInCashAndCashEquivalents,현금및현금성자산의 순증감,-,제 54 기,10649295000000.0,제 53 기,9648837000000.0,제 52 기,2496579000000.0,38,KRW,
20230307000542,11011,2022,00126380,CF,현금흐름표,dart_CashAndCashEquivalentsAtBeginningOfPeriodCf,기초의 현금및현금성자산,-,제 54 기,39031415000000.0,제 53 기,29382578000000.0,제 52 기,26885999000000.0,39,KRW,
20230307000542,11011,2022,00126380,CF,현금흐름표,dart_CashAndCashEquivalentsAtEndOfPeriodCf,기말의 현금및현금성자산,-,제 54 기,49680710000000.0,제 53 기,39031415000000.0,제 52 기,29382578000000.0,40,KRW,
20230307000542,11011,2022,00126380,SCE,자본변동표,dart_EquityAtBeginningOfPeriod,기초자본,자본 [member]|비지배지분 [member],제 54 기,8662234000000.0,제 53 기,8277685000000.0,제 52 기,7964949000000.0,1,KRW,
20230307000542,11011,2022,00126380,SCE,자본변동표,dart_EquityAtBeginningOfPeriod,기초자본,연결재무제표 [member],제 54 기,304899931000000.0,제 53 기,275948016000000.0,제 52 기,262880421000000.0,1,KRW,
20230307000542,11011,2022,00126380,SCE,자본변동표,dart_EquityAtBeginningOfPeriod,기초자본,자본 [member]|지배기업 소유주지분,제 54 기,296237697000000.0,제 53 기,267670331000000.0,제 52 기,254915472000000.0,1,KRW,
20230307000542,11011,2022,00126380,SCE,자본변동표,dart_EquityAtBeginningOfPeriod,기초자본,자본 [member]|지배기업 소유주지분|주식발행초과금,제 54 기,4403893000000.0,제 53 기,4403893000000.0,제 52 기,4403893000000.0,1,KRW,
20230307000542,11011,2022,00126380,SCE,자본변동표,dart_EquityAtBeginningOfPeriod,기초자본,자본 [member]|지배기업 소유주지분|자본금 [member],제 54 기,897514000000.0,제 53 기,897514000000.0,제 52 기,897514000000.0,1,KRW,
20230307000542,11011,2022,00126380,SCE,자본변동표,dart_EquityAtBeginningOfPeriod,기초자본,자본 [member]|지배기업 소유주지분|이익잉여금 [member],제 54 기,293064763000000.0,제 53 기,271068211000000.0,제 52 기,254582894000000.0,1,KRW,
20230307000542,11011,2022,00126380,SCE,자본변동표,dart_EquityAtBeginningOfPeriod,기초자본,자본 [member]|지배기업 소유주지분|매각예정분류기타자본항목,제 54 기,0.0,제 53 기,-12132000000.0,제 52 기,,1,KRW,
20230307000542,11011,2022,00126380,SCE,자본변동표,dart_EquityAtBeginningOfPeriod,기초자본,자본 [member]|지배기업 소유주지분|기타자본항목,제 54 기,-2128473000000.0,제 53 기,-8687155000000.0,제 52 기,-4968829000000.0,1,KRW,
20230307000542,11011,2022,00126380,SCE,자본변동표,ifrs-full_ProfitLoss,당기순이익(손실),자본 [member]|지배기업 소유주지분|이익잉여금 [member],제 54 기,54730018000000.0,제 53 기,39243791000000.0,제 52 기,26090846000000.0,2,KRW,
20230307000542,11011,2022,00126380,SCE,자본변동표,ifrs-full_ProfitLoss,당기순이익(손실),연결재무제표 [member],제 54 기,55654077000000.0,제 53 기,39907450000000.0,제 52 기,26407832000000.0,2,KRW,
20230307000542,11011,2022,00126380,SCE,자본변동표,ifrs-full_ProfitLoss,당기순이익(손실),자본 [member]|지배기업 소유주지분,제 54 기,54730018000000.0,제 53 기,39243791000000.0,제 52 기,26090846000000.0,2,KRW,
20230307000542,11011,2022,00126380,SCE,자본변동표,ifrs-full_ProfitLoss,당기순이익(손실),자본 [member]|비지배지분 [member],제 54 기,924059000000.0,제 53 기,663659000000.0,제 52 기,316986000000.0,2,KRW,
20230307000542,11011,2022,00126380,SCE,자본변동표,dart_ChangesInReserveOfGainsAndLossesOnFinancialAssetsMeasuredAtFairValueThroughOtherComprehensiveIncome,기타포괄손익-공정가치금융자산평가손익,자본 [member]|지배기업 소유주지분|기타자본항목,제 54 기,-1867530000000.0,제 53 기,-359117000000.0,제 52 기,2402226000000.0,3,KRW,
20230307000542,11011,2022,00126380,SCE,자본변동표,dart_ChangesInReserveOfGainsAndLossesOnFinancialAssetsMeasuredAtFairValueThroughOtherComprehensiveIncome,기타포괄손익-공정가치금융자산평가손익,자본 [member]|지배기업 소유주지분,제 54 기,-1906467000000.0,제 53 기,2873817000000.0,제 52 기,2415939000000.0,3,KRW,
20230307000542,11011,2022,00126380,SCE,자본변동표,dart_ChangesInReserveOfGainsAndLossesOnFinancialAssetsMeasuredAtFairValueThroughOtherComprehensiveIncome,기타포괄손익-공정가치금융자산평가손익,자본 [member]|비지배지분 [member],제 54 기,-63031000000.0,제 53 기,107079000000.0,제 52 기,86794000000.0,3,KRW,
20230307000542,11011,2022,00126380,SCE,자본변동표,dart_ChangesInReserveOfGainsAndLossesOnFinancialAssetsMeasuredAtFairValueThroughOtherComprehensiveIncome,기타포괄손익-공정가치금융자산평가손익,연결재무제표 [member],제 54 기,-1969498000000.0,제 53 기,2980896000000.0,제 52 기,2502733000000.0,3,KRW,
20230307000542,11011,2022,00126380,SCE,자본변동표,dart_ChangesInReserveOfGainsAndLossesOnFinancialAssetsMeasuredAtFairValueThroughOtherComprehensiveIncome,기타포괄손익-공정가치금융자산평가손익,자본 [member]|지배기업 소유주지분|이익잉여금 [member],제 54 기,-38937000000.0,제 53 기,3232934000000.0,제 52 기,13713000000.0,3,KRW,
20230307000542,11011,2022,00126380,SCE,자본변동표,dart_PurchaseDispostionOfAssociatesOrJointVenture,관계기업 및 공동기업의 기타포괄손익에 대한 지분,자본 [member]|지배기업 소유주지분|기타자본항목,제 54 기,-51848000000.0,제 53 기,225464000000.0,제 52 기,-45894000000.0,4,KRW,
20230307000542,11011,2022,00126380,SCE,자본변동표,dart_PurchaseDispostionOfAssociatesOrJointVenture,관계기업 및 공동기업의 기타포괄손익에 대한 지분,자본 [member]|지배기업 소유주지분,제 54 기,-51848000000.0,제 53 기,225464000000.0,제 52 기,-45894000000.0,4,KRW,
20230307000542,11011,2022,00126380,SCE,자본변동표,dart_PurchaseDispostionOfAssociatesOrJointVenture,관계기업 및 공동기업의 기타포괄손익에 대한 지분,자본 [member]|비지배지분 [member],제 54 기,1338000000.0,제 53 기,-13485000000.0,제 52 기,2597000000.0,4,KRW,
20230307000542,11011,2022,00126380,SCE,자본변동표,dart_PurchaseDispostionOfAssociatesOrJointVenture,관계기업 및 공동기업의 기타포괄손익에 대한 지분,연결재무제표 [member],제 54 기,-50510000000.0,제 53 기,211979000000.0,제 52 기,-43297000000.0,4,KRW,
20230307000542,11011,2022,00126380,SCE,자본변동표,dart_ChangesInForeignExchangeRates,해외사업장환산외환차이,자본 [member]|지배기업 소유주지분|기타자본항목,제 54 기,4863930000000.0,제 53 기,7164982000000.0,제 52 기,-5343946000000.0,5,KRW,
20230307000542,11011,2022,00126380,SCE,자본변동표,dart_ChangesInForeignExchangeRates,해외사업장환산외환차이,자본 [member]|지배기업 소유주지분,제 54 기,4863930000000.0,제 53 기,7164982000000.0,제 52 기,-5343946000000.0,5,KRW,
20230307000542,11011,2022,00126380,SCE,자본변동표,dart_ChangesInForeignExchangeRates,해외사업장환산외환차이,자본 [member]|비지배지분 [member],제 54 기,20956000000.0,제 53 기,118638000000.0,제 52 기,-36429000000.0,5,KRW,
20230307000542,11011,2022,00126380,SCE,자본변동표,dart_ChangesInForeignExchangeRates,해외사업장환산외환차이,연결재무제표 [member],제 54 기,4884886000000.0,제 53 기,7283620000000.0,제 52 기,-5380375000000.0,5,KRW,
20230307000542,11011,2022,00126380,SCE,자본변동표,-표준계정코드 미사용-,순확정급여부채(자산) 재측정요소,자본 [member]|지배기업 소유주지분|기타자본항목,제 54 기,1122367000000.0,제 53 기,-520552000000.0,제 52 기,-709141000000.0,6,KRW,
20230307000542,11011,2022,00126380,SCE,자본변동표,-표준계정코드 미사용-,순확정급여부채(자산) 재측정요소,자본 [member]|지배기업 소유주지분,제 54 기,1122367000000.0,제 53 기,-520552000000.0,제 52 기,-709141000000.0,6,KRW,
20230307000542,11011,2022,00126380,SCE,자본변동표,-표준계정코드 미사용-,순확정급여부채(자산) 재측정요소,자본 [member]|비지배지분 [member],제 54 기,31312000000.0,제 53 기,-4054000000.0,제 52 기,-10419000000.0,6,KRW,
20230307000542,11011,2022,00126380,SCE,자본변동표,-표준계정코드 미사용-,순확정급여부채(자산) 재측정요소,연결재무제표 [member],제 54 기,1153679000000.0,제 53 기,-524606000000.0,제 52 기,-719560000000.0,6,KRW,
20230307000542,11011,2022,00126380,SCE,자본변동표,ifrs-full_AmountRemovedFromReserveOfCashFlowHedgesAndIncludedInInitialCostOrOtherCarryingAmountOfNonfinancialAssetLiabilityOrFirmCommitmentForWhichFairValueHedgeAccountingIsApplied,현금흐름위험회피파생상품평가손익,자본 [member]|지배기업 소유주지분,제 54 기,12893000000.0,제 53 기,-50410000000.0,제 52 기,33406000000.0,7,KRW,
20230307000542,11011,2022,00126380,SCE,자본변동표,ifrs-full_AmountRemovedFromReserveOfCashFlowHedgesAndIncludedInInitialCostOrOtherCarryingAmountOfNonfinancialAssetLiabilityOrFirmCommitmentForWhichFairValueHedgeAccountingIsApplied,현금흐름위험회피파생상품평가손익,자본 [member]|지배기업 소유주지분|기타자본항목,제 54 기,12893000000.0,제 53 기,-50410000000.0,제 52 기,33406000000.0,7,KRW,
20230307000542,11011,2022,00126380,SCE,자본변동표,ifrs-full_AmountRemovedFromReserveOfCashFlowHedgesAndIncludedInInitialCostOrOtherCarryingAmountOfNonfinancialAssetLiabilityOrFirmCommitmentForWhichFairValueHedgeAccountingIsApplied,현금흐름위험회피파생상품평가손익,연결재무제표 [member],제 54 기,12893000000.0,제 53 기,-50410000000.0,제 52 기,33406000000.0,7,KRW,
20230307000542,11011,2022,00126380,SCE,자본변동표,-표준계정코드 미사용-,매각예정분류,자본 [member]|지배기업 소유주지분|매각예정분류기타자본항목,제 54 기,,제 53 기,12132000000.0,제 52 기,-12132000000.0,8,KRW,
20230307000542,11011,2022,00126380,SCE,자본변동표,-표준계정코드 미사용-,매각예정분류,자본 [member]|지배기업 소유주지분|기타자본항목,제 54 기,,제 53 기,-12132000000.0,제 52 기,12132000000.0,8,KRW,
20230307000542,11011,2022,00126380,SCE,자본변동표,-표준계정코드 미사용-,매각예정분류,자본 [member]|지배기업 소유주지분,제 54 기,0.0,제 53 기,0.0,제 52 기,0.0,8,KRW,
20230307000542,11011,2022,00126380,SCE,자본변동표,-표준계정코드 미사용-,매각예정분류,연결재무제표 [member],제 54 기,0.0,제 53 기,0.0,제 52 기,0.0,8,KRW,
20230307000542,11011,2022,00126380,SCE,자본변동표,ifrs-full_DividendsPaid,배당,자본 [member]|지배기업 소유주지분|이익잉여금 [member],제 54 기,9809437000000.0,제 53 기,20480721000000.0,제 52 기,9619242000000.0,9,KRW,
20230307000542,11011,2022,00126380,SCE,자본변동표,ifrs-full_DividendsPaid,배당,자본 [member]|지배기업 소유주지분,제 54 기,9809437000000.0,제 53 기,20480721000000.0,제 52 기,9619242000000.0,9,KRW,
20230307000542,11011,2022,00126380,SCE,자본변동표,ifrs-full_DividendsPaid,배당,자본 [member]|비지배지분 [member],제 54 기,5523000000.0,제 53 기,32005000000.0,제 52 기,59028000000.0,9,KRW,
20230307000542,11011,2022,00126380,SCE,자본변동표,ifrs-full_DividendsPaid,배당,연결재무제표 [member],제 54 기,9814960000000.0,제 53 기,20512726000000.0,제 52 기,9678270000000.0,9,KRW,
20230307000542,11011,2022,00126380,SCE,자본변동표,dart_IntercompanyAcquisition,연결실체내 자본거래 등,자본 [member]|비지배지분 [member],제 54 기,-176000000.0,제 53 기,12553000000.0,제 52 기,-701000000.0,10,KRW,
20230307000542,11011,2022,00126380,SCE,자본변동표,dart_IntercompanyAcquisition,연결실체내 자본거래 등,자본 [member]|지배기업 소유주지분,제 54 기,0.0,제 53 기,0.0,제 52 기,-830000000.0,10,KRW,
20230307000542,11011,2022,00126380,SCE,자본변동표,dart_IntercompanyAcquisition,연결실체내 자본거래 등,자본 [member]|지배기업 소유주지분|기타자본항목,제 54 기,,제 53 기,,제 52 기,-830000000.0,10,KRW,
20230307000542,11011,2022,00126380,SCE,자본변동표,dart_IntercompanyAcquisition,연결실체내 자본거래 등,연결재무제표 [member],제 54 기,-176000000.0,제 53 기,12553000000.0,제 52 기,-1531000000.0,10,KRW,
20230307000542,11011,2022,00126380,SCE,자본변동표,-표준계정코드 미사용-,연결실체의 변동,자본 [member]|비지배지분 [member],제 54 기,124000000.0,제 53 기,-477617000000.0,제 52 기,17838000000.0,11,KRW,
20230307000542,11011,2022,00126380,SCE,자본변동표,-표준계정코드 미사용-,연결실체의 변동,연결재무제표 [member],제 54 기,124000000.0,제 53 기,-477617000000.0,제 52 기,17838000000.0,11,KRW,
20230307000542,11011,2022,00126380,SCE,자본변동표,-표준계정코드 미사용-,연결실체의 변동,자본 [member]|지배기업 소유주지분,제 54 기,0.0,제 53 기,0.0,제 52 기,0.0,11,KRW,
20230307000542,11011,2022,00126380,SCE,자본변동표,dart_OtherTransactions,기타,연결재무제표 [member],제 54 기,4944000000.0,제 53 기,19956000000.0,제 52 기,-4369000000.0,12,KRW,
20230307000542,11011,2022,00126380,SCE,자본변동표,dart_OtherTransactions,기타,자본 [member]|비지배지분 [member],제 54 기,-7831000000.0,제 53 기,9781000000.0,제 52 기,-4902000000.0,12,KRW,
20230307000542,11011,2022,00126380,SCE,자본변동표,dart_OtherTransactions,기타,자본 [member]|지배기업 소유주지분,제 54 기,12775000000.0,제 53 기,10175000000.0,제 52 기,533000000.0,12,KRW,
20230307000542,11011,2022,00126380,SCE,자본변동표,dart_OtherTransactions,기타,자본 [member]|지배기업 소유주지분|이익잉여금 [member],제 54 기,,제 53 기,548000000.0,제 52 기,,12,KRW,
20230307000542,11011,2022,00126380,SCE,자본변동표,dart_OtherTransactions,기타,자본 [member]|지배기업 소유주지분|기타자본항목,제 54 기,12775000000.0,제 53 기,9627000000.0,제 52 기,533000000.0,12,KRW,
20230307000542,11011,2022,00126380,SCE,자본변동표,ifrs-full_Equity,기말자본,자본 [member]|지배기업 소유주지분|자본금 [member],제 54 기,897514000000.0,제 53 기,897514000000.0,제 52 기,897514000000.0,13,KRW,
20230307000542,11011,2022,00126380,SCE,자본변동표,ifrs-full_Equity,기말자본,자본 [member]|지배기업 소유주지분|주식발행초과금,제 54 기,4403893000000.0,제 53 기,4403893000000.0,제 52 기,4403893000000.0,13,KRW,
20230307000542,11011,2022,00126380,SCE,자본변동표,ifrs-full_Equity,기말자본,자본 [member]|지배기업 소유주지분|매각예정분류기타자본항목,제 54 기,,제 53 기,0.0,제 52 기,-12132000000.0,13,KRW,
20230307000542,11011,2022,00126380,SCE,자본변동표,ifrs-full_Equity,기말자본,자본 [member]|지배기업 소유주지분|기타자본항목,제 54 기,1938328000000.0,제 53 기,-2128473000000.0,제 52 기,-8687155000000.0,13,KRW,
20230307000542,11011,2022,00126380,SCE,자본변동표,ifrs-full_Equity,기말자본,자본 [member]|지배기업 소유주지분,제 54 기,345186142000000.0,제 53 기,296237697000000.0,제 52 기,267670331000000.0,13,KRW,
20230307000542,11011,2022,00126380,SCE,자본변동표,ifrs-full_Equity,기말자본,자본 [member]|비지배지분 [member],제 54 기,9563462000000.0,제 53 기,8662234000000.0,제 52 기,8277685000000.0,13,KRW,
20230307000542,11011,2022,00126380,SCE,자본변동표,ifrs-full_Equity,기말자본,연결재무제표 [member],제 54 기,354749604000000.0,제 53 기,304899931000000.0,제 52 기,275948016000000.0,13,KRW,
20230307000542,11011,2022,00126380,SCE,자본변동표,ifrs-full_Equity,기말자본,자본 [member]|지배기업 소유주지분|이익잉여금 [member],제 54 기,337946407000000.0,제 53 기,293064763000000.0,제 52 기,271068211000000.0,13,KRW,
20240312000736,11011,2023,00126380,BS,재무상태표,ifrs-full_Assets,자산총계,-,제 55 기,455905980000000.0,제 54 기,448424507000000.0,제 53 기,426621158000000.0,7,KRW,
20240312000736,11011,2023,00126380,BS,재무상태표,ifrs-full_CurrentAssets,유동자산,-,제 55 기,195936557000000.0,제 54 기,218470581000000.0,제 53 기,218163185000000.0,8,KRW,
20240312000736,11011,2023,00126380,BS,재무상태표,dart_ShortTermOtherReceivables,미수금,-,제 55 기,6633248000000.0,제 54 기,6149209000000.0,제 53 기,4497257000000.0,9,KRW,
20240312000736,11011,2023,00126380,BS,재무상태표,dart_ShortTermPrepaidExpenses,선급비용,-,제 55 기,3366130000000.0,제 54 기,2867823000000.0,제 53 기,2336252000000.0,10,KRW,
20240312000736,11011,2023,00126380,BS,재무상태표,ifrs-full_CashAndCashEquivalents,현금및현금성자산,-,제 55 기,69080893000000.0,제 54 기,49680710000000.0,제 53 기,39031415000000.0,11,KRW,
20240312000736,11011,2023,00126380,BS,재무상태표,ifrs-full_CurrentFinancialAssetsAtAmortisedCost,단기상각후원가금융자산,-,제 55 기,608281000000.0,제 54 기,414610000000.0,제 53 기,3369034000000.0,12,KRW,
20240312000736,11011,2023,00126380,BS,재무상태표,ifrs-full_CurrentFinancialAssetsAtFairValueThroughProfitOrLoss,단기당기손익-공정가치금융자산,-,제 55 기,27112000000.0,제 54 기,29080000000.0,제 53 기,40757000000.0,13,KRW,
20240312000736,11011,2023,00126380,BS,재무상태표,ifrs-full_CurrentTradeReceivables,매출채권,-,제 55 기,36647393000000.0,제 54 기,35721563000000.0,제 53 기,40713415000000.0,14,KRW,
20240312000736,11011,2023,00126380,BS,재무상태표,ifrs-full_Inventories,재고자산,-,제 55 기,51625874000000.0,제 54 기,52187866000000.0,제 53 기,41384404000000.0,15,KRW,
20240312000736,11011,2023,00126380,BS,재무상태표,ifrs-full_NoncurrentAssetsOrDisposalGroupsClassifiedAsHeldForSaleOrAsHeldForDistributionToOwners,매각예정분류자산,-,제 55 기,217864000000.0,제 54 기,0.0,제 53 기,0.0,16,KRW,
20240312000736,11011,2023,00126380,BS,재무상태표,ifrs-full_OtherCurrentAssets,기타유동자산,-,제 55 기,5038838000000.0,제 54 기,6316834000000.0,제 53 기,5081665000000.0,17,KRW,
20240312000736,11011,2023,00126380,BS,재무상태표,ifrs-full_ShorttermDepositsNotClassifiedAsCashEquivalents,단기금융상품,-,제 55 기,22690924000000.0,제 54 기,65102886000000.0,제 53 기,81708986000000.0,18,KRW,
20240312000736,11011,2023,00126380,BS,재무상태표,ifrs-full_NoncurrentAssets,비유동자산,-,제 55 기,259969423000000.0,제 54 기,229953926000000.0,제 53 기,208457973000000.0,19,KRW,
20240312000736,11011,2023,00126380,BS,재무상태표,ifrs-full_DeferredTaxAssets,이연법인세자산,-,제 55 기,10211797000000.0,제 54 기,5101318000000.0,제 53 기,4261214000000.0,20,KRW,
20240312000736,11011,2023,00126380,BS,재무상태표,ifrs-full_IntangibleAssetsAndGoodwill,무형자산,-,제 55 기,22741862000000.0,제 54 기,20217754000000.0,제 53 기,20236244000000.0,21,KRW,
20240312000736,11011,2023,00126380,BS,재무상태표,ifrs-full_InvestmentAccountedForUsingEquityMethod,관계종속기업투자자산-지분법,-,제 55 기,11767444000000.0,제 54 기,10893869000000.0,제 53 기,8932251000000.0,22,KRW,
20240312000736,11011,2023,00126380,BS,재무상태표,ifrs-full_NoncurrentFinancialAssetsAtFairValueThroughProfitOrLoss,당기손익-공정가치금융자산,-,제 55 기,1431394000000.0,제 54 기,1405468000000.0,제 53 기,1525344000000.0,23,KRW,
20240312000736,11011,2023,00126380,BS,재무상태표,ifrs-full_NoncurrentFinancialAssetsMeasuredAtFairValueThroughOtherComprehensiveIncome,기타포괄손익-공정가치 측정 비유동금융자산,-,제 55 기,7481297000000.0,제 54 기,11397012000000.0,제 53 기,13965839000000.0,24,KRW,
20240312000736,11011,2023,00126380,BS,재무상태표,ifrs-full_NoncurrentRecognisedAssetsDefinedBenefitPlan,순확정급여자산,-,제 55 기,4905219000000.0,제 54 기,5851972000000.0,제 53 기,2809590000000.0,25,KRW,
20240312000736,11011,2023,00126380,BS,재무상태표,ifrs-full_OtherNoncurrentAssets,기타비유동자산,-,제 55 기,14174148000000.0,제 54 기,7041145000000.0,제 53 기,6798952000000.0,26,KRW,
20240312000736,11011,2023,00126380,BS,재무상태표,ifrs-full_PropertyPlantAndEquipment,유형자산,-,제 55 기,187256262000000.0,제 54 기,168045388000000.0,제 53 기,149928539000000.0,27,KRW,
20240312000736,11011,2023,00126380,BS,재무상태표,ifrs-full_Equity,자본총계,-,제 55 기,363677865000000.0,제 54 기,354749604000000.0,제 53 기,304899931000000.0,29,KRW,
20240312000736,11011,2023,00126380,BS,재무상태표,ifrs-full_EquityAttributableToOwnersOfParent,지배기업 소유주지분,-,제 55 기,353233775000000.0,제 54 기,345186142000000.0,제 53 기,296237697000000.0,30,KRW,
20240312000736,11011,2023,00126380,BS,재무상태표,dart_ElementsOfOtherStockholdersEquity,기타자본항목,-,제 55 기,1280130000000.0,제 54 기,1938328000000.0,제 53 기,-2128473000000.0,31,KRW,
20240312000736,11011,2023,00126380,BS,재무상태표,ifrs-full_IssuedCapital,자본금,-,제 55 기,897514000000.0,제 54 기,897514000000.0,제 53 기,897514000000.0,32,KRW,
20240312000736,11011,2023,00126380,BS,재무상태표,dart_IssuedCapitalOfCommonStock,보통주자본금,-,제 55 기,778047000000.0,제 54 기,778047000000.0,제 53 기,778047000000.0,33,KRW,
20240312000736,11011,2023,00126380,BS,재무상태표,dart_IssuedCapitalOfPreferredStock,우선주자본금,-,제 55 기,119467000000.0,제 54 기,119467000000.0,제 53 기,119467000000.0,34,KRW,
20240312000736,11011,2023,00126380,BS,재무상태표,ifrs-full_RetainedEarnings,이익잉여금,-,제 55 기,346652238000000.0,제 54 기,337946407000000.0,제 53 기,293064763000000.0,35,KRW,
20240312000736,11011,2023,00126380,BS,재무상태표,ifrs-full_SharePremium,주식발행초과금,-,제 55 기,4403893000000.0,제 54 기,4403893000000.0,제 53 기,4403893000000.0,36,KRW,
20240312000736,11011,2023,00126380,BS,재무상태표,ifrs-full_NoncontrollingInterests,비지배지분,-,제 55 기,10444090000000.0,제 54 기,9563462000000.0,제 53 기,8662234000000.0,37,KRW,
20240312000736,11011,2023,00126380,BS,재무상태표,ifrs-full_EquityAndLiabilities,자본과부채총계,-,제 55 기,455905980000000.0,제 54 기,448424507000000.0,제 53 기,426621158000000.0,38,KRW,
20240312000736,11011,2023,00126380,BS,재무상태표,ifrs-full_CurrentLiabilities,유동부채,-,제 55 기,75719452000000.0,제 54 기,78344852000000.0,제 53 기,88117133000000.0,40,KRW,
20240312000736,11011,2023,00126380,BS,재무상태표,dart_ShortTermAdvancesCustomers,선수금,-,제 55 기,1492602000000.0,제 54 기,1314934000000.0,제 53 기,1224812000000.0,41,KRW,
20240312000736,11011,2023,00126380,BS,재무상태표,dart_ShortTermWithholdings,예수금,-,제 55 기,892441000000.0,제 54 기,1298244000000.0,제 53 기,1294052000000.0,42,KRW,
20240312000736,11011,2023,00126380,BS,재무상태표,-표준계정코드 미사용-,단기차입금,-,제 55 기,7114601000000.0,제 54 기,5147315000000.0,제 53 기,13687793000000.0,43,KRW,
20240312000736,11011,2023,00126380,BS,재무상태표,ifrs-full_AccrualsClassifiedAsCurrent,미지급비용,-,제 55 기,26013273000000.0,제 54 기,29211487000000.0,제 53 기,27928031000000.0,44,KRW,
20240312000736,11011,2023,00126380,BS,재무상태표,ifrs-full_CurrentPortionOfLongtermBorrowings,유동성장기부채,-,제 55 기,1308875000000.0,제 54 기,1089162000000.0,제 53 기,1329968000000.0,45,KRW,
20240312000736,11011,2023,00126380,BS,재무상태표,ifrs-full_CurrentProvisions,충당부채,-,제 55 기,6524876000000.0,제 54 기,5844907000000.0,제 53 기,5372872000000.0,46,KRW,
20240312000736,11011,2023,00126380,BS,재무상태표,ifrs-full_CurrentTaxLiabilities,당기법인세부채,-,제 55 기,3358715000000.0,제 54 기,4250397000000.0,제 53 기,6749149000000.0,47,KRW,
20240312000736,11011,2023,00126380,BS,재무상태표,ifrs-full_LiabilitiesIncludedInDisposalGroupsClassifiedAsHeldForSale,매각예정분류부채,-,제 55 기,61654000000.0,제 54 기,0.0,제 53 기,0.0,48,KRW,
20240312000736,11011,2023,00126380,BS,재무상태표,ifrs-full_OtherCurrentLiabilities,기타 유동부채,-,제 55 기,2308472000000.0,제 54 기,1951354000000.0,제 53 기,1492239000000.0,49,KRW,
20240312000736,11011,2023,00126380,BS,재무상태표,ifrs-full_OtherCurrentPayables,미지급금,-,제 55 기,15324119000000.0,제 54 기,17592366000000.0,제 53 기,15584866000000.0,50,KRW,
20240312000736,11011,2023,00126380,BS,재무상태표,ifrs-full_TradeAndOtherCurrentPayablesToTradeSuppliers,매입채무,-,제 55 기,11319824000000.0,제 54 기,10644686000000.0,제 53 기,13453351000000.0,51,KRW,
20240312000736,11011,2023,00126380,BS,재무상태표,ifrs-full_Liabilities,부채총계,-,제 55 기,92228115000000.0,제 54 기,93674903000000.0,제 53 기,121721227000000.0,52,KRW,
20240312000736,11011,2023,00126380,BS,재무상태표,ifrs-full_NoncurrentLiabilities,비유동부채,-,제 55 기,16508663000000.0,제 54 기,15330051000000.0,제 53 기,33604094000000.0,53,KRW,
20240312000736,11011,2023,00126380,BS,재무상태표,ifrs-full_DeferredTaxLiabilities,이연법인세부채,-,제 55 기,620549000000.0,제 54 기,5111332000000.0,제 53 기,23198205000000.0,54,KRW,
20240312000736,11011,2023,00126380,BS,재무상태표,ifrs-full_NoncurrentPortionOfNoncurrentBondsIssued,사채,-,제 55 기,537618000000.0,제 54 기,536093000000.0,제 53 기,508232000000.0,55,KRW,
20240312000736,11011,2023,00126380,BS,재무상태표,ifrs-full_NoncurrentPortionOfNoncurrentLoansReceived,장기차입금,-,제 55 기,3724850000000.0,제 54 기,3560672000000.0,제 53 기,2866156000000.0,56,KRW,
20240312000736,11011,2023,00126380,BS,재무상태표,ifrs-full_NoncurrentProvisions,장기충당부채,-,제 55 기,2878450000000.0,제 54 기,1928518000000.0,제 53 기,2306994000000.0,57,KRW,
20240312000736,11011,2023,00126380,BS,재무상태표,ifrs-full_NoncurrentRecognisedLiabilitiesDefinedBenefitPlan,순확정급여부채,-,제 55 기,456557000000.0,제 54 기,268370000000.0,제 53 기,465884000000.0,58,KRW,
20240312000736,11011,2023,00126380,BS,재무상태표,ifrs-full_OtherNoncurrentLiabilities,기타 비유동 부채,-,제 55 기,2802356000000.0,제 54 기,1171761000000.0,제 53 기,1267183000000.0,59,KRW,
20240312000736,11011,2023,00126380,BS,재무상태표,ifrs-full_OtherNoncurrentPayables,장기미지급금,-,제 55 기,5488283000000.0,제 54 기,2753305000000.0,제 53 기,2991440000000.0,60,KRW,
20240312000736,11011,2023,00126380,IS,손익계산서,dart_OperatingIncomeLoss,영업이익,-,제 55 기,6566976000000.0,제 54 기,43376630000000.0,제 53 기,51633856000000.0,6,KRW,
20240312000736,11011,2023,00126380,IS,손익계산서,dart_OtherGains,기타이익,-,제 55 기,1180448000000.0,제 54 기,1962071000000.0,제 53 기,2205695000000.0,7,KRW,
20240312000736,11011,2023,00126380,IS,손익계산서,dart_OtherLosses,기타손실,-,제 55 기,1083327000000.0,제 54 기,1790176000000.0,제 53 기,2055971000000.0,8,KRW,
20240312000736,11011,2023,00126380,IS,손익계산서,dart_TotalSellingGeneralAdministrativeExpenses,판매비와관리비,-,제 55 기,71979938000000.0,제 54 기,68812960000000.0,제 53 기,61559601000000.0,9,KRW,
20240312000736,11011,2023,00126380,IS,손익계산서,ifrs-full_CostOfSales,매출원가,-,제 55 기,180388580000000.0,제 54 기,190041770000000.0,제 53 기,166411342000000.0,10,KRW,
20240312000736,11011,2023,00126380,IS,손익계산서,ifrs-full_BasicEarningsLossPerShare,기본주당이익(손실),-,제 55 기,2131.0,제 54 기,8057.0,제 53 기,5777.0,12,KRW,
20240312000736,11011,2023,00126380,IS,손익계산서,ifrs-full_DilutedEarningsLossPerShare,희석주당이익(손실),-,제 55 기,2131.0,제 54 기,8057.0,제 53 기,5777.0,13,KRW,
20240312000736,11011,2023,00126380,IS,손익계산서,ifrs-full_FinanceCosts,금융비용,-,제 55 기,12645530000000.0,제 54 기,19027689000000.0,제 53 기,7704554000000.0,14,KRW,
20240312000736,11011,2023,00126380,IS,손익계산서,ifrs-full_FinanceIncome,금융수익,-,제 55 기,16100148000000.0,제 54 기,20828995000000.0,제 53 기,8543187000000.0,15,KRW,
20240312000736,11011,2023,00126380,IS,손익계산서,ifrs-full_GrossProfit,매출총이익,-,제 55 기,78546914000000.0,제 54 기,112189590000000.0,제 53 기,113193457000000.0,16,KRW,
20240312000736,11011,2023,00126380,IS,손익계산서,ifrs-full_IncomeTaxExpenseContinuingOperations,법인세비용(수익),-,제 55 기,-4480835000000.0,제 54 기,-9213603000000.0,제 53 기,13444377000000.0,17,KRW,
20240312000736,11011,2023,00126380,IS,손익계산서,ifrs-full_ProfitLoss,당기순이익(손실),-,제 55 기,15487100000000.0,제 54 기,55654077000000.0,제 53 기,39907450000000.0,18,KRW,
20240312000736,11011,2023,00126380,IS,손익계산서,ifrs-full_ProfitLossAttributableToNoncontrollingInterests,비지배지분에 귀속되는 당기순이익(손실),-,제 55 기,1013699000000.0,제 54 기,924059000000.0,제 53 기,663659000000.0,20,KRW,
20240312000736,11011,2023,00126380,IS,손익계산서,ifrs-full_ProfitLossAttributableToOwnersOfParent,지배기업의 소유주에게 귀속되는 당기순이익(손실),-,제 55 기,14473401000000.0,제 54 기,54730018000000.0,제 53 기,39243791000000.0,21,KRW,
20240312000736,11011,2023,00126380,IS,손익계산서,ifrs-full_ProfitLossBeforeTax,법인세비용차감전순이익(손실),-,제 55 기,11006265000000.0,제 54 기,46440474000000.0,제 53 기,53351827000000.0,22,KRW,
20240312000736,11011,2023,00126380,IS,손익계산서,ifrs-full_ProfitLossFromContinuingOperations,계속영업이익(손실),-,제 55 기,15487100000000.0,제 54 기,55654077000000.0,제 53 기,39907450000000.0,23,KRW,
20240312000736,11011,2023,00126380,IS,손익계산서,ifrs-full_Revenue,영업수익,-,제 55 기,258935494000000.0,제 54 기,302231360000000.0,제 53 기,279604799000000.0,24,KRW,
20240312000736,11011,2023,00126380,IS,손익계산서,ifrs-full_ShareOfProfitLossOfAssociatesAndJointVenturesAccountedForUsingEquityMethod,지분법이익,-,제 55 기,887550000000.0,제 54 기,1090643000000.0,제 53 기,729614000000.0,25,KRW,
20240312000736,11011,2023,00126380,CIS,포괄손익계산서,ifrs-full_ComprehensiveIncome,총포괄손익(*3),-,제 55 기,18837411000000.0,제 54 기,59659741000000.0,제 53 기,49909749000000.0,6,KRW,
20240312000736,11011,2023,00126380,CIS,포괄손익계산서,ifrs-full_ComprehensiveIncomeAttributableToNoncontrollingInterests,비지배지분,-,제 55 기,991750000000.0,제 54 기,914634000000.0,제 53 기,871837000000.0,8,KRW,
20240312000736,11011,2023,00126380,CIS,포괄손익계산서,ifrs-full_ComprehensiveIncomeAttributableToOwnersOfParent,지배기업 소유주지분,-,제 55 기,17845661000000.0,제 54 기,58745107000000.0,제 53 기,49037912000000.0,9,KRW,
20240312000736,11011,2023,00126380,CIS,포괄손익계산서,ifrs-full_OtherComprehensiveIncome,기타포괄손익(*4),-,제 55 기,3350311000000.0,제 54 기,4005664000000.0,제 53 기,10002299000000.0,10,KRW,
20240312000736,11011,2023,00126380,CIS,포괄손익계산서,ifrs-full_OtherComprehensiveIncomeThatWillBeReclassifiedToProfitOrLossNetOfTax,당기손익으로 재분류되는 세후기타포괄손익,-,제 55 기,2684368000000.0,제 54 기,4827801000000.0,제 53 기,7494193000000.0,11,KRW,
20240312000736,11011,2023,00126380,CIS,포괄손익계산서,ifrs-full_GainsLossesOnCashFlowHedgesNetOfTax,현금흐름위험회피파생상품평가손익,-,제 55 기,927000000.0,제 54 기,-12893000000.0,제 53 기,50410000000.0,12,KRW,
20240312000736,11011,2023,00126380,CIS,포괄손익계산서,ifrs-full_GainsLossesOnExchangeDifferencesOnTranslationNetOfTax,해외사업장환산외환차이,-,제 55 기,2621479000000.0,제 54 기,4884886000000.0,제 53 기,7283620000000.0,13,KRW,
20240312000736,11011,2023,00126380,CIS,포괄손익계산서,ifrs-full_ShareOfOtherComprehensiveIncomeOfAssociatesAndJointVenturesAccountedForUsingEquityMethodThatWillBeReclassifiedToProfitOrLossNetOfTax,관계기업 및 공동기업의 기타포괄손익에 대한 지분,-,제 55 기,61962000000.0,제 54 기,-44192000000.0,제 53 기,160163000000.0,14,KRW,
20240312000736,11011,2023,00126380,CIS,포괄손익계산서,ifrs-full_OtherComprehensiveIncomeThatWillNotBeReclassifiedToProfitOrLossNetOfTax,후속적으로 당기손익으로 재분류되지 않는 포괄손익,-,제 55 기,665943000000.0,제 54 기,-822137000000.0,제 53 기,2508106000000.0,15,KRW,
20240312000736,11011,2023,00126380,CIS,포괄손익계산서,ifrs-full_OtherComprehensiveIncomeNetOfTaxGainsLossesFromInvestmentsInEquityInstruments,기타포괄손익-공정가치금융자산평가손익,-,제 55 기,1481091000000.0,제 54 기,-1969498000000.0,제 53 기,2980896000000.0,16,KRW,
20240312000736,11011,2023,00126380,CIS,포괄손익계산서,ifrs-full_OtherComprehensiveIncomeNetOfTaxGainsLossesOnRemeasurementsOfDefinedBenefitPlans,순확정급여부채(자산) 재측정요소,-,제 55 기,-828298000000.0,제 54 기,1153679000000.0,제 53 기,-524606000000.0,17,KRW,
20240312000736,11011,2023,00126380,CIS,포괄손익계산서,ifrs-full_ShareOfOtherComprehensiveIncomeOfAssociatesAndJointVenturesAccountedForUsingEquityMethodThatWillNotBeReclassifiedToProfitOrLossNetOfTax,관계기업 및 공동기업의 기타포괄손익에 대한 지분,-,제 55 기,13150000000.0,제 54 기,-6318000000.0,제 53 기,51816000000.0,18,KRW,
20240312000736,11011,2023,00126380,CIS,포괄손익계산서,ifrs-full_ProfitLoss,당기순이익(손실),-,제 55 기,15487100000000.0,제 54 기,55654077000000.0,제 53 기,39907450000000.0,19,KRW,
20240312000736,11011,2023,00126380,CF,현금흐름표,dart_CashAndCashEquivalentsAtBeginningOfPeriodCf,기초현금및현금성자산,-,제 55 기,49680710000000.0,제 54 기,39031415000000.0,제 53 기,29382578000000.0,2,KRW,
20240312000736,11011,2023,00126380,CF,현금흐름표,dart_CashAndCashEquivalentsAtEndOfPeriodCf,기말현금및현금성자산,-,제 55 기,69080893000000.0,제 54 기,49680710000000.0,제 53 기,39031415000000.0,3,KRW,
20240312000736,11011,2023,00126380,CF,현금흐름표,-표준계정코드 미사용-,매각예정분류,-,제 55 기,-14153000000.0,제 54 기,0.0,제 53 기,139000000.0,8,KRW,
20240312000736,11011,2023,00126380,CF,현금흐름표,ifrs-full_CashFlowsFromUsedInFinancingActivities,재무활동현금흐름,-,제 55 기,-8593059000000.0,제 54 기,-19390049000000.0,제 53 기,-23991033000000.0,9,KRW,
20240312000736,11011,2023,00126380,CF,현금흐름표,dart_ProceedsFromLongTermBorrowings,장기차입금의 차입 (주27),-,제 55 기,354712000000.0,제 54 기,271997000000.0,제 53 기,58279000000.0,10,KRW,
20240312000736,11011,2023,00126380,CF,현금흐름표,dart_RepaymentsOfLongTermBorrowings,사채 및 장기차입금의 상환 (주27),-,제 55 기,1219579000000.0,제 54 기,1508465000000.0,제 53 기,894749000000.0,11,KRW,
20240312000736,11011,2023,00126380,CF,현금흐름표,-표준계정코드 미사용-,비지배지분의 증감,-,제 55 기,-9118000000.0,제 54 기,-6000000.0,제 53 기,-27270000000.0,12,KRW,
20240312000736,11011,2023,00126380,CF,현금흐름표,ifrs-full_CashFlowsFromUsedInIncreaseDecreaseInCurrentBorrowings,단기차입금의 순증가(감소) (주27),-,제 55 기,2145400000000.0,제 54 기,-8339149000000.0,제 53 기,-2616943000000.0,13,KRW,
20240312000736,11011,2023,00126380,CF,현금흐름표,ifrs-full_DividendsPaidClassifiedAsFinancingActivities,배당금의 지급,-,제 55 기,9864474000000.0,제 54 기,9814426000000.0,제 53 기,20510350000000.0,14,KRW,
20240312000736,11011,2023,00126380,CF,현금흐름표,ifrs-full_CashFlowsFromUsedInInvestingActivities,투자활동현금흐름,-,제 55 기,-16922817000000.0,제 54 기,-31602804000000.0,제 53 기,-33047763000000.0,15,KRW,
20240312000736,11011,2023,00126380,CF,현금흐름표,dart_ProceedsFromSalesOfFairValueFinancialAsset,당기손익-공정가치금융자산의 처분,-,제 55 기,63962000000.0,제 54 기,166315000000.0,제 53 기,350212000000.0,16,KRW,
20240312000736,11011,2023,00126380,CF,현금흐름표,dart_ProceedsFromSalesOfFinancialAssetsAtFairValueThroughOtherComprehensiveIncome,기타포괄손익-공정가치측정금융자산의처분,-,제 55 기,6521568000000.0,제 54 기,496090000000.0,제 53 기,2919888000000.0,17,KRW,
20240312000736,11011,2023,00126380,CF,현금흐름표,dart_ProceedsFromSalesOfLongTermFinancialInstruments,장기금융상품의 처분,-,제 55 기,4565426000000.0,제 54 기,8272909000000.0,제 53 기,10216082000000.0,18,KRW,
20240312000736,11011,2023,00126380,CF,현금흐름표,dart_ProceedsFromSalesOfNonCurrentAssetsOrDisposalGroupsClassifiedAsHeldForSale,매각예정으로 분류된 비유동자산이나 처분자산집단의 처분,-,제 55 기,0.0,제 54 기,0.0,제 53 기,661168000000.0,19,KRW,
20240312000736,11011,2023,00126380,CF,현금흐름표,dart_PurchaseOfFairValueFinancialAsset,당기손익-공정가치금융자산의 취득,-,제 55 기,130459000000.0,제 54 기,158244000000.0,제 53 기,208262000000.0,20,KRW,
20240312000736,11011,2023,00126380,CF,현금흐름표,dart_PurchaseOfFinancialAssetsAtFairValueThroughOtherComprehensiveIncome,기타포괄손익-공정가치측정금융자산의취득,-,제 55 기,124488000000.0,제 54 기,37687000000.0,제 53 기,1121201000000.0,21,KRW,
20240312000736,11011,2023,00126380,CF,현금흐름표,dart_PurchaseOfLongTermFinancialInstruments,장기금융상품의 취득,-,제 55 기,5307770000000.0,제 54 기,4393754000000.0,제 53 기,6981810000000.0,22,KRW,
20240312000736,11011,2023,00126380,CF,현금흐름표,-표준계정코드 미사용-,단기상각후원가금융자산의 순감소(증가),-,제 55 기,-195616000000.0,제 54 기,3050104000000.0,제 53 기,-336959000000.0,23,KRW,
20240312000736,11011,2023,00126380,CF,현금흐름표,-표준계정코드 미사용-,단기당기손익-공정가치금융자산의 순감소(증가),-,제 55 기,2718000000.0,제 54 기,11677000000.0,제 53 기,30694000000.0,24,KRW,
20240312000736,11011,2023,00126380,CF,현금흐름표,-표준계정코드 미사용-,단기금융상품의 순감소(증가),-,제 55 기,39421565000000.0,제 54 기,15214321000000.0,제 53 기,10917128000000.0,25,KRW,
20240312000736,11011,2023,00126380,CF,현금흐름표,ifrs-full_CashFlowsUsedInObtainingControlOfSubsidiariesOrOtherBusinessesClassifiedAsInvestingActivities,사업결합으로 인한 현금유출액,-,제 55 기,356511000000.0,제 54 기,31383000000.0,제 53 기,5926000000.0,26,KRW,
20240312000736,11011,2023,00126380,CF,현금흐름표,ifrs-full_OtherInflowsOutflowsOfCashClassifiedAsInvestingActivities,기타투자활동으로 인한 현금유출입액,-,제 55 기,-913897000000.0,제 54 기,-413035000000.0,제 53 기,8129000000.0,27,KRW,
20240312000736,11011,2023,00126380,CF,현금흐름표,ifrs-full_ProceedsFromSalesOfIntangibleAssetsClassifiedAsInvestingActivities,무형자산의 처분,-,제 55 기,11744000000.0,제 54 기,23462000000.0,제 53 기,1752000000.0,28,KRW,
20240312000736,11011,2023,00126380,CF,현금흐름표,ifrs-full_ProceedsFromSalesOfInvestmentsAccountedForUsingEquityMethod,관계기업 및 공동기업 투자의 처분,-,제 55 기,33457000000.0,제 54 기,13233000000.0,제 53 기,19169000000.0,29,KRW,
20240312000736,11011,2023,00126380,CF,현금흐름표,ifrs-full_ProceedsFromSalesOfPropertyPlantAndEquipmentClassifiedAsInvestingActivities,유형자산의 처분,-,제 55 기,98341000000.0,제 54 기,217878000000.0,제 53 기,358284000000.0,30,KRW,
20240312000736,11011,2023,00126380,CF,현금흐름표,ifrs-full_PurchaseOfIntangibleAssetsClassifiedAsInvestingActivities,무형자산의 취득,-,제 55 기,2922875000000.0,제 54 기,3696304000000.0,제 53 기,2706915000000.0,31,KRW,
20240312000736,11011,2023,00126380,CF,현금흐름표,ifrs-full_PurchaseOfInterestsInInvestmentsAccountedForUsingEquityMethod,관계기업 및 공동기업 투자의 취득,-,제 55 기,78690000000.0,제 54 기,907958000000.0,제 53 기,47090000000.0,32,KRW,
20240312000736,11011,2023,00126380,CF,현금흐름표,ifrs-full_PurchaseOfPropertyPlantAndEquipmentClassifiedAsInvestingActivities,유형자산의 취득,-,제 55 기,57611292000000.0,제 54 기,49430428000000.0,제 53 기,47122106000000.0,33,KRW,
20240312000736,11011,2023,00126380,CF,현금흐름표,ifrs-full_CashFlowsFromUsedInOperatingActivities,영업활동현금흐름,-,제 55 기,44137427000000.0,제 54 기,62181346000000.0,제 53 기,65105448000000.0,34,KRW,
20240312000736,11011,2023,00126380,CF,현금흐름표,ifrs-full_CashFlowsFromUsedInOperations,영업에서 창출된 현금흐름,-,제 55 기,46547889000000.0,제 54 기,71728568000000.0,제 53 기,72676199000000.0,35,KRW,
20240312000736,11011,2023,00126380,CF,현금흐름표,dart_AdjustmentsForAssetsLiabilitiesOfOperatingActivities,영업활동으로 인한 자산부채의 변동 (주27),-,제 55 기,-5458745000000.0,제 54 기,-16998948000000.0,제 53 기,-16286884000000.0,36,KRW,
20240312000736,11011,2023,00126380,CF,현금흐름표,ifrs-full_AdjustmentsForReconcileProfitLoss,조정 (주27),-,제 55 기,36519534000000.0,제 54 기,33073439000000.0,제 53 기,49055633000000.0,37,KRW,
20240312000736,11011,2023,00126380,CF,현금흐름표,ifrs-full_ProfitLoss,당기순이익(손실),-,제 55 기,15487100000000.0,제 54 기,55654077000000.0,제 53 기,39907450000000.0,38,KRW,
20240312000736,11011,2023,00126380,CF,현금흐름표,ifrs-full_DividendsReceivedClassifiedAsOperatingActivities,배당금 수입,-,제 55 기,269169000000.0,제 54 기,529421000000.0,제 53 기,299033000000.0,39,KRW,
20240312000736,11011,2023,00126380,CF,현금흐름표,ifrs-full_IncomeTaxesPaidRefundClassifiedAsOperatingActivities,법인세 납부액,-,제 55 기,6620950000000.0,제 54 기,11498895000000.0,제 53 기,8842049000000.0,40,KRW,
20240312000736,11011,2023,00126380,CF,현금흐름표,ifrs-full_InterestPaidClassifiedAsOperatingActivities,이자의 지급,-,제 55 기,844691000000.0,제 54 기,714543000000.0,제 53 기,434441000000.0,41,KRW,
20240312000736,11011,2023,00126380,CF,현금흐름표,ifrs-full_InterestReceivedClassifiedAsOperatingActivities,이자의 수취,-,제 55 기,4786010000000.0,제 54 기,2136795000000.0,제 53 기,1406706000000.0,42,KRW,
20240312000736,11011,2023,00126380,CF,현금흐름표,ifrs-full_EffectOfExchangeRateChangesOnCashAndCashEquivalents,외화환산으로 인한 현금의 변동,-,제 55 기,792785000000.0,제 54 기,-539198000000.0,제 53 기,1582046000000.0,43,KRW,
20240312000736,11011,2023,00126380,CF,현금흐름표,ifrs-full_IncreaseDecreaseInCashAndCashEquivalents,현금및현금성자산의순증감,-,제 55 기,19400183000000.0,제 54 기,10649295000000.0,제 53 기,9648837000000.0,44,KRW,
20240312000736,11011,2023,00126380,SCE,자본변동표,dart_ChangesInConsolidatedCompanies,연결실체의 변동,연결재무제표 [member],제 55 기,230000000.0,제 54 기,124000000.0,제 53 기,-477617000000.0,3,KRW,
20240312000736,11011,2023,00126380,SCE,자본변동표,dart_ChangesInConsolidatedCompanies,연결실체의 변동,자본 [구성요소]|비지배지분 [구성요소],제 55 기,230000000.0,제 54 기,124000000.0,제 53 기,-477617000000.0,3,KRW,
20240312000736,11011,2023,00126380,SCE,자본변동표,dart_EquityAtBeginningOfPeriod,기초자본,자본 [구성요소]|지배기업의 소유주에게 귀속되는 지분 [구성요소],제 55 기,345186142000000.0,제 54 기,296237697000000.0,제 53 기,267670331000000.0,4,KRW,
20240312000736,11011,2023,00126380,SCE,자본변동표,dart_EquityAtBeginningOfPeriod,기초자본,자본 [구성요소]|비지배지분 [구성요소],제 55 기,9563462000000.0,제 54 기,8662234000000.0,제 53 기,8277685000000.0,4,KRW,
20240312000736,11011,2023,00126380,SCE,자본변동표,dart_EquityAtBeginningOfPeriod,기초자본,연결재무제표 [member],제 55 기,354749604000000.0,제 54 기,304899931000000.0,제 53 기,275948016000000.0,4,KRW,
20240312000736,11011,2023,00126380,SCE,자본변동표,dart_EquityAtBeginningOfPeriod,기초자본,자본 [구성요소]|지배기업의 소유주에게 귀속되는 지분 [구성요소]|기타자본구성요소 [구성요소],제 55 기,1938328000000.0,제 54 기,-2128473000000.0,제 53 기,-8687155000000.0,4,KRW,
20240312000736,11011,2023,00126380,SCE,자본변동표,dart_EquityAtBeginningOfPeriod,기초자본,자본 [구성요소]|지배기업의 소유주에게 귀속되는 지분 [구성요소]|주식발행초과금 [구성요소],제 55 기,4403893000000.0,제 54 기,4403893000000.0,제 53 기,4403893000000.0,4,KRW,
20240312000736,11011,2023,00126380,SCE,자본변동표,dart_EquityAtBeginningOfPeriod,기초자본,자본 [구성요소]|지배기업의 소유주에게 귀속되는 지분 [구성요소]|매각예정으로 분류된 비유동자산 또는 처분자산집단과 관련하여 기타포괄손익으로 인식되어 자본에 누적된 금액 [구성요소],제 55 기,,제 54 기,,제 53 기,-12132000000.0,4,KRW,
20240312000736,11011,2023,00126380,SCE,자본변동표,dart_EquityAtBeginningOfPeriod,기초자본,자본 [구성요소]|지배기업의 소유주에게 귀속되는 지분 [구성요소]|이익잉여금 [구성요소],제 55 기,337946407000000.0,제 54 기,293064763000000.0,제 53 기,271068211000000.0,4,KRW,
20240312000736,11011,2023,00126380,SCE,자본변동표,dart_EquityAtBeginningOfPeriod,기초자본,자본 [구성요소]|지배기업의 소유주에게 귀속되는 지분 [구성요소]|자본금 [구성요소],제 55 기,897514000000.0,제 54 기,897514000000.0,제 53 기,897514000000.0,4,KRW,
20240312000736,11011,2023,00126380,SCE,자본변동표,dart_IntercompanyAcquisition,연결실체내 자본거래 등,연결재무제표 [member],제 55 기,-9368000000.0,제 54 기,-176000000.0,제 53 기,12553000000.0,5,KRW,
20240312000736,11011,2023,00126380,SCE,자본변동표,dart_IntercompanyAcquisition,연결실체내 자본거래 등,자본 [구성요소]|비지배지분 [구성요소],제 55 기,-9368000000.0,제 54 기,-176000000.0,제 53 기,12553000000.0,5,KRW,
20240312000736,11011,2023,00126380,SCE,자본변동표,-표준계정코드 미사용-,매각예정분류,자본 [구성요소]|지배기업의 소유주에게 귀속되는 지분 [구성요소]|기타자본구성요소 [구성요소],제 55 기,,제 54 기,,제 53 기,-12132000000.0,6,KRW,
20240312000736,11011,2023,00126380,SCE,자본변동표,-표준계정코드 미사용-,매각예정분류,자본 [구성요소]|지배기업의 소유주에게 귀속되는 지분 [구성요소]|매각예정으로 분류된 비유동자산 또는 처분자산집단과 관련하여 기타포괄손익으로 인식되어 자본에 누적된 금액 [구성요소],제 55 기,,제 54 기,,제 53 기,12132000000.0,6,KRW,
20240312000736,11011,2023,00126380,SCE,자본변동표,ifrs-full_DividendsPaid,배당,자본 [구성요소]|비지배지분 [구성요소],제 55 기,-101984000000.0,제 54 기,-5523000000.0,제 53 기,-32005000000.0,7,KRW,
20240312000736,11011,2023,00126380,SCE,자본변동표,ifrs-full_DividendsPaid,배당,연결재무제표 [member],제 55 기,-9911421000000.0,제 54 기,-9814960000000.0,제 53 기,-20512726000000.0,7,KRW,
20240312000736,11011,2023,00126380,SCE,자본변동표,ifrs-full_DividendsPaid,배당,자본 [구성요소]|지배기업의 소유주에게 귀속되는 지분 [구성요소]|이익잉여금 [구성요소],제 55 기,-9809437000000.0,제 54 기,-9809437000000.0,제 53 기,-20480721000000.0,7,KRW,
20240312000736,11011,2023,00126380,SCE,자본변동표,ifrs-full_DividendsPaid,배당,자본 [구성요소]|지배기업의 소유주에게 귀속되는 지분 [구성요소],제 55 기,-9809437000000.0,제 54 기,-9809437000000.0,제 53 기,-20480721000000.0,7,KRW,
20240312000736,11011,2023,00126380,SCE,자본변동표,ifrs-full_Equity,자본총계,자본 [구성요소]|지배기업의 소유주에게 귀속되는 지분 [구성요소]|이익잉여금 [구성요소],제 55 기,346652238000000.0,제 54 기,337946407000000.0,제 53 기,293064763000000.0,8,KRW,
20240312000736,11011,2023,00126380,SCE,자본변동표,ifrs-full_Equity,자본총계,자본 [구성요소]|지배기업의 소유주에게 귀속되는 지분 [구성요소]|자본금 [구성요소],제 55 기,897514000000.0,제 54 기,897514000000.0,제 53 기,897514000000.0,8,KRW,
20240312000736,11011,2023,00126380,SCE,자본변동표,ifrs-full_Equity,자본총계,자본 [구성요소]|지배기업의 소유주에게 귀속되는 지분 [구성요소]|기타자본구성요소 [구성요소],제 55 기,1280130000000.0,제 54 기,1938328000000.0,제 53 기,-2128473000000.0,8,KRW,
20240312000736,11011,2023,00126380,SCE,자본변동표,ifrs-full_Equity,자본총계,자본 [구성요소]|지배기업의 소유주에게 귀속되는 지분 [구성요소],제 55 기,353233775000000.0,제 54 기,345186142000000.0,제 53 기,296237697000000.0,8,KRW,
20240312000736,11011,2023,00126380,SCE,자본변동표,ifrs-full_Equity,자본총계,자본 [구성요소]|지배기업의 소유주에게 귀속되는 지분 [구성요소]|주식발행초과금 [구성요소],제 55 기,4403893000000.0,제 54 기,4403893000000.0,제 53 기,4403893000000.0,8,KRW,
20240312000736,11011,2023,00126380,SCE,자본변동표,ifrs-full_Equity,자본총계,연결재무제표 [member],제 55 기,363677865000000.0,제 54 기,354749604000000.0,제 53 기,304899931000000.0,8,KRW,
20240312000736,11011,2023,00126380,SCE,자본변동표,ifrs-full_Equity,자본총계,자본 [구성요소]|비지배지분 [구성요소],제 55 기,10444090000000.0,제 54 기,9563462000000.0,제 53 기,8662234000000.0,8,KRW,
20240312000736,11011,2023,00126380,SCE,자본변동표,ifrs-full_GainsLossesOnCashFlowHedgesNetOfTax,현금흐름위험회피파생상품평가손익,연결재무제표 [member],제 55 기,927000000.0,제 54 기,-12893000000.0,제 53 기,50410000000.0,9,KRW,
20240312000736,11011,2023,00126380,SCE,자본변동표,ifrs-full_GainsLossesOnCashFlowHedgesNetOfTax,현금흐름위험회피파생상품평가손익,자본 [구성요소]|지배기업의 소유주에게 귀속되는 지분 [구성요소],제 55 기,927000000.0,제 54 기,-12893000000.0,제 53 기,50410000000.0,9,KRW,
20240312000736,11011,2023,00126380,SCE,자본변동표,ifrs-full_GainsLossesOnCashFlowHedgesNetOfTax,현금흐름위험회피파생상품평가손익,자본 [구성요소]|지배기업의 소유주에게 귀속되는 지분 [구성요소]|기타자본구성요소 [구성요소],제 55 기,927000000.0,제 54 기,-12893000000.0,제 53 기,50410000000.0,9,KRW,
20240312000736,11011,2023,00126380,SCE,자본변동표,ifrs-full_GainsLossesOnExchangeDifferencesOnTranslationNetOfTax,해외사업장환산외환차이,자본 [구성요소]|지배기업의 소유주에게 귀속되는 지분 [구성요소]|기타자본구성요소 [구성요소],제 55 기,2611915000000.0,제 54 기,4863930000000.0,제 53 기,7164982000000.0,10,KRW,
20240312000736,11011,2023,00126380,SCE,자본변동표,ifrs-full_GainsLossesOnExchangeDifferencesOnTranslationNetOfTax,해외사업장환산외환차이,연결재무제표 [member],제 55 기,2621479000000.0,제 54 기,4884886000000.0,제 53 기,7283620000000.0,10,KRW,
20240312000736,11011,2023,00126380,SCE,자본변동표,ifrs-full_GainsLossesOnExchangeDifferencesOnTranslationNetOfTax,해외사업장환산외환차이,자본 [구성요소]|비지배지분 [구성요소],제 55 기,9564000000.0,제 54 기,20956000000.0,제 53 기,118638000000.0,10,KRW,
20240312000736,11011,2023,00126380,SCE,자본변동표,ifrs-full_GainsLossesOnExchangeDifferencesOnTranslationNetOfTax,해외사업장환산외환차이,자본 [구성요소]|지배기업의 소유주에게 귀속되는 지분 [구성요소],제 55 기,2611915000000.0,제 54 기,4863930000000.0,제 53 기,7164982000000.0,10,KRW,
20240312000736,11011,2023,00126380,SCE,자본변동표,ifrs-full_IncreaseDecreaseThroughTransfersAndOtherChangesEquity,기타,자본 [구성요소]|지배기업의 소유주에게 귀속되는 지분 [구성요소]|기타자본구성요소 [구성요소],제 55 기,11409000000.0,제 54 기,12775000000.0,제 53 기,9627000000.0,11,KRW,
20240312000736,11011,2023,00126380,SCE,자본변동표,ifrs-full_IncreaseDecreaseThroughTransfersAndOtherChangesEquity,기타,자본 [구성요소]|지배기업의 소유주에게 귀속되는 지분 [구성요소],제 55 기,11409000000.0,제 54 기,12775000000.0,제 53 기,10175000000.0,11,KRW,
20240312000736,11011,2023,00126380,SCE,자본변동표,ifrs-full_IncreaseDecreaseThroughTransfersAndOtherChangesEquity,기타,자본 [구성요소]|비지배지분 [구성요소],제 55 기,,제 54 기,-7831000000.0,제 53 기,9781000000.0,11,KRW,
20240312000736,11011,2023,00126380,SCE,자본변동표,ifrs-full_IncreaseDecreaseThroughTransfersAndOtherChangesEquity,기타,자본 [구성요소]|지배기업의 소유주에게 귀속되는 지분 [구성요소]|이익잉여금 [구성요소],제 55 기,,제 54 기,,제 53 기,548000000.0,11,KRW,
20240312000736,11011,2023,00126380,SCE,자본변동표,ifrs-full_IncreaseDecreaseThroughTransfersAndOtherChangesEquity,기타,연결재무제표 [member],제 55 기,11409000000.0,제 54 기,4944000000.0,제 53 기,19956000000.0,11,KRW,
20240312000736,11011,2023,00126380,SCE,자본변동표,ifrs-full_OtherComprehensiveIncomeNetOfTaxGainsLossesFromInvestmentsInEquityInstruments,기타포괄손익-공정가치금융자산평가손익,자본 [구성요소]|지배기업의 소유주에게 귀속되는 지분 [구성요소],제 55 기,1487177000000.0,제 54 기,-1906467000000.0,제 53 기,2873817000000.0,12,KRW,
20240312000736,11011,2023,00126380,SCE,자본변동표,ifrs-full_OtherComprehensiveIncomeNetOfTaxGainsLossesFromInvestmentsInEquityInstruments,기타포괄손익-공정가치금융자산평가손익,자본 [구성요소]|비지배지분 [구성요소],제 55 기,-6086000000.0,제 54 기,-63031000000.0,제 53 기,107079000000.0,12,KRW,
20240312000736,11011,2023,00126380,SCE,자본변동표,ifrs-full_OtherComprehensiveIncomeNetOfTaxGainsLossesFromInvestmentsInEquityInstruments,기타포괄손익-공정가치금융자산평가손익,연결재무제표 [member],제 55 기,1481091000000.0,제 54 기,-1969498000000.0,제 53 기,2980896000000.0,12,KRW,
20240312000736,11011,2023,00126380,SCE,자본변동표,ifrs-full_OtherComprehensiveIncomeNetOfTaxGainsLossesFromInvestmentsInEquityInstruments,기타포괄손익-공정가치금융자산평가손익,자본 [구성요소]|지배기업의 소유주에게 귀속되는 지분 [구성요소]|기타자본구성요소 [구성요소],제 55 기,-2554690000000.0,제 54 기,-1867530000000.0,제 53 기,-359117000000.0,12,KRW,
20240312000736,11011,2023,00126380,SCE,자본변동표,ifrs-full_OtherComprehensiveIncomeNetOfTaxGainsLossesFromInvestmentsInEquityInstruments,기타포괄손익-공정가치금융자산평가손익,자본 [구성요소]|지배기업의 소유주에게 귀속되는 지분 [구성요소]|이익잉여금 [구성요소],제 55 기,4041867000000.0,제 54 기,-38937000000.0,제 53 기,3232934000000.0,12,KRW,
20240312000736,11011,2023,00126380,SCE,자본변동표,ifrs-full_OtherComprehensiveIncomeNetOfTaxGainsLossesOnRemeasurementsOfDefinedBenefitPlans,순확정급여부채(자산) 재측정요소,연결재무제표 [member],제 55 기,-828298000000.0,제 54 기,1153679000000.0,제 53 기,-524606000000.0,13,KRW,
20240312000736,11011,2023,00126380,SCE,자본변동표,ifrs-full_OtherComprehensiveIncomeNetOfTaxGainsLossesOnRemeasurementsOfDefinedBenefitPlans,순확정급여부채(자산) 재측정요소,자본 [구성요소]|비지배지분 [구성요소],제 55 기,-30382000000.0,제 54 기,31312000000.0,제 53 기,-4054000000.0,13,KRW,
20240312000736,11011,2023,00126380,SCE,자본변동표,ifrs-full_OtherComprehensiveIncomeNetOfTaxGainsLossesOnRemeasurementsOfDefinedBenefitPlans,순확정급여부채(자산) 재측정요소,자본 [구성요소]|지배기업의 소유주에게 귀속되는 지분 [구성요소],제 55 기,-797916000000.0,제 54 기,1122367000000.0,제 53 기,-520552000000.0,13,KRW,
20240312000736,11011,2023,00126380,SCE,자본변동표,ifrs-full_OtherComprehensiveIncomeNetOfTaxGainsLossesOnRemeasurementsOfDefinedBenefitPlans,순확정급여부채(자산) 재측정요소,자본 [구성요소]|지배기업의 소유주에게 귀속되는 지분 [구성요소]|기타자본구성요소 [구성요소],제 55 기,-797916000000.0,제 54 기,1122367000000.0,제 53 기,-520552000000.0,13,KRW,
20240312000736,11011,2023,00126380,SCE,자본변동표,ifrs-full_ProfitLoss,당기순이익(손실),연결재무제표 [member],제 55 기,15487100000000.0,제 54 기,55654077000000.0,제 53 기,39907450000000.0,14,KRW,
20240312000736,11011,2023,00126380,SCE,자본변동표,ifrs-full_ProfitLoss,당기순이익(손실),자본 [구성요소]|비지배지분 [구성요소],제 55 기,1013699000000.0,제 54 기,924059000000.0,제 53 기,663659000000.0,14,KRW,
20240312000736,11011,2023,00126380,SCE,자본변동표,ifrs-full_ProfitLoss,당기순이익(손실),자본 [구성요소]|지배기업의 소유주에게 귀속되는 지분 [구성요소]|이익잉여금 [구성요소],제 55 기,14473401000000.0,제 54 기,54730018000000.0,제 53 기,39243791000000.0,14,KRW,
20240312000736,11011,2023,00126380,SCE,자본변동표,ifrs-full_ProfitLoss,당기순이익(손실),자본 [구성요소]|지배기업의 소유주에게 귀속되는 지분 [구성요소],제 55 기,14473401000000.0,제 54 기,54730018000000.0,제 53 기,39243791000000.0,14,KRW,
20240312000736,11011,2023,00126380,SCE,자본변동표,ifrs-full_ShareOfOtherComprehensiveIncomeOfAssociatesAndJointVenturesAccountedForUsingEquityMethod,관계기업 및 공동기업의 기타포괄손익에 대한 지분,연결재무제표 [member],제 55 기,75112000000.0,제 54 기,-50510000000.0,제 53 기,211979000000.0,15,KRW,
20240312000736,11011,2023,00126380,SCE,자본변동표,ifrs-full_ShareOfOtherComprehensiveIncomeOfAssociatesAndJointVenturesAccountedForUsingEquityMethod,관계기업 및 공동기업의 기타포괄손익에 대한 지분,자본 [구성요소]|지배기업의 소유주에게 귀속되는 지분 [구성요소],제 55 기,70157000000.0,제 54 기,-51848000000.0,제 53 기,225464000000.0,15,KRW,
20240312000736,11011,2023,00126380,SCE,자본변동표,ifrs-full_ShareOfOtherComprehensiveIncomeOfAssociatesAndJointVenturesAccountedForUsingEquityMethod,관계기업 및 공동기업의 기타포괄손익에 대한 지분,자본 [구성요소]|비지배지분 [구성요소],제 55 기,4955000000.0,제 54 기,1338000000.0,제 53 기,-13485000000.0,15,KRW,
20240312000736,11011,2023,00126380,SCE,자본변동표,ifrs-full_ShareOfOtherComprehensiveIncomeOfAssociatesAndJointVenturesAccountedForUsingEquityMethod,관계기업 및 공동기업의 기타포괄손익에 대한 지분,자본 [구성요소]|지배기업의 소유주에게 귀속되는 지분 [구성요소]|기타자본구성요소 [구성요소],제 55 기,70157000000.0,제 54 기,-51848000000.0,제 53 기,225464000000.0,15,KRW,
20250311001085,11011,2024,00126380,BS,재무상태표,ifrs-full_Assets,자산총계,-,제 56 기,514531948000000.0,제 55 기,455905980000000.0,제 54 기,448424507000000.0,7,KRW,
20250311001085,11011,2024,00126380,BS,재무상태표,ifrs-full_CurrentAssets,유동자산,-,제 56 기,227062266000000.0,제 55 기,195936557000000.0,제 54 기,218470581000000.0,8,KRW,
20250311001085,11011,2024,00126380,BS,재무상태표,dart_ShortTermOtherReceivablesNet,미수금,-,제 56 기,9622974000000.0,제 55 기,6633248000000.0,제 54 기,6149209000000.0,9,KRW,
20250311001085,11011,2024,00126380,BS,재무상태표,ifrs-full_CashAndCashEquivalents,현금및현금성자산,-,제 56 기,53705579000000.0,제 55 기,69080893000000.0,제 54 기,49680710000000.0,10,KRW,
20250311001085,11011,2024,00126380,BS,재무상태표,ifrs-full_CurrentFinancialAssetsAtAmortisedCost,단기상각후원가금융자산,-,제 56 기,0.0,제 55 기,608281000000.0,제 54 기,414610000000.0,11,KRW,
20250311001085,11011,2024,00126380,BS,재무상태표,ifrs-full_CurrentFinancialAssetsAtFairValueThroughProfitOrLoss,단기당기손익-공정가치금융자산,-,제 56 기,36877000000.0,제 55 기,27112000000.0,제 54 기,29080000000.0,12,KRW,
20250311001085,11011,2024,00126380,BS,재무상태표,ifrs-full_CurrentPrepaidExpenses,선급비용,-,제 56 기,3362824000000.0,제 55 기,3366130000000.0,제 54 기,2867823000000.0,13,KRW,
20250311001085,11011,2024,00126380,BS,재무상태표,ifrs-full_CurrentTradeReceivables,매출채권,-,제 56 기,43623073000000.0,제 55 기,36647393000000.0,제 54 기,35721563000000.0,14,KRW,
20250311001085,11011,2024,00126380,BS,재무상태표,ifrs-full_Inventories,재고자산,-,제 56 기,51754865000000.0,제 55 기,51625874000000.0,제 54 기,52187866000000.0,15,KRW,
20250311001085,11011,2024,00126380,BS,재무상태표,ifrs-full_NoncurrentAssetsOrDisposalGroupsClassifiedAsHeldForSaleOrAsHeldForDistributionToOwners,매각예정분류자산,-,제 56 기,0.0,제 55 기,217864000000.0,제 54 기,0.0,16,KRW,
20250311001085,11011,2024,00126380,BS,재무상태표,ifrs-full_OtherCurrentAssets,기타유동자산,-,제 56 기,6046740000000.0,제 55 기,5038838000000.0,제 54 기,6316834000000.0,17,KRW,
20250311001085,11011,2024,00126380,BS,재무상태표,ifrs-full_ShorttermDepositsNotClassifiedAsCashEquivalents,단기금융상품,-,제 56 기,58909334000000.0,제 55 기,22690924000000.0,제 54 기,65102886000000.0,18,KRW,
20250311001085,11011,2024,00126380,BS,재무상태표,ifrs-full_NoncurrentAssets,비유동자산,-,제 56 기,287469682000000.0,제 55 기,259969423000000.0,제 54 기,229953926000000.0,19,KRW,
20250311001085,11011,2024,00126380,BS,재무상태표,ifrs-full_DeferredTaxAssets,이연법인세자산,-,제 56 기,14236468000000.0,제 55 기,10211797000000.0,제 54 기,5101318000000.0,20,KRW,
20250311001085,11011,2024,00126380,BS,재무상태표,ifrs-full_IntangibleAssetsAndGoodwill,무형자산,-,제 56 기,23738566000000.0,제 55 기,22741862000000.0,제 54 기,20217754000000.0,21,KRW,
20250311001085,11011,2024,00126380,BS,재무상태표,ifrs-full_InvestmentAccountedForUsingEquityMethod,관계기업 및 공동기업 투자,-,제 56 기,12592117000000.0,제 55 기,11767444000000.0,제 54 기,10893869000000.0,22,KRW,
20250311001085,11011,2024,00126380,BS,재무상태표,ifrs-full_NoncurrentFinancialAssetsAtFairValueThroughProfitOrLoss,당기손익-공정가치금융자산,-,제 56 기,1175749000000.0,제 55 기,1431394000000.0,제 54 기,1405468000000.0,23,KRW,
20250311001085,11011,2024,00126380,BS,재무상태표,ifrs-full_NoncurrentFinancialAssetsMeasuredAtFairValueThroughOtherComprehensiveIncome,기타포괄손익-공정가치금융자산,-,제 56 기,10580932000000.0,제 55 기,7481297000000.0,제 54 기,11397012000000.0,24,KRW,
20250311001085,11011,2024,00126380,BS,재무상태표,ifrs-full_NoncurrentRecognisedAssetsDefinedBenefitPlan,순확정급여자산,-,제 56 기,3089571000000.0,제 55 기,4905219000000.0,제 54 기,5851972000000.0,25,KRW,
20250311001085,11011,2024,00126380,BS,재무상태표,ifrs-full_OtherNoncurrentAssets,기타비유동자산,-,제 56 기,16111070000000.0,제 55 기,14174148000000.0,제 54 기,7041145000000.0,26,KRW,
20250311001085,11011,2024,00126380,BS,재무상태표,ifrs-full_PropertyPlantAndEquipment,유형자산,-,제 56 기,205945209000000.0,제 55 기,187256262000000.0,제 54 기,168045388000000.0,27,KRW,
20250311001085,11011,2024,00126380,BS,재무상태표,ifrs-full_Equity,자본총계,-,제 56 기,402192070000000.0,제 55 기,363677865000000.0,제 54 기,354749604000000.0,29,KRW,
20250311001085,11011,2024,00126380,BS,재무상태표,ifrs-full_EquityAttributableToOwnersOfParent,지배기업 소유주지분,-,제 56 기,391687603000000.0,제 55 기,353233775000000.0,제 54 기,345186142000000.0,30,KRW,
20250311001085,11011,2024,00126380,BS,재무상태표,dart_ElementsOfOtherStockholdersEquity,기타자본항목,-,제 56 기,15873008000000.0,제 55 기,1280130000000.0,제 54 기,1938328000000.0,31,KRW,
20250311001085,11011,2024,00126380,BS,재무상태표,ifrs-full_IssuedCapital,자본금,-,제 56 기,897514000000.0,제 55 기,897514000000.0,제 54 기,897514000000.0,32,KRW,
20250311001085,11011,2024,00126380,BS,재무상태표,dart_IssuedCapitalOfCommonStock,보통주자본금,-,제 56 기,778047000000.0,제 55 기,778047000000.0,제 54 기,778047000000.0,33,KRW,
20250311001085,11011,2024,00126380,BS,재무상태표,dart_IssuedCapitalOfPreferredStock,우선주자본금,-,제 56 기,119467000000.0,제 55 기,119467000000.0,제 54 기,119467000000.0,34,KRW,
20250311001085,11011,2024,00126380,BS,재무상태표,ifrs-full_RetainedEarnings,이익잉여금,-,제 56 기,370513188000000.0,제 55 기,346652238000000.0,제 54 기,337946407000000.0,35,KRW,
20250311001085,11011,2024,00126380,BS,재무상태표,ifrs-full_SharePremium,주식발행초과금,-,제 56 기,4403893000000.0,제 55 기,4403893000000.0,제 54 기,4403893000000.0,36,KRW,
20250311001085,11011,2024,00126380,BS,재무상태표,ifrs-full_NoncontrollingInterests,비지배지분,-,제 56 기,10504467000000.0,제 55 기,10444090000000.0,제 54 기,9563462000000.0,37,KRW,
20250311001085,11011,2024,00126380,BS,재무상태표,ifrs-full_EquityAndLiabilities,부채와자본총계,-,제 56 기,514531948000000.0,제 55 기,455905980000000.0,제 54 기,448424507000000.0,38,KRW,
20250311001085,11011,2024,00126380,BS,재무상태표,ifrs-full_CurrentLiabilities,유동부채,-,제 56 기,93326299000000.0,제 55 기,75719452000000.0,제 54 기,78344852000000.0,40,KRW,
20250311001085,11011,2024,00126380,BS,재무상태표,dart_ShortTermWithholdings,예수금,-,제 56 기,991812000000.0,제 55 기,892441000000.0,제 54 기,1298244000000.0,41,KRW,
20250311001085,11011,2024,00126380,BS,재무상태표,-표준계정코드 미사용-,단기차입금,-,제 56 기,13172504000000.0,제 55 기,7114601000000.0,제 54 기,5147315000000.0,42,KRW,
20250311001085,11011,2024,00126380,BS,재무상태표,ifrs-full_AccrualsClassifiedAsCurrent,미지급비용,-,제 56 기,29613258000000.0,제 55 기,26013273000000.0,제 54 기,29211487000000.0,43,KRW,
20250311001085,11011,2024,00126380,BS,재무상태표,ifrs-full_CurrentAdvances,선수금,-,제 56 기,1841420000000.0,제 55 기,1492602000000.0,제 54 기,1314934000000.0,44,KRW,
20250311001085,11011,2024,00126380,BS,재무상태표,ifrs-full_CurrentPortionOfLongtermBorrowings,유동성장기부채,-,제 56 기,2207290000000.0,제 55 기,1308875000000.0,제 54 기,1089162000000.0,45,KRW,
20250311001085,11011,2024,00126380,BS,재무상태표,ifrs-full_CurrentProvisions,충당부채,-,제 56 기,8216469000000.0,제 55 기,6524876000000.0,제 54 기,5844907000000.0,46,KRW,
20250311001085,11011,2024,00126380,BS,재무상태표,ifrs-full_CurrentTaxLiabilities,당기법인세부채,-,제 56 기,4340171000000.0,제 55 기,3358715000000.0,제 54 기,4250397000000.0,47,KRW,
20250311001085,11011,2024,00126380,BS,재무상태표,ifrs-full_LiabilitiesIncludedInDisposalGroupsClassifiedAsHeldForSale,매각예정분류부채,-,제 56 기,0.0,제 55 기,61654000000.0,제 54 기,0.0,48,KRW,
20250311001085,11011,2024,00126380,BS,재무상태표,ifrs-full_OtherCurrentLiabilities,기타유동부채,-,제 56 기,2025833000000.0,제 55 기,2308472000000.0,제 54 기,1951354000000.0,49,KRW,
20250311001085,11011,2024,00126380,BS,재무상태표,ifrs-full_OtherCurrentPayables,미지급금,-,제 56 기,18547365000000.0,제 55 기,15324119000000.0,제 54 기,17592366000000.0,50,KRW,
20250311001085,11011,2024,00126380,BS,재무상태표,ifrs-full_TradeAndOtherCurrentPayablesToTradeSuppliers,매입채무,-,제 56 기,12370177000000.0,제 55 기,11319824000000.0,제 54 기,10644686000000.0,51,KRW,
20250311001085,11011,2024,00126380,BS,재무상태표,ifrs-full_Liabilities,부채총계,-,제 56 기,112339878000000.0,제 55 기,92228115000000.0,제 54 기,93674903000000.0,52,KRW,
20250311001085,11011,2024,00126380,BS,재무상태표,ifrs-full_NoncurrentLiabilities,비유동부채,-,제 56 기,19013579000000.0,제 55 기,16508663000000.0,제 54 기,15330051000000.0,53,KRW,
20250311001085,11011,2024,00126380,BS,재무상태표,ifrs-full_DeferredTaxLiabilities,이연법인세부채,-,제 56 기,528231000000.0,제 55 기,620549000000.0,제 54 기,5111332000000.0,54,KRW,
20250311001085,11011,2024,00126380,BS,재무상태표,ifrs-full_NoncurrentPortionOfNoncurrentBondsIssued,사채,-,제 56 기,14530000000.0,제 55 기,537618000000.0,제 54 기,536093000000.0,55,KRW,
20250311001085,11011,2024,00126380,BS,재무상태표,ifrs-full_NoncurrentPortionOfNoncurrentLoansReceived,장기차입금,-,제 56 기,3935860000000.0,제 55 기,3724850000000.0,제 54 기,3560672000000.0,56,KRW,
20250311001085,11011,2024,00126380,BS,재무상태표,ifrs-full_NoncurrentProvisions,장기충당부채,-,제 56 기,3120044000000.0,제 55 기,2878450000000.0,제 54 기,1928518000000.0,57,KRW,
20250311001085,11011,2024,00126380,BS,재무상태표,ifrs-full_NoncurrentRecognisedLiabilitiesDefinedBenefitPlan,순확정급여부채,-,제 56 기,521410000000.0,제 55 기,456557000000.0,제 54 기,268370000000.0,58,KRW,
20250311001085,11011,2024,00126380,BS,재무상태표,ifrs-full_OtherNoncurrentLiabilities,기타비유동부채,-,제 56 기,5383049000000.0,제 55 기,2802356000000.0,제 54 기,1171761000000.0,59,KRW,
20250311001085,11011,2024,00126380,BS,재무상태표,ifrs-full_OtherNoncurrentPayables,장기미지급금,-,제 56 기,5510455000000.0,제 55 기,5488283000000.0,제 54 기,2753305000000.0,60,KRW,
20250311001085,11011,2024,00126380,IS,손익계산서,dart_OperatingIncomeLoss,영업이익,-,제 56 기,32725961000000.0,제 55 기,6566976000000.0,제 54 기,43376630000000.0,6,KRW,
20250311001085,11011,2024,00126380,IS,손익계산서,dart_OtherGains,기타수익,-,제 56 기,1960338000000.0,제 55 기,1180448000000.0,제 54 기,1962071000000.0,7,KRW,
20250311001085,11011,2024,00126380,IS,손익계산서,dart_OtherLosses,기타비용,-,제 56 기,1625229000000.0,제 55 기,1083327000000.0,제 54 기,1790176000000.0,8,KRW,
20250311001085,11011,2024,00126380,IS,손익계산서,dart_TotalSellingGeneralAdministrativeExpenses,판매비와관리비,-,제 56 기,81582674000000.0,제 55 기,71979938000000.0,제 54 기,68812960000000.0,9,KRW,
20250311001085,11011,2024,00126380,IS,손익계산서,ifrs-full_CostOfSales,매출원가,-,제 56 기,186562268000000.0,제 55 기,180388580000000.0,제 54 기,190041770000000.0,10,KRW,
20250311001085,11011,2024,00126380,IS,손익계산서,ifrs-full_BasicEarningsLossPerShare,기본주당이익,-,제 56 기,4950.0,제 55 기,2131.0,제 54 기,8057.0,12,KRW,
20250311001085,11011,2024,00126380,IS,손익계산서,ifrs-full_DilutedEarningsLossPerShare,희석주당이익,-,제 56 기,4950.0,제 55 기,2131.0,제 54 기,8057.0,13,KRW,
20250311001085,11011,2024,00126380,IS,손익계산서,ifrs-full_FinanceCosts,금융비용,-,제 56 기,12985684000000.0,제 55 기,12645530000000.0,제 54 기,19027689000000.0,14,KRW,
20250311001085,11011,2024,00126380,IS,손익계산서,ifrs-full_FinanceIncome,금융수익,-,제 56 기,16703304000000.0,제 55 기,16100148000000.0,제 54 기,20828995000000.0,15,KRW,
20250311001085,11011,2024,00126380,IS,손익계산서,ifrs-full_GrossProfit,매출총이익,-,제 56 기,114308635000000.0,제 55 기,78546914000000.0,제 54 기,112189590000000.0,16,KRW,
20250311001085,11011,2024,00126380,IS,손익계산서,ifrs-full_IncomeTaxExpenseContinuingOperations,법인세비용(수익),-,제 56 기,3078383000000.0,제 55 기,-4480835000000.0,제 54 기,-9213603000000.0,17,KRW,
20250311001085,11011,2024,00126380,IS,손익계산서,ifrs-full_ProfitLoss,당기순이익,-,제 56 기,34451351000000.0,제 55 기,15487100000000.0,제 54 기,55654077000000.0,18,KRW,
20250311001085,11011,2024,00126380,IS,손익계산서,ifrs-full_ProfitLossAttributableToNoncontrollingInterests,비지배지분,-,제 56 기,829988000000.0,제 55 기,1013699000000.0,제 54 기,924059000000.0,20,KRW,
20250311001085,11011,2024,00126380,IS,손익계산서,ifrs-full_ProfitLossAttributableToOwnersOfParent,지배기업 소유지분,-,제 56 기,33621363000000.0,제 55 기,14473401000000.0,제 54 기,54730018000000.0,21,KRW,
20250311001085,11011,2024,00126380,IS,손익계산서,ifrs-full_ProfitLossBeforeTax,법인세비용차감전순이익,-,제 56 기,37529734000000.0,제 55 기,11006265000000.0,제 54 기,46440474000000.0,22,KRW,
20250311001085,11011,2024,00126380,IS,손익계산서,ifrs-full_Revenue,매출액,-,제 56 기,300870903000000.0,제 55 기,258935494000000.0,제 54 기,302231360000000.0,23,KRW,
20250311001085,11011,2024,00126380,IS,손익계산서,ifrs-full_ShareOfProfitLossOfAssociatesAndJointVenturesAccountedForUsingEquityMethod,지분법이익,-,제 56 기,751044000000.0,제 55 기,887550000000.0,제 54 기,1090643000000.0,24,KRW,
20250311001085,11011,2024,00126380,CIS,포괄손익계산서,ifrs-full_ComprehensiveIncome,총포괄손익,-,제 56 기,51296338000000.0,제 55 기,18837411000000.0,제 54 기,59659741000000.0,6,KRW,
20250311001085,11011,2024,00126380,CIS,포괄손익계산서,ifrs-full_ComprehensiveIncomeAttributableToNoncontrollingInterests,비지배지분,-,제 56 기,1248139000000.0,제 55 기,991750000000.0,제 54 기,914634000000.0,8,KRW,
20250311001085,11011,2024,00126380,CIS,포괄손익계산서,ifrs-full_ComprehensiveIncomeAttributableToOwnersOfParent,지배기업 소유주지분,-,제 56 기,50048199000000.0,제 55 기,17845661000000.0,제 54 기,58745107000000.0,9,KRW,
20250311001085,11011,2024,00126380,CIS,포괄손익계산서,ifrs-full_OtherComprehensiveIncome,기타포괄손익,-,제 56 기,16844987000000.0,제 55 기,3350311000000.0,제 54 기,4005664000000.0,10,KRW,
20250311001085,11011,2024,00126380,CIS,포괄손익계산서,ifrs-full_OtherComprehensiveIncomeThatWillBeReclassifiedToProfitOrLossNetOfTax,후속적으로 당기손익으로 재분류되는 포괄손익,-,제 56 기,15382480000000.0,제 55 기,2684368000000.0,제 54 기,4827801000000.0,11,KRW,
20250311001085,11011,2024,00126380,CIS,포괄손익계산서,ifrs-full_GainsLossesOnCashFlowHedgesNetOfTax,현금흐름위험회피파생상품평가손익,-,제 56 기,-38946000000.0,제 55 기,927000000.0,제 54 기,-12893000000.0,12,KRW,
20250311001085,11011,2024,00126380,CIS,포괄손익계산서,ifrs-full_GainsLossesOnExchangeDifferencesOnTranslationNetOfTax,해외사업장환산외환차이,-,제 56 기,15116099000000.0,제 55 기,2621479000000.0,제 54 기,4884886000000.0,13,KRW,
20250311001085,11011,2024,00126380,CIS,포괄손익계산서,ifrs-full_ShareOfOtherComprehensiveIncomeOfAssociatesAndJointVenturesAccountedForUsingEquityMethodThatWillBeReclassifiedToProfitOrLossNetOfTax,관계기업 및 공동기업의 기타포괄손익에 대한 지분,-,제 56 기,305327000000.0,제 55 기,61962000000.0,제 54 기,-44192000000.0,14,KRW,
20250311001085,11011,2024,00126380,CIS,포괄손익계산서,ifrs-full_OtherComprehensiveIncomeThatWillNotBeReclassifiedToProfitOrLossNetOfTax,후속적으로 당기손익으로 재분류되지 않는 포괄손익,-,제 56 기,1462507000000.0,제 55 기,665943000000.0,제 54 기,-822137000000.0,15,KRW,
20250311001085,11011,2024,00126380,CIS,포괄손익계산서,ifrs-full_OtherComprehensiveIncomeNetOfTaxGainsLossesFromInvestmentsInEquityInstruments,기타포괄손익-공정가치금융자산평가손익,-,제 56 기,2300166000000.0,제 55 기,1481091000000.0,제 54 기,-1969498000000.0,16,KRW,
20250311001085,11011,2024,00126380,CIS,포괄손익계산서,ifrs-full_OtherComprehensiveIncomeNetOfTaxGainsLossesOnRemeasurementsOfDefinedBenefitPlans,순확정급여부채(자산) 재측정요소,-,제 56 기,-766078000000.0,제 55 기,-828298000000.0,제 54 기,1153679000000.0,17,KRW,
20250311001085,11011,2024,00126380,CIS,포괄손익계산서,ifrs-full_ShareOfOtherComprehensiveIncomeOfAssociatesAndJointVenturesAccountedForUsingEquityMethodThatWillNotBeReclassifiedToProfitOrLossNetOfTax,관계기업 및 공동기업의 기타포괄손익에 대한 지분,-,제 56 기,-71581000000.0,제 55 기,13150000000.0,제 54 기,-6318000000.0,18,KRW,
20250311001085,11011,2024,00126380,CIS,포괄손익계산서,ifrs-full_ProfitLoss,당기순이익,-,제 56 기,34451351000000.0,제 55 기,15487100000000.0,제 54 기,55654077000000.0,19,KRW,
20250311001085,11011,2024,00126380,CF,현금흐름표,dart_CashAndCashEquivalentsAtBeginningOfPeriodCf,기초현금및현금성자산,-,제 56 기,69080893000000.0,제 55 기,49680710000000.0,제 54 기,39031415000000.0,2,KRW,
20250311001085,11011,2024,00126380,CF,현금흐름표,dart_CashAndCashEquivalentsAtEndOfPeriodCf,기말현금및현금성자산,-,제 56 기,53705579000000.0,제 55 기,69080893000000.0,제 54 기,49680710000000.0,3,KRW,
20250311001085,11011,2024,00126380,CF,현금흐름표,-표준계정코드 미사용-,매각예정분류,-,제 56 기,0.0,제 55 기,-14153000000.0,제 54 기,0.0,8,KRW,
20250311001085,11011,2024,00126380,CF,현금흐름표,ifrs-full_CashFlowsFromUsedInFinancingActivities,재무활동현금흐름,-,제 56 기,-7797243000000.0,제 55 기,-8593059000000.0,제 54 기,-19390049000000.0,9,KRW,
20250311001085,11011,2024,00126380,CF,현금흐름표,dart_ProceedsFromLongTermBorrowings,장기차입금의 차입,-,제 56 기,404954000000.0,제 55 기,354712000000.0,제 54 기,271997000000.0,10,KRW,
20250311001085,11011,2024,00126380,CF,현금흐름표,-표준계정코드 미사용-,비지배지분의 증감,-,제 56 기,8511000000.0,제 55 기,9118000000.0,제 54 기,6000000.0,11,KRW,
20250311001085,11011,2024,00126380,CF,현금흐름표,-표준계정코드 미사용-,사채 및 장기차입금의 상환,-,제 56 기,1364508000000.0,제 55 기,1219579000000.0,제 54 기,1508465000000.0,12,KRW,
20250311001085,11011,2024,00126380,CF,현금흐름표,ifrs-full_CashFlowsFromUsedInIncreaseDecreaseInCurrentBorrowings,단기차입금의 순증가(감소),-,제 56 기,5871346000000.0,제 55 기,2145400000000.0,제 54 기,-8339149000000.0,13,KRW,
20250311001085,11011,2024,00126380,CF,현금흐름표,ifrs-full_DividendsPaidClassifiedAsFinancingActivities,배당금의지급,-,제 56 기,10888749000000.0,제 55 기,9864474000000.0,제 54 기,9814426000000.0,14,KRW,
20250311001085,11011,2024,00126380,CF,현금흐름표,ifrs-full_PurchaseOfTreasuryShares,자기주식의 취득,-,제 56 기,-1811775000000.0,제 55 기,0.0,제 54 기,0.0,15,KRW,
20250311001085,11011,2024,00126380,CF,현금흐름표,ifrs-full_CashFlowsFromUsedInInvestingActivities,투자활동현금흐름,-,제 56 기,-85381702000000.0,제 55 기,-16922817000000.0,제 54 기,-31602804000000.0,16,KRW,
20250311001085,11011,2024,00126380,CF,현금흐름표,dart_ProceedsFromSalesOfFairValueFinancialAsset,당기손익-공정가치금융자산의 처분,-,제 56 기,309970000000.0,제 55 기,63962000000.0,제 54 기,166315000000.0,17,KRW,
20250311001085,11011,2024,00126380,CF,현금흐름표,dart_ProceedsFromSalesOfFinancialAssetsAtFairValueThroughOtherComprehensiveIncome,기타포괄손익-공정가치금융자산의 처분,-,제 56 기,389680000000.0,제 55 기,6521568000000.0,제 54 기,496090000000.0,18,KRW,
20250311001085,11011,2024,00126380,CF,현금흐름표,dart_ProceedsFromSalesOfLongTermFinancialInstruments,장기금융상품의 처분,-,제 56 기,4100008000000.0,제 55 기,4565426000000.0,제 54 기,8272909000000.0,19,KRW,
20250311001085,11011,2024,00126380,CF,현금흐름표,dart_ProceedsFromSalesOfNonCurrentAssetsOrDisposalGroupsClassifiedAsHeldForSale,매각예정자산의 처분으로 인한 현금유입액,-,제 56 기,101563000000.0,제 55 기,0.0,제 54 기,0.0,20,KRW,
20250311001085,11011,2024,00126380,CF,현금흐름표,dart_PurchaseOfFairValueFinancialAsset,당기손익-공정가치금융자산의 취득,-,제 56 기,70982000000.0,제 55 기,130459000000.0,제 54 기,158244000000.0,21,KRW,
20250311001085,11011,2024,00126380,CF,현금흐름표,dart_PurchaseOfFinancialAssetsAtFairValueThroughOtherComprehensiveIncome,기타포괄손익-공정가치금융자산의 취득,-,제 56 기,185876000000.0,제 55 기,124488000000.0,제 54 기,37687000000.0,22,KRW,
20250311001085,11011,2024,00126380,CF,현금흐름표,dart_PurchaseOfLongTermFinancialInstruments,장기금융상품의 취득,-,제 56 기,3987279000000.0,제 55 기,5307770000000.0,제 54 기,4393754000000.0,23,KRW,
20250311001085,11011,2024,00126380,CF,현금흐름표,-표준계정코드 미사용-,단기상각후원가금융자산의 순감소(증가),-,제 56 기,620858000000.0,제 55 기,-195616000000.0,제 54 기,3050104000000.0,24,KRW,
20250311001085,11011,2024,00126380,CF,현금흐름표,-표준계정코드 미사용-,단기당기손익-공정가치금융자산의 순감소(증가),-,제 56 기,-9735000000.0,제 55 기,2718000000.0,제 54 기,11677000000.0,25,KRW,
20250311001085,11011,2024,00126380,CF,현금흐름표,-표준계정코드 미사용-,단기금융상품의 순감소(증가),-,제 56 기,-32976756000000.0,제 55 기,39421565000000.0,제 54 기,15214321000000.0,26,KRW,
20250311001085,11011,2024,00126380,CF,현금흐름표,ifrs-full_CashFlowsUsedInObtainingControlOfSubsidiariesOrOtherBusinessesClassifiedAsInvestingActivities,사업결합으로 인한 현금유출액,-,제 56 기,142156000000.0,제 55 기,356511000000.0,제 54 기,31383000000.0,27,KRW,
20250311001085,11011,2024,00126380,CF,현금흐름표,ifrs-full_OtherInflowsOutflowsOfCashClassifiedAsInvestingActivities,기타투자활동으로 인한 현금유출입액,-,제 56 기,17114000000.0,제 55 기,-913897000000.0,제 54 기,-413035000000.0,28,KRW,
20250311001085,11011,2024,00126380,CF,현금흐름표,ifrs-full_ProceedsFromSalesOfIntangibleAssetsClassifiedAsInvestingActivities,무형자산의 처분,-,제 56 기,15869000000.0,제 55 기,11744000000.0,제 54 기,23462000000.0,29,KRW,
20250311001085,11011,2024,00126380,CF,현금흐름표,ifrs-full_ProceedsFromSalesOfInvestmentsAccountedForUsingEquityMethod,관계기업 및 공동기업 투자의 처분,-,제 56 기,33178000000.0,제 55 기,33457000000.0,제 54 기,13233000000.0,30,KRW,
20250311001085,11011,2024,00126380,CF,현금흐름표,ifrs-full_ProceedsFromSalesOfPropertyPlantAndEquipmentClassifiedAsInvestingActivities,유형자산의 처분,-,제 56 기,156191000000.0,제 55 기,98341000000.0,제 54 기,217878000000.0,31,KRW,
20250311001085,11011,2024,00126380,CF,현금흐름표,ifrs-full_PurchaseOfIntangibleAssetsClassifiedAsInvestingActivities,무형자산의 취득,-,제 56 기,2335284000000.0,제 55 기,2922875000000.0,제 54 기,3696304000000.0,32,KRW,
20250311001085,11011,2024,00126380,CF,현금흐름표,ifrs-full_PurchaseOfInterestsInInvestmentsAccountedForUsingEquityMethod,관계기업 및 공동기업 투자의 취득,-,제 56 기,11710000000.0,제 55 기,78690000000.0,제 54 기,907958000000.0,33,KRW,
20250311001085,11011,2024,00126380,CF,현금흐름표,ifrs-full_PurchaseOfPropertyPlantAndEquipmentClassifiedAsInvestingActivities,유형자산의 취득,-,제 56 기,51406355000000.0,제 55 기,57611292000000.0,제 54 기,49430428000000.0,34,KRW,
20250311001085,11011,2024,00126380,CF,현금흐름표,ifrs-full_CashFlowsFromUsedInOperatingActivities,영업활동현금흐름,-,제 56 기,72982621000000.0,제 55 기,44137427000000.0,제 54 기,62181346000000.0,35,KRW,
20250311001085,11011,2024,00126380,CF,현금흐름표,ifrs-full_CashFlowsFromUsedInOperations,영업에서 창출된 현금흐름,-,제 56 기,75830873000000.0,제 55 기,46547889000000.0,제 54 기,71728568000000.0,36,KRW,
20250311001085,11011,2024,00126380,CF,현금흐름표,dart_AdjustmentsForAssetsLiabilitiesOfOperatingActivities,영업활동으로 인한 자산부채의 변동,-,제 56 기,-1567557000000.0,제 55 기,-5458745000000.0,제 54 기,-16998948000000.0,37,KRW,
20250311001085,11011,2024,00126380,CF,현금흐름표,ifrs-full_AdjustmentsForReconcileProfitLoss,조정,-,제 56 기,42947079000000.0,제 55 기,36519534000000.0,제 54 기,33073439000000.0,38,KRW,
20250311001085,11011,2024,00126380,CF,현금흐름표,ifrs-full_ProfitLoss,당기순이익,-,제 56 기,34451351000000.0,제 55 기,15487100000000.0,제 54 기,55654077000000.0,39,KRW,
20250311001085,11011,2024,00126380,CF,현금흐름표,ifrs-full_DividendsReceivedClassifiedAsOperatingActivities,배당금 수입,-,제 56 기,268482000000.0,제 55 기,269169000000.0,제 54 기,529421000000.0,40,KRW,
20250311001085,11011,2024,00126380,CF,현금흐름표,ifrs-full_IncomeTaxesPaidRefundClassifiedAsOperatingActivities,법인세 납부액,-,제 56 기,6450044000000.0,제 55 기,6620950000000.0,제 54 기,11498895000000.0,41,KRW,
20250311001085,11011,2024,00126380,CF,현금흐름표,ifrs-full_InterestPaidClassifiedAsOperatingActivities,이자의 지급,-,제 56 기,675049000000.0,제 55 기,844691000000.0,제 54 기,714543000000.0,42,KRW,
20250311001085,11011,2024,00126380,CF,현금흐름표,ifrs-full_InterestReceivedClassifiedAsOperatingActivities,이자의 수취,-,제 56 기,4008359000000.0,제 55 기,4786010000000.0,제 54 기,2136795000000.0,43,KRW,
20250311001085,11011,2024,00126380,CF,현금흐름표,ifrs-full_EffectOfExchangeRateChangesOnCashAndCashEquivalents,외화환산으로 인한 현금의 변동,-,제 56 기,4821010000000.0,제 55 기,792785000000.0,제 54 기,-539198000000.0,44,KRW,
20250311001085,11011,2024,00126380,CF,현금흐름표,ifrs-full_IncreaseDecreaseInCashAndCashEquivalents,현금및현금성자산의 증가(감소),-,제 56 기,-15375314000000.0,제 55 기,19400183000000.0,제 54 기,10649295000000.0,45,KRW,
20250311001085,11011,2024,00126380,SCE,자본변동표,dart_ChangesInConsolidatedCompanies,연결실체의 변동,자본 [구성요소]|지배기업의 소유주에게 귀속되는 지분 [구성요소]|자본금 [구성요소],제 56 기,0.0,제 55 기,0.0,제 54 기,0.0,3,KRW,
20250311001085,11011,2024,00126380,SCE,자본변동표,dart_ChangesInConsolidatedCompanies,연결실체의 변동,자본 [구성요소]|지배기업의 소유주에게 귀속되는 지분 [구성요소]|이익잉여금 [구성요소],제 56 기,0.0,제 55 기,0.0,제 54 기,0.0,3,KRW,
20250311001085,11011,2024,00126380,SCE,자본변동표,dart_ChangesInConsolidatedCompanies,연결실체의 변동,자본 [구성요소]|지배기업의 소유주에게 귀속되는 지분 [구성요소]|기타자본구성요소 [구성요소],제 56 기,0.0,제 55 기,0.0,제 54 기,0.0,3,KRW,
20250311001085,11011,2024,00126380,SCE,자본변동표,dart_ChangesInConsolidatedCompanies,연결실체의 변동,연결재무제표 [member],제 56 기,-76626000000.0,제 55 기,230000000.0,제 54 기,124000000.0,3,KRW,
20250311001085,11011,2024,00126380,SCE,자본변동표,dart_ChangesInConsolidatedCompanies,연결실체의 변동,자본 [구성요소]|비지배지분 [구성요소],제 56 기,-76626000000.0,제 55 기,230000000.0,제 54 기,124000000.0,3,KRW,
20250311001085,11011,2024,00126380,SCE,자본변동표,dart_ChangesInConsolidatedCompanies,연결실체의 변동,자본 [구성요소]|지배기업의 소유주에게 귀속되는 지분 [구성요소],제 56 기,0.0,제 55 기,0.0,제 54 기,0.0,3,KRW,
20250311001085,11011,2024,00126380,SCE,자본변동표,dart_ChangesInConsolidatedCompanies,연결실체의 변동,자본 [구성요소]|지배기업의 소유주에게 귀속되는 지분 [구성요소]|주식발행초과금 [구성요소],제 56 기,0.0,제 55 기,0.0,제 54 기,0.0,3,KRW,
20250311001085,11011,2024,00126380,SCE,자본변동표,dart_EquityAtBeginningOfPeriod,기초자본,자본 [구성요소]|지배기업의 소유주에게 귀속되는 지분 [구성요소]|자본금 [구성요소],제 56 기,897514000000.0,제 55 기,897514000000.0,제 54 기,897514000000.0,4,KRW,
20250311001085,11011,2024,00126380,SCE,자본변동표,dart_EquityAtBeginningOfPeriod,기초자본,자본 [구성요소]|지배기업의 소유주에게 귀속되는 지분 [구성요소]|이익잉여금 [구성요소],제 56 기,346652238000000.0,제 55 기,337946407000000.0,제 54 기,293064763000000.0,4,KRW,
20250311001085,11011,2024,00126380,SCE,자본변동표,dart_EquityAtBeginningOfPeriod,기초자본,자본 [구성요소]|지배기업의 소유주에게 귀속되는 지분 [구성요소]|기타자본구성요소 [구성요소],제 56 기,1280130000000.0,제 55 기,1938328000000.0,제 54 기,-2128473000000.0,4,KRW,
20250311001085,11011,2024,00126380,SCE,자본변동표,dart_EquityAtBeginningOfPeriod,기초자본,자본 [구성요소]|지배기업의 소유주에게 귀속되는 지분 [구성요소],제 56 기,353233775000000.0,제 55 기,345186142000000.0,제 54 기,296237697000000.0,4,KRW,
20250311001085,11011,2024,00126380,SCE,자본변동표,dart_EquityAtBeginningOfPeriod,기초자본,자본 [구성요소]|비지배지분 [구성요소],제 56 기,10444090000000.0,제 55 기,9563462000000.0,제 54 기,8662234000000.0,4,KRW,
20250311001085,11011,2024,00126380,SCE,자본변동표,dart_EquityAtBeginningOfPeriod,기초자본,연결재무제표 [member],제 56 기,363677865000000.0,제 55 기,354749604000000.0,제 54 기,304899931000000.0,4,KRW,
20250311001085,11011,2024,00126380,SCE,자본변동표,dart_EquityAtBeginningOfPeriod,기초자본,자본 [구성요소]|지배기업의 소유주에게 귀속되는 지분 [구성요소]|주식발행초과금 [구성요소],제 56 기,4403893000000.0,제 55 기,4403893000000.0,제 54 기,4403893000000.0,4,KRW,
20250311001085,11011,2024,00126380,SCE,자본변동표,dart_IntercompanyAcquisition,연결실체내 자본거래 등,연결재무제표 [member],제 56 기,-8511000000.0,제 55 기,-9368000000.0,제 54 기,-176000000.0,5,KRW,
20250311001085,11011,2024,00126380,SCE,자본변동표,dart_IntercompanyAcquisition,연결실체내 자본거래 등,자본 [구성요소]|비지배지분 [구성요소],제 56 기,-8511000000.0,제 55 기,-9368000000.0,제 54 기,-176000000.0,5,KRW,
20250311001085,11011,2024,00126380,SCE,자본변동표,dart_IntercompanyAcquisition,연결실체내 자본거래 등,자본 [구성요소]|지배기업의 소유주에게 귀속되는 지분 [구성요소],제 56 기,0.0,제 55 기,0.0,제 54 기,0.0,5,KRW,
20250311001085,11011,2024,00126380,SCE,자본변동표,dart_IntercompanyAcquisition,연결실체내 자본거래 등,자본 [구성요소]|지배기업의 소유주에게 귀속되는 지분 [구성요소]|기타자본구성요소 [구성요소],제 56 기,0.0,제 55 기,0.0,제 54 기,0.0,5,KRW,
20250311001085,11011,2024,00126380,SCE,자본변동표,dart_IntercompanyAcquisition,연결실체내 자본거래 등,자본 [구성요소]|지배기업의 소유주에게 귀속되는 지분 [구성요소]|이익잉여금 [구성요소],제 56 기,0.0,제 55 기,0.0,제 54 기,0.0,5,KRW,
20250311001085,11011,2024,00126380,SCE,자본변동표,dart_IntercompanyAcquisition,연결실체내 자본거래 등,자본 [구성요소]|지배기업의 소유주에게 귀속되는 지분 [구성요소]|자본금 [구성요소],제 56 기,0.0,제 55 기,0.0,제 54 기,0.0,5,KRW,
20250311001085,11011,2024,00126380,SCE,자본변동표,dart_IntercompanyAcquisition,연결실체내 자본거래 등,자본 [구성요소]|지배기업의 소유주에게 귀속되는 지분 [구성요소]|주식발행초과금 [구성요소],제 56 기,0.0,제 55 기,0.0,제 54 기,0.0,5,KRW,
20250311001085,11011,2024,00126380,SCE,자본변동표,ifrs-full_DividendsPaid,배당,연결재무제표 [member],제 56 기,10912062000000.0,제 55 기,9911421000000.0,제 54 기,9814960000000.0,6,KRW,
20250311001085,11011,2024,00126380,SCE,자본변동표,ifrs-full_DividendsPaid,배당,자본 [구성요소]|비지배지분 [구성요소],제 56 기,1102625000000.0,제 55 기,101984000000.0,제 54 기,5523000000.0,6,KRW,
20250311001085,11011,2024,00126380,SCE,자본변동표,ifrs-full_DividendsPaid,배당,자본 [구성요소]|지배기업의 소유주에게 귀속되는 지분 [구성요소],제 56 기,9809437000000.0,제 55 기,9809437000000.0,제 54 기,9809437000000.0,6,KRW,
20250311001085,11011,2024,00126380,SCE,자본변동표,ifrs-full_DividendsPaid,배당,자본 [구성요소]|지배기업의 소유주에게 귀속되는 지분 [구성요소]|기타자본구성요소 [구성요소],제 56 기,0.0,제 55 기,0.0,제 54 기,0.0,6,KRW,
20250311001085,11011,2024,00126380,SCE,자본변동표,ifrs-full_DividendsPaid,배당,자본 [구성요소]|지배기업의 소유주에게 귀속되는 지분 [구성요소]|이익잉여금 [구성요소],제 56 기,9809437000000.0,제 55 기,9809437000000.0,제 54 기,9809437000000.0,6,KRW,
20250311001085,11011,2024,00126380,SCE,자본변동표,ifrs-full_DividendsPaid,배당,자본 [구성요소]|지배기업의 소유주에게 귀속되는 지분 [구성요소]|자본금 [구성요소],제 56 기,0.0,제 55 기,0.0,제 54 기,0.0,6,KRW,
20250311001085,11011,2024,00126380,SCE,자본변동표,ifrs-full_DividendsPaid,배당,자본 [구성요소]|지배기업의 소유주에게 귀속되는 지분 [구성요소]|주식발행초과금 [구성요소],제 56 기,0.0,제 55 기,0.0,제 54 기,0.0,6,KRW,
20250311001085,11011,2024,00126380,SCE,자본변동표,ifrs-full_Equity,자본총계,자본 [구성요소]|지배기업의 소유주에게 귀속되는 지분 [구성요소],제 56 기,391687603000000.0,제 55 기,353233775000000.0,제 54 기,345186142000000.0,7,KRW,
20250311001085,11011,2024,00126380,SCE,자본변동표,ifrs-full_Equity,자본총계,자본 [구성요소]|비지배지분 [구성요소],제 56 기,10504467000000.0,제 55 기,10444090000000.0,제 54 기,9563462000000.0,7,KRW,
20250311001085,11011,2024,00126380,SCE,자본변동표,ifrs-full_Equity,자본총계,연결재무제표 [member],제 56 기,402192070000000.0,제 55 기,363677865000000.0,제 54 기,354749604000000.0,7,KRW,
20250311001085,11011,2024,00126380,SCE,자본변동표,ifrs-full_Equity,자본총계,자본 [구성요소]|지배기업의 소유주에게 귀속되는 지분 [구성요소]|기타자본구성요소 [구성요소],제 56 기,15873008000000.0,제 55 기,1280130000000.0,제 54 기,1938328000000.0,7,KRW,
20250311001085,11011,2024,00126380,SCE,자본변동표,ifrs-full_Equity,자본총계,자본 [구성요소]|지배기업의 소유주에게 귀속되는 지분 [구성요소]|주식발행초과금 [구성요소],제 56 기,4403893000000.0,제 55 기,4403893000000.0,제 54 기,4403893000000.0,7,KRW,
20250311001085,11011,2024,00126380,SCE,자본변동표,ifrs-full_Equity,자본총계,자본 [구성요소]|지배기업의 소유주에게 귀속되는 지분 [구성요소]|자본금 [구성요소],제 56 기,897514000000.0,제 55 기,897514000000.0,제 54 기,897514000000.0,7,KRW,
20250311001085,11011,2024,00126380,SCE,자본변동표,ifrs-full_Equity,자본총계,자본 [구성요소]|지배기업의 소유주에게 귀속되는 지분 [구성요소]|이익잉여금 [구성요소],제 56 기,370513188000000.0,제 55 기,346652238000000.0,제 54 기,337946407000000.0,7,KRW,
20250311001085,11011,2024,00126380,SCE,자본변동표,ifrs-full_GainsLossesOnCashFlowHedgesNetOfTax,현금흐름위험회피파생상품평가손익,자본 [구성요소]|지배기업의 소유주에게 귀속되는 지분 [구성요소]|자본금 [구성요소],제 56 기,0.0,제 55 기,0.0,제 54 기,0.0,8,KRW,
20250311001085,11011,2024,00126380,SCE,자본변동표,ifrs-full_GainsLossesOnCashFlowHedgesNetOfTax,현금흐름위험회피파생상품평가손익,자본 [구성요소]|지배기업의 소유주에게 귀속되는 지분 [구성요소]|이익잉여금 [구성요소],제 56 기,0.0,제 55 기,0.0,제 54 기,0.0,8,KRW,
20250311001085,11011,2024,00126380,SCE,자본변동표,ifrs-full_GainsLossesOnCashFlowHedgesNetOfTax,현금흐름위험회피파생상품평가손익,자본 [구성요소]|지배기업의 소유주에게 귀속되는 지분 [구성요소]|기타자본구성요소 [구성요소],제 56 기,-38946000000.0,제 55 기,927000000.0,제 54 기,-12893000000.0,8,KRW,
20250311001085,11011,2024,00126380,SCE,자본변동표,ifrs-full_GainsLossesOnCashFlowHedgesNetOfTax,현금흐름위험회피파생상품평가손익,자본 [구성요소]|지배기업의 소유주에게 귀속되는 지분 [구성요소],제 56 기,-38946000000.0,제 55 기,927000000.0,제 54 기,-12893000000.0,8,KRW,
20250311001085,11011,2024,00126380,SCE,자본변동표,ifrs-full_GainsLossesOnCashFlowHedgesNetOfTax,현금흐름위험회피파생상품평가손익,자본 [구성요소]|비지배지분 [구성요소],제 56 기,0.0,제 55 기,0.0,제 54 기,0.0,8,KRW,
20250311001085,11011,2024,00126380,SCE,자본변동표,ifrs-full_GainsLossesOnCashFlowHedgesNetOfTax,현금흐름위험회피파생상품평가손익,연결재무제표 [member],제 56 기,-38946000000.0,제 55 기,927000000.0,제 54 기,-12893000000.0,8,KRW,
20250311001085,11011,2024,00126380,SCE,자본변동표,ifrs-full_GainsLossesOnCashFlowHedgesNetOfTax,현금흐름위험회피파생상품평가손익,자본 [구성요소]|지배기업의 소유주에게 귀속되는 지분 [구성요소]|주식발행초과금 [구성요소],제 56 기,0.0,제 55 기,0.0,제 54 기,0.0,8,KRW,
20250311001085,11011,2024,00126380,SCE,자본변동표,ifrs-full_GainsLossesOnExchangeDifferencesOnTranslationNetOfTax,해외사업장환산외환차이,자본 [구성요소]|지배기업의 소유주에게 귀속되는 지분 [구성요소]|자본금 [구성요소],제 56 기,0.0,제 55 기,0.0,제 54 기,0.0,9,KRW,
20250311001085,11011,2024,00126380,SCE,자본변동표,ifrs-full_GainsLossesOnExchangeDifferencesOnTranslationNetOfTax,해외사업장환산외환차이,자본 [구성요소]|지배기업의 소유주에게 귀속되는 지분 [구성요소]|이익잉여금 [구성요소],제 56 기,0.0,제 55 기,0.0,제 54 기,0.0,9,KRW,
20250311001085,11011,2024,00126380,SCE,자본변동표,ifrs-full_GainsLossesOnExchangeDifferencesOnTranslationNetOfTax,해외사업장환산외환차이,자본 [구성요소]|지배기업의 소유주에게 귀속되는 지분 [구성요소]|기타자본구성요소 [구성요소],제 56 기,14963848000000.0,제 55 기,2611915000000.0,제 54 기,4863930000000.0,9,KRW,
20250311001085,11011,2024,00126380,SCE,자본변동표,ifrs-full_GainsLossesOnExchangeDifferencesOnTranslationNetOfTax,해외사업장환산외환차이,자본 [구성요소]|지배기업의 소유주에게 귀속되는 지분 [구성요소],제 56 기,14963848000000.0,제 55 기,2611915000000.0,제 54 기,4863930000000.0,9,KRW,
20250311001085,11011,2024,00126380,SCE,자본변동표,ifrs-full_GainsLossesOnExchangeDifferencesOnTranslationNetOfTax,해외사업장환산외환차이,자본 [구성요소]|비지배지분 [구성요소],제 56 기,152251000000.0,제 55 기,9564000000.0,제 54 기,20956000000.0,9,KRW,
20250311001085,11011,2024,00126380,SCE,자본변동표,ifrs-full_GainsLossesOnExchangeDifferencesOnTranslationNetOfTax,해외사업장환산외환차이,연결재무제표 [member],제 56 기,15116099000000.0,제 55 기,2621479000000.0,제 54 기,4884886000000.0,9,KRW,
20250311001085,11011,2024,00126380,SCE,자본변동표,ifrs-full_GainsLossesOnExchangeDifferencesOnTranslationNetOfTax,해외사업장환산외환차이,자본 [구성요소]|지배기업의 소유주에게 귀속되는 지분 [구성요소]|주식발행초과금 [구성요소],제 56 기,0.0,제 55 기,0.0,제 54 기,0.0,9,KRW,
20250311001085,11011,2024,00126380,SCE,자본변동표,ifrs-full_IncreaseDecreaseThroughTransfersAndOtherChangesEquity,기타,연결재무제표 [member],제 56 기,26841000000.0,제 55 기,11409000000.0,제 54 기,4944000000.0,10,KRW,
20250311001085,11011,2024,00126380,SCE,자본변동표,ifrs-full_IncreaseDecreaseThroughTransfersAndOtherChangesEquity,기타,자본 [구성요소]|비지배지분 [구성요소],제 56 기,0.0,제 55 기,0.0,제 54 기,-7831000000.0,10,KRW,
20250311001085,11011,2024,00126380,SCE,자본변동표,ifrs-full_IncreaseDecreaseThroughTransfersAndOtherChangesEquity,기타,자본 [구성요소]|지배기업의 소유주에게 귀속되는 지분 [구성요소],제 56 기,26841000000.0,제 55 기,11409000000.0,제 54 기,12775000000.0,10,KRW,
20250311001085,11011,2024,00126380,SCE,자본변동표,ifrs-full_IncreaseDecreaseThroughTransfersAndOtherChangesEquity,기타,자본 [구성요소]|지배기업의 소유주에게 귀속되는 지분 [구성요소]|기타자본구성요소 [구성요소],제 56 기,26841000000.0,제 55 기,11409000000.0,제 54 기,12775000000.0,10,KRW,
20250311001085,11011,2024,00126380,SCE,자본변동표,ifrs-full_IncreaseDecreaseThroughTransfersAndOtherChangesEquity,기타,자본 [구성요소]|지배기업의 소유주에게 귀속되는 지분 [구성요소]|이익잉여금 [구성요소],제 56 기,0.0,제 55 기,0.0,제 54 기,0.0,10,KRW,
20250311001085,11011,2024,00126380,SCE,자본변동표,ifrs-full_IncreaseDecreaseThroughTransfersAndOtherChangesEquity,기타,자본 [구성요소]|지배기업의 소유주에게 귀속되는 지분 [구성요소]|자본금 [구성요소],제 56 기,0.0,제 55 기,0.0,제 54 기,0.0,10,KRW,
20250311001085,11011,2024,00126380,SCE,자본변동표,ifrs-full_IncreaseDecreaseThroughTransfersAndOtherChangesEquity,기타,자본 [구성요소]|지배기업의 소유주에게 귀속되는 지분 [구성요소]|주식발행초과금 [구성요소],제 56 기,0.0,제 55 기,0.0,제 54 기,0.0,10,KRW,
20250311001085,11011,2024,00126380,SCE,자본변동표,ifrs-full_OtherComprehensiveIncomeNetOfTaxGainsLossesFromInvestmentsInEquityInstruments,기타포괄손익-공정가치금융자산평가손익,연결재무제표 [member],제 56 기,2300166000000.0,제 55 기,1481091000000.0,제 54 기,-1969498000000.0,11,KRW,
20250311001085,11011,2024,00126380,SCE,자본변동표,ifrs-full_OtherComprehensiveIncomeNetOfTaxGainsLossesFromInvestmentsInEquityInstruments,기타포괄손익-공정가치금융자산평가손익,자본 [구성요소]|비지배지분 [구성요소],제 56 기,290246000000.0,제 55 기,-6086000000.0,제 54 기,-63031000000.0,11,KRW,
20250311001085,11011,2024,00126380,SCE,자본변동표,ifrs-full_OtherComprehensiveIncomeNetOfTaxGainsLossesFromInvestmentsInEquityInstruments,기타포괄손익-공정가치금융자산평가손익,자본 [구성요소]|지배기업의 소유주에게 귀속되는 지분 [구성요소],제 56 기,2009920000000.0,제 55 기,1487177000000.0,제 54 기,-1906467000000.0,11,KRW,
20250311001085,11011,2024,00126380,SCE,자본변동표,ifrs-full_OtherComprehensiveIncomeNetOfTaxGainsLossesFromInvestmentsInEquityInstruments,기타포괄손익-공정가치금융자산평가손익,자본 [구성요소]|지배기업의 소유주에게 귀속되는 지분 [구성요소]|자본금 [구성요소],제 56 기,0.0,제 55 기,0.0,제 54 기,0.0,11,KRW,
20250311001085,11011,2024,00126380,SCE,자본변동표,ifrs-full_OtherComprehensiveIncomeNetOfTaxGainsLossesFromInvestmentsInEquityInstruments,기타포괄손익-공정가치금융자산평가손익,자본 [구성요소]|지배기업의 소유주에게 귀속되는 지분 [구성요소]|이익잉여금 [구성요소],제 56 기,49024000000.0,제 55 기,4041867000000.0,제 54 기,-38937000000.0,11,KRW,
20250311001085,11011,2024,00126380,SCE,자본변동표,ifrs-full_OtherComprehensiveIncomeNetOfTaxGainsLossesFromInvestmentsInEquityInstruments,기타포괄손익-공정가치금융자산평가손익,자본 [구성요소]|지배기업의 소유주에게 귀속되는 지분 [구성요소]|기타자본구성요소 [구성요소],제 56 기,1960896000000.0,제 55 기,-2554690000000.0,제 54 기,-1867530000000.0,11,KRW,
20250311001085,11011,2024,00126380,SCE,자본변동표,ifrs-full_OtherComprehensiveIncomeNetOfTaxGainsLossesFromInvestmentsInEquityInstruments,기타포괄손익-공정가치금융자산평가손익,자본 [구성요소]|지배기업의 소유주에게 귀속되는 지분 [구성요소]|주식발행초과금 [구성요소],제 56 기,0.0,제 55 기,0.0,제 54 기,0.0,11,KRW,
20250311001085,11011,2024,00126380,SCE,자본변동표,ifrs-full_OtherComprehensiveIncomeNetOfTaxGainsLossesOnRemeasurementsOfDefinedBenefitPlans,순확정급여부채(자산) 재측정요소,자본 [구성요소]|비지배지분 [구성요소],제 56 기,-18661000000.0,제 55 기,-30382000000.0,제 54 기,31312000000.0,12,KRW,
20250311001085,11011,2024,00126380,SCE,자본변동표,ifrs-full_OtherComprehensiveIncomeNetOfTaxGainsLossesOnRemeasurementsOfDefinedBenefitPlans,순확정급여부채(자산) 재측정요소,자본 [구성요소]|지배기업의 소유주에게 귀속되는 지분 [구성요소],제 56 기,-747417000000.0,제 55 기,-797916000000.0,제 54 기,1122367000000.0,12,KRW,
20250311001085,11011,2024,00126380,SCE,자본변동표,ifrs-full_OtherComprehensiveIncomeNetOfTaxGainsLossesOnRemeasurementsOfDefinedBenefitPlans,순확정급여부채(자산) 재측정요소,자본 [구성요소]|지배기업의 소유주에게 귀속되는 지분 [구성요소]|기타자본구성요소 [구성요소],제 56 기,-747417000000.0,제 55 기,-797916000000.0,제 54 기,1122367000000.0,12,KRW,
20250311001085,11011,2024,00126380,SCE,자본변동표,ifrs-full_OtherComprehensiveIncomeNetOfTaxGainsLossesOnRemeasurementsOfDefinedBenefitPlans,순확정급여부채(자산) 재측정요소,자본 [구성요소]|지배기업의 소유주에게 귀속되는 지분 [구성요소]|이익잉여금 [구성요소],제 56 기,0.0,제 55 기,0.0,제 54 기,0.0,12,KRW,
20250311001085,11011,2024,00126380,SCE,자본변동표,ifrs-full_OtherComprehensiveIncomeNetOfTaxGainsLossesOnRemeasurementsOfDefinedBenefitPlans,순확정급여부채(자산) 재측정요소,자본 [구성요소]|지배기업의 소유주에게 귀속되는 지분 [구성요소]|자본금 [구성요소],제 56 기,0.0,제 55 기,0.0,제 54 기,0.0,12,KRW,
20250311001085,11011,2024,00126380,SCE,자본변동표,ifrs-full_OtherComprehensiveIncomeNetOfTaxGainsLossesOnRemeasurementsOfDefinedBenefitPlans,순확정급여부채(자산) 재측정요소,자본 [구성요소]|지배기업의 소유주에게 귀속되는 지분 [구성요소]|주식발행초과금 [구성요소],제 56 기,0.0,제 55 기,0.0,제 54 기,0.0,12,KRW,
20250311001085,11011,2024,00126380,SCE,자본변동표,ifrs-full_OtherComprehensiveIncomeNetOfTaxGainsLossesOnRemeasurementsOfDefinedBenefitPlans,순확정급여부채(자산) 재측정요소,연결재무제표 [member],제 56 기,-766078000000.0,제 55 기,-828298000000.0,제 54 기,1153679000000.0,12,KRW,
20250311001085,11011,2024,00126380,SCE,자본변동표,ifrs-full_ProfitLoss,당기순이익,자본 [구성요소]|지배기업의 소유주에게 귀속되는 지분 [구성요소],제 56 기,33621363000000.0,제 55 기,14473401000000.0,제 54 기,54730018000000.0,13,KRW,
20250311001085,11011,2024,00126380,SCE,자본변동표,ifrs-full_ProfitLoss,당기순이익,자본 [구성요소]|비지배지분 [구성요소],제 56 기,829988000000.0,제 55 기,1013699000000.0,제 54 기,924059000000.0,13,KRW,
20250311001085,11011,2024,00126380,SCE,자본변동표,ifrs-full_ProfitLoss,당기순이익,연결재무제표 [member],제 56 기,34451351000000.0,제 55 기,15487100000000.0,제 54 기,55654077000000.0,13,KRW,
20250311001085,11011,2024,00126380,SCE,자본변동표,ifrs-full_ProfitLoss,당기순이익,자본 [구성요소]|지배기업의 소유주에게 귀속되는 지분 [구성요소]|기타자본구성요소 [구성요소],제 56 기,0.0,제 55 기,0.0,제 54 기,0.0,13,KRW,
20250311001085,11011,2024,00126380,SCE,자본변동표,ifrs-full_ProfitLoss,당기순이익,자본 [구성요소]|지배기업의 소유주에게 귀속되는 지분 [구성요소]|이익잉여금 [구성요소],제 56 기,33621363000000.0,제 55 기,14473401000000.0,제 54 기,54730018000000.0,13,KRW,
20250311001085,11011,2024,00126380,SCE,자본변동표,ifrs-full_ProfitLoss,당기순이익,자본 [구성요소]|지배기업의 소유주에게 귀속되는 지분 [구성요소]|자본금 [구성요소],제 56 기,0.0,제 55 기,0.0,제 54 기,0.0,13,KRW,
20250311001085,11011,2024,00126380,SCE,자본변동표,ifrs-full_ProfitLoss,당기순이익,자본 [구성요소]|지배기업의 소유주에게 귀속되는 지분 [구성요소]|주식발행초과금 [구성요소],제 56 기,0.0,제 55 기,0.0,제 54 기,0.0,13,KRW,
20250311001085,11011,2024,00126380,SCE,자본변동표,ifrs-full_PurchaseOfTreasuryShares,자기주식의 취득,자본 [구성요소]|지배기업의 소유주에게 귀속되는 지분 [구성요소],제 56 기,-1811775000000.0,제 55 기,,제 54 기,,14,KRW,
20250311001085,11011,2024,00126380,SCE,자본변동표,ifrs-full_PurchaseOfTreasuryShares,자기주식의 취득,자본 [구성요소]|비지배지분 [구성요소],제 56 기,0.0,제 55 기,,제 54 기,,14,KRW,
20250311001085,11011,2024,00126380,SCE,자본변동표,ifrs-full_PurchaseOfTreasuryShares,자기주식의 취득,연결재무제표 [member],제 56 기,-1811775000000.0,제 55 기,0.0,제 54 기,0.0,14,KRW,
20250311001085,11011,2024,00126380,SCE,자본변동표,ifrs-full_PurchaseOfTreasuryShares,자기주식의 취득,자본 [구성요소]|지배기업의 소유주에게 귀속되는 지분 [구성요소]|기타자본구성요소 [구성요소],제 56 기,-1811775000000.0,제 55 기,,제 54 기,,14,KRW,
20250311001085,11011,2024,00126380,SCE,자본변동표,ifrs-full_PurchaseOfTreasuryShares,자기주식의 취득,자본 [구성요소]|지배기업의 소유주에게 귀속되는 지분 [구성요소]|주식발행초과금 [구성요소],제 56 기,0.0,제 55 기,,제 54 기,,14,KRW,
20250311001085,11011,2024,00126380,SCE,자본변동표,ifrs-full_PurchaseOfTreasuryShares,자기주식의 취득,자본 [구성요소]|지배기업의 소유주에게 귀속되는 지분 [구성요소]|자본금 [구성요소],제 56 기,0.0,제 55 기,,제 54 기,,14,KRW,
20250311001085,11011,2024,00126380,SCE,자본변동표,ifrs-full_PurchaseOfTreasuryShares,자기주식의 취득,자본 [구성요소]|지배기업의 소유주에게 귀속되는 지분 [구성요소]|이익잉여금 [구성요소],제 56 기,0.0,제 55 기,,제 54 기,,14,KRW,
20250311001085,11011,2024,00126380,SCE,자본변동표,ifrs-full_ShareOfOtherComprehensiveIncomeOfAssociatesAndJointVenturesAccountedForUsingEquityMethod,관계기업 및 공동기업의 기타포괄손익에 대한 지분,연결재무제표 [member],제 56 기,233746000000.0,제 55 기,75112000000.0,제 54 기,-50510000000.0,15,KRW,
20250311001085,11011,2024,00126380,SCE,자본변동표,ifrs-full_ShareOfOtherComprehensiveIncomeOfAssociatesAndJointVenturesAccountedForUsingEquityMethod,관계기업 및 공동기업의 기타포괄손익에 대한 지분,자본 [구성요소]|비지배지분 [구성요소],제 56 기,-5685000000.0,제 55 기,4955000000.0,제 54 기,1338000000.0,15,KRW,
20250311001085,11011,2024,00126380,SCE,자본변동표,ifrs-full_ShareOfOtherComprehensiveIncomeOfAssociatesAndJointVenturesAccountedForUsingEquityMethod,관계기업 및 공동기업의 기타포괄손익에 대한 지분,자본 [구성요소]|지배기업의 소유주에게 귀속되는 지분 [구성요소],제 56 기,239431000000.0,제 55 기,70157000000.0,제 54 기,-51848000000.0,15,KRW,
20250311001085,11011,2024,00126380,SCE,자본변동표,ifrs-full_ShareOfOtherComprehensiveIncomeOfAssociatesAndJointVenturesAccountedForUsingEquityMethod,관계기업 및 공동기업의 기타포괄손익에 대한 지분,자본 [구성요소]|지배기업의 소유주에게 귀속되는 지분 [구성요소]|자본금 [구성요소],제 56 기,0.0,제 55 기,0.0,제 54 기,0.0,15,KRW,
20250311001085,11011,2024,00126380,SCE,자본변동표,ifrs-full_ShareOfOtherComprehensiveIncomeOfAssociatesAndJointVenturesAccountedForUsingEquityMethod,관계기업 및 공동기업의 기타포괄손익에 대한 지분,자본 [구성요소]|지배기업의 소유주에게 귀속되는 지분 [구성요소]|이익잉여금 [구성요소],제 56 기,0.0,제 55 기,0.0,제 54 기,0.0,15,KRW,
20250311001085,11011,2024,00126380,SCE,자본변동표,ifrs-full_ShareOfOtherComprehensiveIncomeOfAssociatesAndJointVenturesAccountedForUsingEquityMethod,관계기업 및 공동기업의 기타포괄손익에 대한 지분,자본 [구성요소]|지배기업의 소유주에게 귀속되는 지분 [구성요소]|기타자본구성요소 [구성요소],제 56 기,239431000000.0,제 55 기,70157000000.0,제 54 기,-51848000000.0,15,KRW,
20250311001085,11011,2024,00126380,SCE,자본변동표,ifrs-full_ShareOfOtherComprehensiveIncomeOfAssociatesAndJointVenturesAccountedForUsingEquityMethod,관계기업 및 공동기업의 기타포괄손익에 대한 지분,자본 [구성요소]|지배기업의 소유주에게 귀속되는 지분 [구성요소]|주식발행초과금 [구성요소],제 56 기,0.0,제 55 기,0.0,제 54 기,0.0,15,KRW,
20260310002820,11011,2025,00126380,BS,재무상태표,ifrs-full_Assets,자산총계,-,제 57 기,566942110000000.0,제 56 기,514531948000000.0,제 55 기,455905980000000.0,7,KRW,
20260310002820,11011,2025,00126380,BS,재무상태표,ifrs-full_CurrentAssets,유동자산,-,제 57 기,247684612000000.0,제 56 기,227062266000000.0,제 55 기,195936557000000.0,8,KRW,
20260310002820,11011,2025,00126380,BS,재무상태표,dart_ShortTermOtherReceivablesNet,미수금,-,제 57 기,7481327000000.0,제 56 기,9622974000000.0,제 55 기,6633248000000.0,9,KRW,
20260310002820,11011,2025,00126380,BS,재무상태표,ifrs-full_CashAndCashEquivalents,현금및현금성자산,-,제 57 기,57856378000000.0,제 56 기,53705579000000.0,제 55 기,69080893000000.0,10,KRW,
20260310002820,11011,2025,00126380,BS,재무상태표,ifrs-full_CurrentFinancialAssetsAtAmortisedCost,단기상각후원가금융자산,-,제 57 기,0.0,제 56 기,0.0,제 55 기,608281000000.0,11,KRW,
20260310002820,11011,2025,00126380,BS,재무상태표,ifrs-full_CurrentFinancialAssetsAtFairValueThroughProfitOrLoss,단기당기손익-공정가치금융자산,-,제 57 기,25715000000.0,제 56 기,36877000000.0,제 55 기,27112000000.0,12,KRW,
20260310002820,11011,2025,00126380,BS,재무상태표,ifrs-full_CurrentPrepaidExpenses,선급비용,-,제 57 기,3627172000000.0,제 56 기,3362824000000.0,제 55 기,3366130000000.0,13,KRW,
20260310002820,11011,2025,00126380,BS,재무상태표,ifrs-full_CurrentTradeReceivables,매출채권,-,제 57 기,51127642000000.0,제 56 기,43623073000000.0,제 55 기,36647393000000.0,14,KRW,
20260310002820,11011,2025,00126380,BS,재무상태표,ifrs-full_Inventories,재고자산,-,제 57 기,52636828000000.0,제 56 기,51754865000000.0,제 55 기,51625874000000.0,15,KRW,
20260310002820,11011,2025,00126380,BS,재무상태표,ifrs-full_NoncurrentAssetsOrDisposalGroupsClassifiedAsHeldForSaleOrAsHeldForDistributionToOwners,매각예정분류자산,-,제 57 기,0.0,제 56 기,0.0,제 55 기,217864000000.0,16,KRW,
20260310002820,11011,2025,00126380,BS,재무상태표,ifrs-full_OtherCurrentAssets,기타유동자산,-,제 57 기,6964529000000.0,제 56 기,6046740000000.0,제 55 기,5038838000000.0,17,KRW,
20260310002820,11011,2025,00126380,BS,재무상태표,ifrs-full_ShorttermDepositsNotClassifiedAsCashEquivalents,단기금융상품,-,제 57 기,67965021000000.0,제 56 기,58909334000000.0,제 55 기,22690924000000.0,18,KRW,
20260310002820,11011,2025,00126380,BS,재무상태표,ifrs-full_NoncurrentAssets,비유동자산,-,제 57 기,319257498000000.0,제 56 기,287469682000000.0,제 55 기,259969423000000.0,19,KRW,
20260310002820,11011,2025,00126380,BS,재무상태표,ifrs-full_DeferredTaxAssets,이연법인세자산,-,제 57 기,18840559000000.0,제 56 기,14236468000000.0,제 55 기,10211797000000.0,20,KRW,
20260310002820,11011,2025,00126380,BS,재무상태표,ifrs-full_IntangibleAssetsAndGoodwill,무형자산,-,제 57 기,29480565000000.0,제 56 기,23738566000000.0,제 55 기,22741862000000.0,21,KRW,
20260310002820,11011,2025,00126380,BS,재무상태표,ifrs-full_InvestmentAccountedForUsingEquityMethod,관계기업 및 공동기업 투자,-,제 57 기,13772121000000.0,제 56 기,12592117000000.0,제 55 기,11767444000000.0,22,KRW,
20260310002820,11011,2025,00126380,BS,재무상태표,ifrs-full_NoncurrentFinancialAssetsAtFairValueThroughProfitOrLoss,당기손익-공정가치금융자산,-,제 57 기,1280501000000.0,제 56 기,1175749000000.0,제 55 기,1431394000000.0,23,KRW,
20260310002820,11011,2025,00126380,BS,재무상태표,ifrs-full_NoncurrentInvestmentsInEquityInstrumentsDesignatedAtFairValueThroughOtherComprehensiveIncome,기타포괄손익-공정가치금융자산,-,제 57 기,16295005000000.0,제 56 기,10580932000000.0,제 55 기,7481297000000.0,24,KRW,
20260310002820,11011,2025,00126380,BS,재무상태표,ifrs-full_NoncurrentRecognisedAssetsDefinedBenefitPlan,순확정급여자산,-,제 57 기,4271547000000.0,제 56 기,3089571000000.0,제 55 기,4905219000000.0,25,KRW,
20260310002820,11011,2025,00126380,BS,재무상태표,ifrs-full_OtherNoncurrentAssets,기타비유동자산,-,제 57 기,20012416000000.0,제 56 기,16111070000000.0,제 55 기,14174148000000.0,26,KRW,
20260310002820,11011,2025,00126380,BS,재무상태표,ifrs-full_PropertyPlantAndEquipment,유형자산,-,제 57 기,215304784000000.0,제 56 기,205945209000000.0,제 55 기,187256262000000.0,27,KRW,
20260310002820,11011,2025,00126380,BS,재무상태표,ifrs-full_Equity,자본총계,-,제 57 기,436320337000000.0,제 56 기,402192070000000.0,제 55 기,363677865000000.0,29,KRW,
20260310002820,11011,2025,00126380,BS,재무상태표,ifrs-full_EquityAttributableToOwnersOfParent,지배기업 소유주지분,-,제 57 기,424313255000000.0,제 56 기,391687603000000.0,제 55 기,353233775000000.0,30,KRW,
20260310002820,11011,2025,00126380,BS,재무상태표,dart_ElementsOfOtherStockholdersEquity,기타자본항목,-,제 57 기,16876248000000.0,제 56 기,15873008000000.0,제 55 기,1280130000000.0,31,KRW,
20260310002820,11011,2025,00126380,BS,재무상태표,ifrs-full_IssuedCapital,자본금,-,제 57 기,897514000000.0,제 56 기,897514000000.0,제 55 기,897514000000.0,32,KRW,
20260310002820,11011,2025,00126380,BS,재무상태표,dart_IssuedCapitalOfCommonStock,보통주자본금,-,제 57 기,778047000000.0,제 56 기,778047000000.0,제 55 기,778047000000.0,33,KRW,
20260310002820,11011,2025,00126380,BS,재무상태표,dart_IssuedCapitalOfPreferredStock,우선주자본금,-,제 57 기,119467000000.0,제 56 기,119467000000.0,제 55 기,119467000000.0,34,KRW,
20260310002820,11011,2025,00126380,BS,재무상태표,ifrs-full_RetainedEarnings,이익잉여금,-,제 57 기,402135600000000.0,제 56 기,370513188000000.0,제 55 기,346652238000000.0,35,KRW,
20260310002820,11011,2025,00126380,BS,재무상태표,ifrs-full_SharePremium,주식발행초과금,-,제 57 기,4403893000000.0,제 56 기,4403893000000.0,제 55 기,4403893000000.0,36,KRW,
20260310002820,11011,2025,00126380,BS,재무상태표,ifrs-full_NoncontrollingInterests,비지배지분,-,제 57 기,12007082000000.0,제 56 기,10504467000000.0,제 55 기,10444090000000.0,37,KRW,
20260310002820,11011,2025,00126380,BS,재무상태표,ifrs-full_EquityAndLiabilities,부채와자본총계,-,제 57 기,566942110000000.0,제 56 기,514531948000000.0,제 55 기,455905980000000.0,38,KRW,
20260310002820,11011,2025,00126380,BS,재무상태표,ifrs-full_CurrentLiabilities,유동부채,-,제 57 기,106411348000000.0,제 56 기,93326299000000.0,제 55 기,75719452000000.0,40,KRW,
20260310002820,11011,2025,00126380,BS,재무상태표,dart_ShortTermWithholdings,예수금,-,제 57 기,1001885000000.0,제 56 기,991812000000.0,제 55 기,892441000000.0,41,KRW,
20260310002820,11011,2025,00126380,BS,재무상태표,-표준계정코드 미사용-,단기차입금,-,제 57 기,17574980000000.0,제 56 기,13172504000000.0,제 55 기,7114601000000.0,42,KRW,
20260310002820,11011,2025,00126380,BS,재무상태표,ifrs-full_AccrualsClassifiedAsCurrent,미지급비용,-,제 57 기,32707431000000.0,제 56 기,29613258000000.0,제 55 기,26013273000000.0,43,KRW,
20260310002820,11011,2025,00126380,BS,재무상태표,ifrs-full_CurrentAdvances,선수금,-,제 57 기,1933598000000.0,제 56 기,1841420000000.0,제 55 기,1492602000000.0,44,KRW,
20260310002820,11011,2025,00126380,BS,재무상태표,ifrs-full_CurrentPortionOfLongtermBorrowings,유동성장기부채,-,제 57 기,1177508000000.0,제 56 기,2207290000000.0,제 55 기,1308875000000.0,45,KRW,
20260310002820,11011,2025,00126380,BS,재무상태표,ifrs-full_CurrentTaxLiabilities,당기법인세부채,-,제 57 기,7037174000000.0,제 56 기,4340171000000.0,제 55 기,3358715000000.0,46,KRW,
20260310002820,11011,2025,00126380,BS,재무상태표,ifrs-full_LiabilitiesIncludedInDisposalGroupsClassifiedAsHeldForSale,매각예정분류부채,-,제 57 기,0.0,제 56 기,0.0,제 55 기,61654000000.0,47,KRW,
20260310002820,11011,2025,00126380,BS,재무상태표,ifrs-full_OtherCurrentLiabilities,기타유동부채,-,제 57 기,2883176000000.0,제 56 기,2025833000000.0,제 55 기,2308472000000.0,48,KRW,
20260310002820,11011,2025,00126380,BS,재무상태표,ifrs-full_OtherCurrentPayables,미지급금,-,제 57 기,21365657000000.0,제 56 기,18547365000000.0,제 55 기,15324119000000.0,49,KRW,
20260310002820,11011,2025,00126380,BS,재무상태표,ifrs-full_OtherShorttermProvisions,충당부채,-,제 57 기,7690559000000.0,제 56 기,8216469000000.0,제 55 기,6524876000000.0,50,KRW,
20260310002820,11011,2025,00126380,BS,재무상태표,ifrs-full_TradeAndOtherCurrentPayablesToTradeSuppliers,매입채무,-,제 57 기,13039380000000.0,제 56 기,12370177000000.0,제 55 기,11319824000000.0,51,KRW,
20260310002820,11011,2025,00126380,BS,재무상태표,ifrs-full_Liabilities,부채총계,-,제 57 기,130621773000000.0,제 56 기,112339878000000.0,제 55 기,92228115000000.0,52,KRW,
20260310002820,11011,2025,00126380,BS,재무상태표,ifrs-full_NoncurrentLiabilities,비유동부채,-,제 57 기,24210425000000.0,제 56 기,19013579000000.0,제 55 기,16508663000000.0,53,KRW,
20260310002820,11011,2025,00126380,BS,재무상태표,ifrs-full_DeferredTaxLiabilities,이연법인세부채,-,제 57 기,709226000000.0,제 56 기,528231000000.0,제 55 기,620549000000.0,54,KRW,
20260310002820,11011,2025,00126380,BS,재무상태표,ifrs-full_NoncurrentPortionOfNoncurrentBondsIssued,사채,-,제 57 기,7134000000.0,제 56 기,14530000000.0,제 55 기,537618000000.0,55,KRW,
20260310002820,11011,2025,00126380,BS,재무상태표,ifrs-full_NoncurrentPortionOfNoncurrentLoansReceived,장기차입금,-,제 57 기,6479517000000.0,제 56 기,3935860000000.0,제 55 기,3724850000000.0,56,KRW,
20260310002820,11011,2025,00126380,BS,재무상태표,ifrs-full_NoncurrentRecognisedLiabilitiesDefinedBenefitPlan,순확정급여부채,-,제 57 기,558520000000.0,제 56 기,521410000000.0,제 55 기,456557000000.0,57,KRW,
20260310002820,11011,2025,00126380,BS,재무상태표,ifrs-full_OtherLongtermProvisions,장기충당부채,-,제 57 기,2900411000000.0,제 56 기,3120044000000.0,제 55 기,2878450000000.0,58,KRW,
20260310002820,11011,2025,00126380,BS,재무상태표,ifrs-full_OtherNoncurrentLiabilities,기타비유동부채,-,제 57 기,7953586000000.0,제 56 기,5383049000000.0,제 55 기,2802356000000.0,59,KRW,
20260310002820,11011,2025,00126380,BS,재무상태표,ifrs-full_OtherNoncurrentPayables,장기미지급금,-,제 57 기,5602031000000.0,제 56 기,5510455000000.0,제 55 기,5488283000000.0,60,KRW,
20260310002820,11011,2025,00126380,IS,손익계산서,dart_OperatingIncomeLoss,영업이익,-,제 57 기,43601051000000.0,제 56 기,32725961000000.0,제 55 기,6566976000000.0,6,KRW,
20260310002820,11011,2025,00126380,IS,손익계산서,dart_OtherGains,기타수익,-,제 57 기,2267083000000.0,제 56 기,1960338000000.0,제 55 기,1180448000000.0,7,KRW,
20260310002820,11011,2025,00126380,IS,손익계산서,dart_OtherLosses,기타비용,-,제 57 기,1575901000000.0,제 56 기,1625229000000.0,제 55 기,1083327000000.0,8,KRW,
20260310002820,11011,2025,00126380,IS,손익계산서,dart_TotalSellingGeneralAdministrativeExpenses,판매비와관리비,-,제 57 기,87769374000000.0,제 56 기,81582674000000.0,제 55 기,71979938000000.0,9,KRW,
20260310002820,11011,2025,00126380,IS,손익계산서,ifrs-full_CostOfSales,매출원가,-,제 57 기,202235513000000.0,제 56 기,186562268000000.0,제 55 기,180388580000000.0,10,KRW,
20260310002820,11011,2025,00126380,IS,손익계산서,ifrs-full_BasicEarningsLossPerShare,기본주당이익,-,제 57 기,6605.0,제 56 기,4950.0,제 55 기,2131.0,12,KRW,
20260310002820,11011,2025,00126380,IS,손익계산서,ifrs-full_DilutedEarningsLossPerShare,희석주당이익,-,제 57 기,6603.0,제 56 기,4950.0,제 55 기,2131.0,13,KRW,
20260310002820,11011,2025,00126380,IS,손익계산서,ifrs-full_FinanceCosts,금융비용,-,제 57 기,11733764000000.0,제 56 기,12985684000000.0,제 55 기,12645530000000.0,14,KRW,
20260310002820,11011,2025,00126380,IS,손익계산서,ifrs-full_FinanceIncome,금융수익,-,제 57 기,16240302000000.0,제 56 기,16703304000000.0,제 55 기,16100148000000.0,15,KRW,
20260310002820,11011,2025,00126380,IS,손익계산서,ifrs-full_GrossProfit,매출총이익,-,제 57 기,131370425000000.0,제 56 기,114308635000000.0,제 55 기,78546914000000.0,16,KRW,
20260310002820,11011,2025,00126380,IS,손익계산서,ifrs-full_IncomeTaxExpenseContinuingOperations,법인세비용(수익),-,제 57 기,4274666000000.0,제 56 기,3078383000000.0,제 55 기,-4480835000000.0,17,KRW,
20260310002820,11011,2025,00126380,IS,손익계산서,ifrs-full_ProfitLoss,당기순이익,-,제 57 기,45206805000000.0,제 56 기,34451351000000.0,제 55 기,15487100000000.0,18,KRW,
20260310002820,11011,2025,00126380,IS,손익계산서,ifrs-full_ProfitLossAttributableToNoncontrollingInterests,비지배지분,-,제 57 기,945849000000.0,제 56 기,829988000000.0,제 55 기,1013699000000.0,20,KRW,
20260310002820,11011,2025,00126380,IS,손익계산서,ifrs-full_ProfitLossAttributableToOwnersOfParent,지배기업 소유주지분,-,제 57 기,44260956000000.0,제 56 기,33621363000000.0,제 55 기,14473401000000.0,21,KRW,
20260310002820,11011,2025,00126380,IS,손익계산서,ifrs-full_ProfitLossBeforeTax,법인세비용차감전순이익,-,제 57 기,49481471000000.0,제 56 기,37529734000000.0,제 55 기,11006265000000.0,22,KRW,
20260310002820,11011,2025,00126380,IS,손익계산서,ifrs-full_Revenue,매출액,-,제 57 기,333605938000000.0,제 56 기,300870903000000.0,제 55 기,258935494000000.0,23,KRW,
20260310002820,11011,2025,00126380,IS,손익계산서,ifrs-full_ShareOfProfitLossOfAssociatesAndJointVenturesAccountedForUsingEquityMethod,지분법이익,-,제 57 기,682700000000.0,제 56 기,751044000000.0,제 55 기,887550000000.0,24,KRW,
20260310002820,11011,2025,00126380,CIS,포괄손익계산서,ifrs-full_ComprehensiveIncome,총포괄손익,-,제 57 기,51290524000000.0,제 56 기,51296338000000.0,제 55 기,18837411000000.0,6,KRW,
20260310002820,11011,2025,00126380,CIS,포괄손익계산서,ifrs-full_ComprehensiveIncomeAttributableToNoncontrollingInterests,비지배지분,-,제 57 기,1386561000000.0,제 56 기,1248139000000.0,제 55 기,991750000000.0,8,KRW,
20260310002820,11011,2025,00126380,CIS,포괄손익계산서,ifrs-full_ComprehensiveIncomeAttributableToOwnersOfParent,지배기업 소유주지분,-,제 57 기,49903963000000.0,제 56 기,50048199000000.0,제 55 기,17845661000000.0,9,KRW,
20260310002820,11011,2025,00126380,CIS,포괄손익계산서,ifrs-full_OtherComprehensiveIncome,연결기타포괄손익,-,제 57 기,6083719000000.0,제 56 기,16844987000000.0,제 55 기,3350311000000.0,10,KRW,
20260310002820,11011,2025,00126380,CIS,포괄손익계산서,ifrs-full_OtherComprehensiveIncomeThatWillBeReclassifiedToProfitOrLossNetOfTax,후속적으로 당기손익으로 재분류되는 포괄손익,-,제 57 기,1205886000000.0,제 56 기,15382480000000.0,제 55 기,2684368000000.0,11,KRW,
20260310002820,11011,2025,00126380,CIS,포괄손익계산서,ifrs-full_GainsLossesOnCashFlowHedgesNetOfTax,현금흐름위험회피파생상품평가손익,-,제 57 기,1706000000.0,제 56 기,-38946000000.0,제 55 기,927000000.0,12,KRW,
20260310002820,11011,2025,00126380,CIS,포괄손익계산서,ifrs-full_GainsLossesOnExchangeDifferencesOnTranslationNetOfTax,해외사업장환산외환차이,-,제 57 기,960019000000.0,제 56 기,15116099000000.0,제 55 기,2621479000000.0,13,KRW,
20260310002820,11011,2025,00126380,CIS,포괄손익계산서,ifrs-full_ShareOfOtherComprehensiveIncomeOfAssociatesAndJointVenturesAccountedForUsingEquityMethodThatWillBeReclassifiedToProfitOrLossNetOfTax,관계기업 및 공동기업의 기타포괄손익에 대한 지분,-,제 57 기,244161000000.0,제 56 기,305327000000.0,제 55 기,61962000000.0,14,KRW,
20260310002820,11011,2025,00126380,CIS,포괄손익계산서,ifrs-full_OtherComprehensiveIncomeThatWillNotBeReclassifiedToProfitOrLossNetOfTax,후속적으로 당기손익으로 재분류되지 않는 포괄손익,-,제 57 기,4877833000000.0,제 56 기,1462507000000.0,제 55 기,665943000000.0,15,KRW,
20260310002820,11011,2025,00126380,CIS,포괄손익계산서,ifrs-full_OtherComprehensiveIncomeNetOfTaxGainsLossesFromInvestmentsInEquityInstruments,기타포괄손익-공정가치금융자산평가손익,-,제 57 기,4678338000000.0,제 56 기,2300166000000.0,제 55 기,1481091000000.0,16,KRW,
20260310002820,11011,2025,00126380,CIS,포괄손익계산서,ifrs-full_OtherComprehensiveIncomeNetOfTaxGainsLossesOnRemeasurementsOfDefinedBenefitPlans,순확정급여부채(자산) 재측정요소,-,제 57 기,106691000000.0,제 56 기,-766078000000.0,제 55 기,-828298000000.0,17,KRW,
20260310002820,11011,2025,00126380,CIS,포괄손익계산서,ifrs-full_ShareOfOtherComprehensiveIncomeOfAssociatesAndJointVenturesAccountedForUsingEquityMethodThatWillNotBeReclassifiedToProfitOrLossNetOfTax,관계기업 및 공동기업의 기타포괄손익에 대한 지분,-,제 57 기,92804000000.0,제 56 기,-71581000000.0,제 55 기,13150000000.0,18,KRW,
20260310002820,11011,2025,00126380,CIS,포괄손익계산서,ifrs-full_ProfitLoss,당기순이익,-,제 57 기,45206805000000.0,제 56 기,34451351000000.0,제 55 기,15487100000000.0,19,KRW,
20260310002820,11011,2025,00126380,CF,현금흐름표,dart_CashAndCashEquivalentsAtBeginningOfPeriodCf,기초의 현금및현금성자산,-,제 57 기,53705579000000.0,제 56 기,69080893000000.0,제 55 기,49680710000000.0,2,KRW,
20260310002820,11011,2025,00126380,CF,현금흐름표,dart_CashAndCashEquivalentsAtEndOfPeriodCf,기말의 현금및현금성자산,-,제 57 기,57856378000000.0,제 56 기,53705579000000.0,제 55 기,69080893000000.0,3,KRW,
20260310002820,11011,2025,00126380,CF,현금흐름표,-표준계정코드 미사용-,매각예정분류,-,제 57 기,0.0,제 56 기,0.0,제 55 기,-14153000000.0,8,KRW,
20260310002820,11011,2025,00126380,CF,현금흐름표,ifrs-full_CashFlowsFromUsedInFinancingActivities,재무활동현금흐름,-,제 57 기,-13478040000000.0,제 56 기,-7797243000000.0,제 55 기,-8593059000000.0,9,KRW,
20260310002820,11011,2025,00126380,CF,현금흐름표,dart_AcquisitionOfTreasuryShares,자기주식의 취득,-,제 57 기,8189263000000.0,제 56 기,1811775000000.0,제 55 기,0.0,10,KRW,
20260310002820,11011,2025,00126380,CF,현금흐름표,dart_DecreaseInNoncontrollingInterests,비지배지분의 증감,-,제 57 기,973000000.0,제 56 기,8511000000.0,제 55 기,9118000000.0,11,KRW,
20260310002820,11011,2025,00126380,CF,현금흐름표,dart_ProceedsFromLongTermBorrowings,장기차입금의 차입,-,제 57 기,2807001000000.0,제 56 기,404954000000.0,제 55 기,354712000000.0,12,KRW,
20260310002820,11011,2025,00126380,CF,현금흐름표,ifrs-full_CashFlowsFromUsedInIncreaseDecreaseInCurrentBorrowings,단기차입금의 순증가(감소),-,제 57 기,4655349000000.0,제 56 기,5871346000000.0,제 55 기,2145400000000.0,13,KRW,
20260310002820,11011,2025,00126380,CF,현금흐름표,ifrs-full_DividendsPaidClassifiedAsFinancingActivities,배당금의 지급,-,제 57 기,9897183000000.0,제 56 기,10888749000000.0,제 55 기,9864474000000.0,14,KRW,
20260310002820,11011,2025,00126380,CF,현금흐름표,ifrs-full_RepaymentsOfNoncurrentBorrowings,사채 및 장기차입금의 상환,-,제 57 기,2852971000000.0,제 56 기,1364508000000.0,제 55 기,1219579000000.0,15,KRW,
20260310002820,11011,2025,00126380,CF,현금흐름표,ifrs-full_CashFlowsFromUsedInInvestingActivities,투자활동현금흐름,-,제 57 기,-68512206000000.0,제 56 기,-85381702000000.0,제 55 기,-16922817000000.0,16,KRW,
20260310002820,11011,2025,00126380,CF,현금흐름표,dart_ProceedsFromSalesOfFairValueFinancialAsset,당기손익-공정가치금융자산의 처분,-,제 57 기,142584000000.0,제 56 기,309970000000.0,제 55 기,63962000000.0,17,KRW,
20260310002820,11011,2025,00126380,CF,현금흐름표,dart_ProceedsFromSalesOfFinancialAssetsAtFairValueThroughOtherComprehensiveIncome,기타포괄손익-공정가치금융자산의 처분,-,제 57 기,851834000000.0,제 56 기,389680000000.0,제 55 기,6521568000000.0,18,KRW,
20260310002820,11011,2025,00126380,CF,현금흐름표,dart_ProceedsFromSalesOfLongTermFinancialInstruments,장기금융상품의 처분,-,제 57 기,4519179000000.0,제 56 기,4100008000000.0,제 55 기,4565426000000.0,19,KRW,
20260310002820,11011,2025,00126380,CF,현금흐름표,dart_ProceedsFromSalesOfNonCurrentAssetsOrDisposalGroupsClassifiedAsHeldForSale,매각예정분류자산 처분으로 인한 현금유입액,-,제 57 기,0.0,제 56 기,101563000000.0,제 55 기,0.0,20,KRW,
20260310002820,11011,2025,00126380,CF,현금흐름표,dart_PurchaseOfFairValueFinancialAsset,당기손익-공정가치금융자산의 취득,-,제 57 기,146774000000.0,제 56 기,70982000000.0,제 55 기,130459000000.0,21,KRW,
20260310002820,11011,2025,00126380,CF,현금흐름표,dart_PurchaseOfFinancialAssetsAtFairValueThroughOtherComprehensiveIncome,기타포괄손익-공정가치금융자산의 취득,-,제 57 기,129636000000.0,제 56 기,185876000000.0,제 55 기,124488000000.0,22,KRW,
20260310002820,11011,2025,00126380,CF,현금흐름표,dart_PurchaseOfLongTermFinancialInstruments,장기금융상품의 취득,-,제 57 기,13533556000000.0,제 56 기,3987279000000.0,제 55 기,5307770000000.0,23,KRW,
20260310002820,11011,2025,00126380,CF,현금흐름표,-표준계정코드 미사용-,단기상각후원가금융자산의 순감소(증가),-,제 57 기,0.0,제 56 기,620858000000.0,제 55 기,-195616000000.0,24,KRW,
20260310002820,11011,2025,00126380,CF,현금흐름표,-표준계정코드 미사용-,단기당기손익-공정가치금융자산의 순감소(증가),-,제 57 기,11163000000.0,제 56 기,-9735000000.0,제 55 기,2718000000.0,25,KRW,
20260310002820,11011,2025,00126380,CF,현금흐름표,-표준계정코드 미사용-,단기금융상품의 순감소(증가),-,제 57 기,-6701150000000.0,제 56 기,-32976756000000.0,제 55 기,39421565000000.0,26,KRW,
20260310002820,11011,2025,00126380,CF,현금흐름표,ifrs-full_CashFlowsFromLosingControlOfSubsidiariesOrOtherBusinessesClassifiedAsInvestingActivities,사업양도로 인한 현금유입액,-,제 57 기,418093000000.0,제 56 기,0.0,제 55 기,0.0,27,KRW,
20260310002820,11011,2025,00126380,CF,현금흐름표,ifrs-full_CashFlowsUsedInObtainingControlOfSubsidiariesOrOtherBusinessesClassifiedAsInvestingActivities,사업결합으로 인한 순현금유출액,-,제 57 기,3131539000000.0,제 56 기,142156000000.0,제 55 기,356511000000.0,28,KRW,
20260310002820,11011,2025,00126380,CF,현금흐름표,ifrs-full_OtherInflowsOutflowsOfCashClassifiedAsInvestingActivities,기타투자활동으로 인한 현금유출입액,-,제 57 기,-226491000000.0,제 56 기,17114000000.0,제 55 기,-913897000000.0,29,KRW,
20260310002820,11011,2025,00126380,CF,현금흐름표,ifrs-full_ProceedsFromGovernmentGrantsClassifiedAsInvestingActivities,정부보조금의 수취,-,제 57 기,1722357000000.0,제 56 기,0.0,제 55 기,0.0,30,KRW,
20260310002820,11011,2025,00126380,CF,현금흐름표,ifrs-full_ProceedsFromSalesOfIntangibleAssetsClassifiedAsInvestingActivities,무형자산의 처분,-,제 57 기,13554000000.0,제 56 기,15869000000.0,제 55 기,11744000000.0,31,KRW,
20260310002820,11011,2025,00126380,CF,현금흐름표,ifrs-full_ProceedsFromSalesOfInvestmentsAccountedForUsingEquityMethod,관계기업 및 공동기업 투자의 처분,-,제 57 기,6643000000.0,제 56 기,33178000000.0,제 55 기,33457000000.0,32,KRW,
20260310002820,11011,2025,00126380,CF,현금흐름표,ifrs-full_ProceedsFromSalesOfPropertyPlantAndEquipmentClassifiedAsInvestingActivities,유형자산의 처분,-,제 57 기,149828000000.0,제 56 기,156191000000.0,제 55 기,98341000000.0,33,KRW,
20260310002820,11011,2025,00126380,CF,현금흐름표,ifrs-full_PurchaseOfIntangibleAssetsClassifiedAsInvestingActivities,무형자산의 취득,-,제 57 기,4630970000000.0,제 56 기,2335284000000.0,제 55 기,2922875000000.0,34,KRW,
20260310002820,11011,2025,00126380,CF,현금흐름표,ifrs-full_PurchaseOfInterestsInInvestmentsAccountedForUsingEquityMethod,관계기업 및 공동기업 투자의 취득,-,제 57 기,325146000000.0,제 56 기,11710000000.0,제 55 기,78690000000.0,35,KRW,
20260310002820,11011,2025,00126380,CF,현금흐름표,ifrs-full_PurchaseOfPropertyPlantAndEquipmentClassifiedAsInvestingActivities,유형자산의 취득,-,제 57 기,47522179000000.0,제 56 기,51406355000000.0,제 55 기,57611292000000.0,36,KRW,
20260310002820,11011,2025,00126380,CF,현금흐름표,ifrs-full_CashFlowsFromUsedInOperatingActivities,영업활동현금흐름,-,제 57 기,85315148000000.0,제 56 기,72982621000000.0,제 55 기,44137427000000.0,37,KRW,
20260310002820,11011,2025,00126380,CF,현금흐름표,ifrs-full_CashFlowsFromUsedInOperations,영업에서 창출된 현금흐름,-,제 57 기,87988515000000.0,제 56 기,75830873000000.0,제 55 기,46547889000000.0,38,KRW,
20260310002820,11011,2025,00126380,CF,현금흐름표,dart_AdjustmentsForAssetsLiabilitiesOfOperatingActivities,영업활동으로 인한 자산부채의 변동,-,제 57 기,-9613906000000.0,제 56 기,-1567557000000.0,제 55 기,-5458745000000.0,39,KRW,
20260310002820,11011,2025,00126380,CF,현금흐름표,ifrs-full_AdjustmentsForReconcileProfitLoss,조정,-,제 57 기,52395616000000.0,제 56 기,42947079000000.0,제 55 기,36519534000000.0,40,KRW,
20260310002820,11011,2025,00126380,CF,현금흐름표,ifrs-full_ProfitLoss,당기순이익,-,제 57 기,45206805000000.0,제 56 기,34451351000000.0,제 55 기,15487100000000.0,41,KRW,
20260310002820,11011,2025,00126380,CF,현금흐름표,ifrs-full_DividendsReceivedClassifiedAsOperatingActivities,배당금 수입,-,제 57 기,253105000000.0,제 56 기,268482000000.0,제 55 기,269169000000.0,42,KRW,
20260310002820,11011,2025,00126380,CF,현금흐름표,ifrs-full_IncomeTaxesPaidRefundClassifiedAsOperatingActivities,법인세 납부액,-,제 57 기,7137295000000.0,제 56 기,6450044000000.0,제 55 기,6620950000000.0,43,KRW,
20260310002820,11011,2025,00126380,CF,현금흐름표,ifrs-full_InterestPaidClassifiedAsOperatingActivities,이자의 지급,-,제 57 기,469730000000.0,제 56 기,675049000000.0,제 55 기,844691000000.0,44,KRW,
20260310002820,11011,2025,00126380,CF,현금흐름표,ifrs-full_InterestReceivedClassifiedAsOperatingActivities,이자의 수취,-,제 57 기,4680553000000.0,제 56 기,4008359000000.0,제 55 기,4786010000000.0,45,KRW,
20260310002820,11011,2025,00126380,CF,현금흐름표,ifrs-full_EffectOfExchangeRateChangesOnCashAndCashEquivalents,외화환산으로 인한 현금의 변동,-,제 57 기,825897000000.0,제 56 기,4821010000000.0,제 55 기,792785000000.0,46,KRW,
20260310002820,11011,2025,00126380,CF,현금흐름표,ifrs-full_IncreaseDecreaseInCashAndCashEquivalents,현금및현금성자산의 증가(감소),-,제 57 기,4150799000000.0,제 56 기,-15375314000000.0,제 55 기,19400183000000.0,47,KRW,
20260310002820,11011,2025,00126380,SCE,자본변동표,dart_ChangesInConsolidatedCompanies,연결실체의 변동,자본 [구성요소]|지배기업의 소유주에게 귀속되는 지분 [구성요소]|자본금 [구성요소],제 57 기,0.0,제 56 기,0.0,제 55 기,0.0,3,KRW,
20260310002820,11011,2025,00126380,SCE,자본변동표,dart_ChangesInConsolidatedCompanies,연결실체의 변동,자본 [구성요소]|지배기업의 소유주에게 귀속되는 지분 [구성요소]|이익잉여금 [구성요소],제 57 기,0.0,제 56 기,0.0,제 55 기,0.0,3,KRW,
20260310002820,11011,2025,00126380,SCE,자본변동표,dart_ChangesInConsolidatedCompanies,연결실체의 변동,자본 [구성요소]|지배기업의 소유주에게 귀속되는 지분 [구성요소]|기타자본구성요소 [구성요소],제 57 기,0.0,제 56 기,0.0,제 55 기,0.0,3,KRW,
20260310002820,11011,2025,00126380,SCE,자본변동표,dart_ChangesInConsolidatedCompanies,연결실체의 변동,연결재무제표 [member],제 57 기,204471000000.0,제 56 기,-76626000000.0,제 55 기,230000000.0,3,KRW,
20260310002820,11011,2025,00126380,SCE,자본변동표,dart_ChangesInConsolidatedCompanies,연결실체의 변동,자본 [구성요소]|비지배지분 [구성요소],제 57 기,204471000000.0,제 56 기,-76626000000.0,제 55 기,230000000.0,3,KRW,
20260310002820,11011,2025,00126380,SCE,자본변동표,dart_ChangesInConsolidatedCompanies,연결실체의 변동,자본 [구성요소]|지배기업의 소유주에게 귀속되는 지분 [구성요소],제 57 기,0.0,제 56 기,0.0,제 55 기,0.0,3,KRW,
20260310002820,11011,2025,00126380,SCE,자본변동표,dart_ChangesInConsolidatedCompanies,연결실체의 변동,자본 [구성요소]|지배기업의 소유주에게 귀속되는 지분 [구성요소]|주식발행초과금 [구성요소],제 57 기,0.0,제 56 기,0.0,제 55 기,0.0,3,KRW,
20260310002820,11011,2025,00126380,SCE,자본변동표,dart_EquityAtBeginningOfPeriod,기초자본,자본 [구성요소]|지배기업의 소유주에게 귀속되는 지분 [구성요소]|자본금 [구성요소],제 57 기,897514000000.0,제 56 기,897514000000.0,제 55 기,897514000000.0,4,KRW,
20260310002820,11011,2025,00126380,SCE,자본변동표,dart_EquityAtBeginningOfPeriod,기초자본,자본 [구성요소]|지배기업의 소유주에게 귀속되는 지분 [구성요소]|이익잉여금 [구성요소],제 57 기,370513188000000.0,제 56 기,346652238000000.0,제 55 기,337946407000000.0,4,KRW,
20260310002820,11011,2025,00126380,SCE,자본변동표,dart_EquityAtBeginningOfPeriod,기초자본,자본 [구성요소]|지배기업의 소유주에게 귀속되는 지분 [구성요소]|기타자본구성요소 [구성요소],제 57 기,15873008000000.0,제 56 기,1280130000000.0,제 55 기,1938328000000.0,4,KRW,
20260310002820,11011,2025,00126380,SCE,자본변동표,dart_EquityAtBeginningOfPeriod,기초자본,자본 [구성요소]|지배기업의 소유주에게 귀속되는 지분 [구성요소],제 57 기,391687603000000.0,제 56 기,353233775000000.0,제 55 기,345186142000000.0,4,KRW,
20260310002820,11011,2025,00126380,SCE,자본변동표,dart_EquityAtBeginningOfPeriod,기초자본,자본 [구성요소]|비지배지분 [구성요소],제 57 기,10504467000000.0,제 56 기,10444090000000.0,제 55 기,9563462000000.0,4,KRW,
20260310002820,11011,2025,00126380,SCE,자본변동표,dart_EquityAtBeginningOfPeriod,기초자본,연결재무제표 [member],제 57 기,402192070000000.0,제 56 기,363677865000000.0,제 55 기,354749604000000.0,4,KRW,
20260310002820,11011,2025,00126380,SCE,자본변동표,dart_EquityAtBeginningOfPeriod,기초자본,자본 [구성요소]|지배기업의 소유주에게 귀속되는 지분 [구성요소]|주식발행초과금 [구성요소],제 57 기,4403893000000.0,제 56 기,4403893000000.0,제 55 기,4403893000000.0,4,KRW,
20260310002820,11011,2025,00126380,SCE,자본변동표,dart_IntercompanyAcquisition,연결실체내 자본거래 등,연결재무제표 [member],제 57 기,-973000000.0,제 56 기,-8511000000.0,제 55 기,-9368000000.0,5,KRW,
20260310002820,11011,2025,00126380,SCE,자본변동표,dart_IntercompanyAcquisition,연결실체내 자본거래 등,자본 [구성요소]|비지배지분 [구성요소],제 57 기,-973000000.0,제 56 기,-8511000000.0,제 55 기,-9368000000.0,5,KRW,
20260310002820,11011,2025,00126380,SCE,자본변동표,dart_IntercompanyAcquisition,연결실체내 자본거래 등,자본 [구성요소]|지배기업의 소유주에게 귀속되는 지분 [구성요소],제 57 기,0.0,제 56 기,0.0,제 55 기,0.0,5,KRW,
20260310002820,11011,2025,00126380,SCE,자본변동표,dart_IntercompanyAcquisition,연결실체내 자본거래 등,자본 [구성요소]|지배기업의 소유주에게 귀속되는 지분 [구성요소]|기타자본구성요소 [구성요소],제 57 기,0.0,제 56 기,0.0,제 55 기,0.0,5,KRW,
20260310002820,11011,2025,00126380,SCE,자본변동표,dart_IntercompanyAcquisition,연결실체내 자본거래 등,자본 [구성요소]|지배기업의 소유주에게 귀속되는 지분 [구성요소]|이익잉여금 [구성요소],제 57 기,0.0,제 56 기,0.0,제 55 기,0.0,5,KRW,
20260310002820,11011,2025,00126380,SCE,자본변동표,dart_IntercompanyAcquisition,연결실체내 자본거래 등,자본 [구성요소]|지배기업의 소유주에게 귀속되는 지분 [구성요소]|자본금 [구성요소],제 57 기,0.0,제 56 기,0.0,제 55 기,0.0,5,KRW,
20260310002820,11011,2025,00126380,SCE,자본변동표,dart_IntercompanyAcquisition,연결실체내 자본거래 등,자본 [구성요소]|지배기업의 소유주에게 귀속되는 지분 [구성요소]|주식발행초과금 [구성요소],제 57 기,0.0,제 56 기,0.0,제 55 기,0.0,5,KRW,
20260310002820,11011,2025,00126380,SCE,자본변동표,ifrs-full_CancellationOfTreasuryShares,자기주식의 소각,연결재무제표 [member],제 57 기,0.0,제 56 기,0.0,제 55 기,0.0,6,KRW,
20260310002820,11011,2025,00126380,SCE,자본변동표,ifrs-full_CancellationOfTreasuryShares,자기주식의 소각,자본 [구성요소]|비지배지분 [구성요소],제 57 기,0.0,제 56 기,0.0,제 55 기,0.0,6,KRW,
20260310002820,11011,2025,00126380,SCE,자본변동표,ifrs-full_CancellationOfTreasuryShares,자기주식의 소각,자본 [구성요소]|지배기업의 소유주에게 귀속되는 지분 [구성요소],제 57 기,0.0,제 56 기,0.0,제 55 기,0.0,6,KRW,
20260310002820,11011,2025,00126380,SCE,자본변동표,ifrs-full_CancellationOfTreasuryShares,자기주식의 소각,자본 [구성요소]|지배기업의 소유주에게 귀속되는 지분 [구성요소]|기타자본구성요소 [구성요소],제 57 기,3049041000000.0,제 56 기,0.0,제 55 기,0.0,6,KRW,
20260310002820,11011,2025,00126380,SCE,자본변동표,ifrs-full_CancellationOfTreasuryShares,자기주식의 소각,자본 [구성요소]|지배기업의 소유주에게 귀속되는 지분 [구성요소]|이익잉여금 [구성요소],제 57 기,-3049041000000.0,제 56 기,0.0,제 55 기,,6,KRW,
20260310002820,11011,2025,00126380,SCE,자본변동표,ifrs-full_CancellationOfTreasuryShares,자기주식의 소각,자본 [구성요소]|지배기업의 소유주에게 귀속되는 지분 [구성요소]|자본금 [구성요소],제 57 기,0.0,제 56 기,0.0,제 55 기,0.0,6,KRW,
20260310002820,11011,2025,00126380,SCE,자본변동표,ifrs-full_CancellationOfTreasuryShares,자기주식의 소각,자본 [구성요소]|지배기업의 소유주에게 귀속되는 지분 [구성요소]|주식발행초과금 [구성요소],제 57 기,0.0,제 56 기,0.0,제 55 기,0.0,6,KRW,
20260310002820,11011,2025,00126380,SCE,자본변동표,ifrs-full_DividendsPaid,배당,자본 [구성요소]|지배기업의 소유주에게 귀속되는 지분 [구성요소],제 57 기,9808728000000.0,제 56 기,9809437000000.0,제 55 기,9809437000000.0,7,KRW,
20260310002820,11011,2025,00126380,SCE,자본변동표,ifrs-full_DividendsPaid,배당,자본 [구성요소]|비지배지분 [구성요소],제 57 기,87444000000.0,제 56 기,1102625000000.0,제 55 기,101984000000.0,7,KRW,
20260310002820,11011,2025,00126380,SCE,자본변동표,ifrs-full_DividendsPaid,배당,연결재무제표 [member],제 57 기,9896172000000.0,제 56 기,10912062000000.0,제 55 기,9911421000000.0,7,KRW,
20260310002820,11011,2025,00126380,SCE,자본변동표,ifrs-full_DividendsPaid,배당,자본 [구성요소]|지배기업의 소유주에게 귀속되는 지분 [구성요소]|기타자본구성요소 [구성요소],제 57 기,0.0,제 56 기,0.0,제 55 기,0.0,7,KRW,
20260310002820,11011,2025,00126380,SCE,자본변동표,ifrs-full_DividendsPaid,배당,자본 [구성요소]|지배기업의 소유주에게 귀속되는 지분 [구성요소]|주식발행초과금 [구성요소],제 57 기,0.0,제 56 기,0.0,제 55 기,0.0,7,KRW,
20260310002820,11011,2025,00126380,SCE,자본변동표,ifrs-full_DividendsPaid,배당,자본 [구성요소]|지배기업의 소유주에게 귀속되는 지분 [구성요소]|자본금 [구성요소],제 57 기,0.0,제 56 기,0.0,제 55 기,0.0,7,KRW,
20260310002820,11011,2025,00126380,SCE,자본변동표,ifrs-full_DividendsPaid,배당,자본 [구성요소]|지배기업의 소유주에게 귀속되는 지분 [구성요소]|이익잉여금 [구성요소],제 57 기,9808728000000.0,제 56 기,9809437000000.0,제 55 기,9809437000000.0,7,KRW,
20260310002820,11011,2025,00126380,SCE,자본변동표,ifrs-full_Equity,자본총계,자본 [구성요소]|지배기업의 소유주에게 귀속되는 지분 [구성요소]|자본금 [구성요소],제 57 기,897514000000.0,제 56 기,897514000000.0,제 55 기,897514000000.0,8,KRW,
20260310002820,11011,2025,00126380,SCE,자본변동표,ifrs-full_Equity,자본총계,자본 [구성요소]|지배기업의 소유주에게 귀속되는 지분 [구성요소]|이익잉여금 [구성요소],제 57 기,402135600000000.0,제 56 기,370513188000000.0,제 55 기,346652238000000.0,8,KRW,
20260310002820,11011,2025,00126380,SCE,자본변동표,ifrs-full_Equity,자본총계,자본 [구성요소]|지배기업의 소유주에게 귀속되는 지분 [구성요소]|기타자본구성요소 [구성요소],제 57 기,16876248000000.0,제 56 기,15873008000000.0,제 55 기,1280130000000.0,8,KRW,
20260310002820,11011,2025,00126380,SCE,자본변동표,ifrs-full_Equity,자본총계,자본 [구성요소]|지배기업의 소유주에게 귀속되는 지분 [구성요소],제 57 기,424313255000000.0,제 56 기,391687603000000.0,제 55 기,353233775000000.0,8,KRW,
20260310002820,11011,2025,00126380,SCE,자본변동표,ifrs-full_Equity,자본총계,자본 [구성요소]|비지배지분 [구성요소],제 57 기,12007082000000.0,제 56 기,10504467000000.0,제 55 기,10444090000000.0,8,KRW,
20260310002820,11011,2025,00126380,SCE,자본변동표,ifrs-full_Equity,자본총계,연결재무제표 [member],제 57 기,436320337000000.0,제 56 기,402192070000000.0,제 55 기,363677865000000.0,8,KRW,
20260310002820,11011,2025,00126380,SCE,자본변동표,ifrs-full_Equity,자본총계,자본 [구성요소]|지배기업의 소유주에게 귀속되는 지분 [구성요소]|주식발행초과금 [구성요소],제 57 기,4403893000000.0,제 56 기,4403893000000.0,제 55 기,4403893000000.0,8,KRW,
20260310002820,11011,2025,00126380,SCE,자본변동표,ifrs-full_GainsLossesOnCashFlowHedgesNetOfTax,현금흐름위험회피파생상품평가손익,자본 [구성요소]|지배기업의 소유주에게 귀속되는 지분 [구성요소]|자본금 [구성요소],제 57 기,0.0,제 56 기,0.0,제 55 기,0.0,9,KRW,
20260310002820,11011,2025,00126380,SCE,자본변동표,ifrs-full_GainsLossesOnCashFlowHedgesNetOfTax,현금흐름위험회피파생상품평가손익,자본 [구성요소]|지배기업의 소유주에게 귀속되는 지분 [구성요소]|이익잉여금 [구성요소],제 57 기,0.0,제 56 기,0.0,제 55 기,0.0,9,KRW,
20260310002820,11011,2025,00126380,SCE,자본변동표,ifrs-full_GainsLossesOnCashFlowHedgesNetOfTax,현금흐름위험회피파생상품평가손익,자본 [구성요소]|지배기업의 소유주에게 귀속되는 지분 [구성요소]|기타자본구성요소 [구성요소],제 57 기,1706000000.0,제 56 기,-38946000000.0,제 55 기,927000000.0,9,KRW,
20260310002820,11011,2025,00126380,SCE,자본변동표,ifrs-full_GainsLossesOnCashFlowHedgesNetOfTax,현금흐름위험회피파생상품평가손익,자본 [구성요소]|지배기업의 소유주에게 귀속되는 지분 [구성요소],제 57 기,1706000000.0,제 56 기,-38946000000.0,제 55 기,927000000.0,9,KRW,
20260310002820,11011,2025,00126380,SCE,자본변동표,ifrs-full_GainsLossesOnCashFlowHedgesNetOfTax,현금흐름위험회피파생상품평가손익,자본 [구성요소]|비지배지분 [구성요소],제 57 기,0.0,제 56 기,0.0,제 55 기,0.0,9,KRW,
20260310002820,11011,2025,00126380,SCE,자본변동표,ifrs-full_GainsLossesOnCashFlowHedgesNetOfTax,현금흐름위험회피파생상품평가손익,연결재무제표 [member],제 57 기,1706000000.0,제 56 기,-38946000000.0,제 55 기,927000000.0,9,KRW,
20260310002820,11011,2025,00126380,SCE,자본변동표,ifrs-full_GainsLossesOnCashFlowHedgesNetOfTax,현금흐름위험회피파생상품평가손익,자본 [구성요소]|지배기업의 소유주에게 귀속되는 지분 [구성요소]|주식발행초과금 [구성요소],제 57 기,0.0,제 56 기,0.0,제 55 기,0.0,9,KRW,
20260310002820,11011,2025,00126380,SCE,자본변동표,ifrs-full_GainsLossesOnExchangeDifferencesOnTranslationNetOfTax,해외사업장환산외환차이,연결재무제표 [member],제 57 기,960019000000.0,제 56 기,15116099000000.0,제 55 기,2621479000000.0,10,KRW,
20260310002820,11011,2025,00126380,SCE,자본변동표,ifrs-full_GainsLossesOnExchangeDifferencesOnTranslationNetOfTax,해외사업장환산외환차이,자본 [구성요소]|비지배지분 [구성요소],제 57 기,-43107000000.0,제 56 기,152251000000.0,제 55 기,9564000000.0,10,KRW,
20260310002820,11011,2025,00126380,SCE,자본변동표,ifrs-full_GainsLossesOnExchangeDifferencesOnTranslationNetOfTax,해외사업장환산외환차이,자본 [구성요소]|지배기업의 소유주에게 귀속되는 지분 [구성요소],제 57 기,1003126000000.0,제 56 기,14963848000000.0,제 55 기,2611915000000.0,10,KRW,
20260310002820,11011,2025,00126380,SCE,자본변동표,ifrs-full_GainsLossesOnExchangeDifferencesOnTranslationNetOfTax,해외사업장환산외환차이,자본 [구성요소]|지배기업의 소유주에게 귀속되는 지분 [구성요소]|기타자본구성요소 [구성요소],제 57 기,1003126000000.0,제 56 기,14963848000000.0,제 55 기,2611915000000.0,10,KRW,
20260310002820,11011,2025,00126380,SCE,자본변동표,ifrs-full_GainsLossesOnExchangeDifferencesOnTranslationNetOfTax,해외사업장환산외환차이,자본 [구성요소]|지배기업의 소유주에게 귀속되는 지분 [구성요소]|이익잉여금 [구성요소],제 57 기,0.0,제 56 기,0.0,제 55 기,0.0,10,KRW,
20260310002820,11011,2025,00126380,SCE,자본변동표,ifrs-full_GainsLossesOnExchangeDifferencesOnTranslationNetOfTax,해외사업장환산외환차이,자본 [구성요소]|지배기업의 소유주에게 귀속되는 지분 [구성요소]|자본금 [구성요소],제 57 기,0.0,제 56 기,0.0,제 55 기,0.0,10,KRW,
20260310002820,11011,2025,00126380,SCE,자본변동표,ifrs-full_GainsLossesOnExchangeDifferencesOnTranslationNetOfTax,해외사업장환산외환차이,자본 [구성요소]|지배기업의 소유주에게 귀속되는 지분 [구성요소]|주식발행초과금 [구성요소],제 57 기,0.0,제 56 기,0.0,제 55 기,0.0,10,KRW,
20260310002820,11011,2025,00126380,SCE,자본변동표,ifrs-full_IncreaseDecreaseThroughSharebasedPaymentTransactions,주식기준보상,연결재무제표 [member],제 57 기,711447000000.0,제 56 기,0.0,제 55 기,0.0,11,KRW,
20260310002820,11011,2025,00126380,SCE,자본변동표,ifrs-full_IncreaseDecreaseThroughSharebasedPaymentTransactions,주식기준보상,자본 [구성요소]|비지배지분 [구성요소],제 57 기,0.0,제 56 기,0.0,제 55 기,0.0,11,KRW,
20260310002820,11011,2025,00126380,SCE,자본변동표,ifrs-full_IncreaseDecreaseThroughSharebasedPaymentTransactions,주식기준보상,자본 [구성요소]|지배기업의 소유주에게 귀속되는 지분 [구성요소],제 57 기,711447000000.0,제 56 기,0.0,제 55 기,0.0,11,KRW,
20260310002820,11011,2025,00126380,SCE,자본변동표,ifrs-full_IncreaseDecreaseThroughSharebasedPaymentTransactions,주식기준보상,자본 [구성요소]|지배기업의 소유주에게 귀속되는 지분 [구성요소]|자본금 [구성요소],제 57 기,0.0,제 56 기,0.0,제 55 기,0.0,11,KRW,
20260310002820,11011,2025,00126380,SCE,자본변동표,ifrs-full_IncreaseDecreaseThroughSharebasedPaymentTransactions,주식기준보상,자본 [구성요소]|지배기업의 소유주에게 귀속되는 지분 [구성요소]|이익잉여금 [구성요소],제 57 기,0.0,제 56 기,0.0,제 55 기,0.0,11,KRW,
20260310002820,11011,2025,00126380,SCE,자본변동표,ifrs-full_IncreaseDecreaseThroughSharebasedPaymentTransactions,주식기준보상,자본 [구성요소]|지배기업의 소유주에게 귀속되는 지분 [구성요소]|기타자본구성요소 [구성요소],제 57 기,711447000000.0,제 56 기,0.0,제 55 기,0.0,11,KRW,
20260310002820,11011,2025,00126380,SCE,자본변동표,ifrs-full_IncreaseDecreaseThroughSharebasedPaymentTransactions,주식기준보상,자본 [구성요소]|지배기업의 소유주에게 귀속되는 지분 [구성요소]|주식발행초과금 [구성요소],제 57 기,0.0,제 56 기,0.0,제 55 기,0.0,11,KRW,
20260310002820,11011,2025,00126380,SCE,자본변동표,ifrs-full_IncreaseDecreaseThroughTransfersAndOtherChangesEquity,기타,자본 [구성요소]|비지배지분 [구성요소],제 57 기,0.0,제 56 기,0.0,제 55 기,0.0,12,KRW,
20260310002820,11011,2025,00126380,SCE,자본변동표,ifrs-full_IncreaseDecreaseThroughTransfersAndOtherChangesEquity,기타,자본 [구성요소]|지배기업의 소유주에게 귀속되는 지분 [구성요소],제 57 기,8233000000.0,제 56 기,26841000000.0,제 55 기,11409000000.0,12,KRW,
20260310002820,11011,2025,00126380,SCE,자본변동표,ifrs-full_IncreaseDecreaseThroughTransfersAndOtherChangesEquity,기타,자본 [구성요소]|지배기업의 소유주에게 귀속되는 지분 [구성요소]|기타자본구성요소 [구성요소],제 57 기,8233000000.0,제 56 기,26841000000.0,제 55 기,11409000000.0,12,KRW,
20260310002820,11011,2025,00126380,SCE,자본변동표,ifrs-full_IncreaseDecreaseThroughTransfersAndOtherChangesEquity,기타,자본 [구성요소]|지배기업의 소유주에게 귀속되는 지분 [구성요소]|이익잉여금 [구성요소],제 57 기,0.0,제 56 기,0.0,제 55 기,0.0,12,KRW,
20260310002820,11011,2025,00126380,SCE,자본변동표,ifrs-full_IncreaseDecreaseThroughTransfersAndOtherChangesEquity,기타,자본 [구성요소]|지배기업의 소유주에게 귀속되는 지분 [구성요소]|자본금 [구성요소],제 57 기,0.0,제 56 기,0.0,제 55 기,0.0,12,KRW,
20260310002820,11011,2025,00126380,SCE,자본변동표,ifrs-full_IncreaseDecreaseThroughTransfersAndOtherChangesEquity,기타,자본 [구성요소]|지배기업의 소유주에게 귀속되는 지분 [구성요소]|주식발행초과금 [구성요소],제 57 기,0.0,제 56 기,0.0,제 55 기,0.0,12,KRW,
20260310002820,11011,2025,00126380,SCE,자본변동표,ifrs-full_IncreaseDecreaseThroughTransfersAndOtherChangesEquity,기타,연결재무제표 [member],제 57 기,8233000000.0,제 56 기,26841000000.0,제 55 기,11409000000.0,12,KRW,
20260310002820,11011,2025,00126380,SCE,자본변동표,ifrs-full_OtherComprehensiveIncomeNetOfTaxGainsLossesFromInvestmentsInEquityInstruments,기타포괄손익-공정가치금융자산평가손익,자본 [구성요소]|지배기업의 소유주에게 귀속되는 지분 [구성요소],제 57 기,4213173000000.0,제 56 기,2009920000000.0,제 55 기,1487177000000.0,13,KRW,
20260310002820,11011,2025,00126380,SCE,자본변동표,ifrs-full_OtherComprehensiveIncomeNetOfTaxGainsLossesFromInvestmentsInEquityInstruments,기타포괄손익-공정가치금융자산평가손익,자본 [구성요소]|비지배지분 [구성요소],제 57 기,465165000000.0,제 56 기,290246000000.0,제 55 기,-6086000000.0,13,KRW,
20260310002820,11011,2025,00126380,SCE,자본변동표,ifrs-full_OtherComprehensiveIncomeNetOfTaxGainsLossesFromInvestmentsInEquityInstruments,기타포괄손익-공정가치금융자산평가손익,연결재무제표 [member],제 57 기,4678338000000.0,제 56 기,2300166000000.0,제 55 기,1481091000000.0,13,KRW,
20260310002820,11011,2025,00126380,SCE,자본변동표,ifrs-full_OtherComprehensiveIncomeNetOfTaxGainsLossesFromInvestmentsInEquityInstruments,기타포괄손익-공정가치금융자산평가손익,자본 [구성요소]|지배기업의 소유주에게 귀속되는 지분 [구성요소]|기타자본구성요소 [구성요소],제 57 기,3993948000000.0,제 56 기,1960896000000.0,제 55 기,-2554690000000.0,13,KRW,
20260310002820,11011,2025,00126380,SCE,자본변동표,ifrs-full_OtherComprehensiveIncomeNetOfTaxGainsLossesFromInvestmentsInEquityInstruments,기타포괄손익-공정가치금융자산평가손익,자본 [구성요소]|지배기업의 소유주에게 귀속되는 지분 [구성요소]|이익잉여금 [구성요소],제 57 기,219225000000.0,제 56 기,49024000000.0,제 55 기,4041867000000.0,13,KRW,
20260310002820,11011,2025,00126380,SCE,자본변동표,ifrs-full_OtherComprehensiveIncomeNetOfTaxGainsLossesFromInvestmentsInEquityInstruments,기타포괄손익-공정가치금융자산평가손익,자본 [구성요소]|지배기업의 소유주에게 귀속되는 지분 [구성요소]|자본금 [구성요소],제 57 기,0.0,제 56 기,0.0,제 55 기,0.0,13,KRW,
20260310002820,11011,2025,00126380,SCE,자본변동표,ifrs-full_OtherComprehensiveIncomeNetOfTaxGainsLossesFromInvestmentsInEquityInstruments,기타포괄손익-공정가치금융자산평가손익,자본 [구성요소]|지배기업의 소유주에게 귀속되는 지분 [구성요소]|주식발행초과금 [구성요소],제 57 기,0.0,제 56 기,0.0,제 55 기,0.0,13,KRW,
20260310002820,11011,2025,00126380,SCE,자본변동표,ifrs-full_OtherComprehensiveIncomeNetOfTaxGainsLossesOnRemeasurementsOfDefinedBenefitPlans,순확정급여부채(자산) 재측정요소,연결재무제표 [member],제 57 기,106691000000.0,제 56 기,-766078000000.0,제 55 기,-828298000000.0,14,KRW,
20260310002820,11011,2025,00126380,SCE,자본변동표,ifrs-full_OtherComprehensiveIncomeNetOfTaxGainsLossesOnRemeasurementsOfDefinedBenefitPlans,순확정급여부채(자산) 재측정요소,자본 [구성요소]|비지배지분 [구성요소],제 57 기,17941000000.0,제 56 기,-18661000000.0,제 55 기,-30382000000.0,14,KRW,
20260310002820,11011,2025,00126380,SCE,자본변동표,ifrs-full_OtherComprehensiveIncomeNetOfTaxGainsLossesOnRemeasurementsOfDefinedBenefitPlans,순확정급여부채(자산) 재측정요소,자본 [구성요소]|지배기업의 소유주에게 귀속되는 지분 [구성요소],제 57 기,88750000000.0,제 56 기,-747417000000.0,제 55 기,-797916000000.0,14,KRW,
20260310002820,11011,2025,00126380,SCE,자본변동표,ifrs-full_OtherComprehensiveIncomeNetOfTaxGainsLossesOnRemeasurementsOfDefinedBenefitPlans,순확정급여부채(자산) 재측정요소,자본 [구성요소]|지배기업의 소유주에게 귀속되는 지분 [구성요소]|기타자본구성요소 [구성요소],제 57 기,88750000000.0,제 56 기,-747417000000.0,제 55 기,-797916000000.0,14,KRW,
20260310002820,11011,2025,00126380,SCE,자본변동표,ifrs-full_OtherComprehensiveIncomeNetOfTaxGainsLossesOnRemeasurementsOfDefinedBenefitPlans,순확정급여부채(자산) 재측정요소,자본 [구성요소]|지배기업의 소유주에게 귀속되는 지분 [구성요소]|이익잉여금 [구성요소],제 57 기,0.0,제 56 기,0.0,제 55 기,0.0,14,KRW,
20260310002820,11011,2025,00126380,SCE,자본변동표,ifrs-full_OtherComprehensiveIncomeNetOfTaxGainsLossesOnRemeasurementsOfDefinedBenefitPlans,순확정급여부채(자산) 재측정요소,자본 [구성요소]|지배기업의 소유주에게 귀속되는 지분 [구성요소]|자본금 [구성요소],제 57 기,0.0,제 56 기,0.0,제 55 기,0.0,14,KRW,
20260310002820,11011,2025,00126380,SCE,자본변동표,ifrs-full_OtherComprehensiveIncomeNetOfTaxGainsLossesOnRemeasurementsOfDefinedBenefitPlans,순확정급여부채(자산) 재측정요소,자본 [구성요소]|지배기업의 소유주에게 귀속되는 지분 [구성요소]|주식발행초과금 [구성요소],제 57 기,0.0,제 56 기,0.0,제 55 기,0.0,14,KRW,
20260310002820,11011,2025,00126380,SCE,자본변동표,ifrs-full_ProfitLoss,당기순이익,자본 [구성요소]|지배기업의 소유주에게 귀속되는 지분 [구성요소],제 57 기,44260956000000.0,제 56 기,33621363000000.0,제 55 기,14473401000000.0,15,KRW,
20260310002820,11011,2025,00126380,SCE,자본변동표,ifrs-full_ProfitLoss,당기순이익,자본 [구성요소]|비지배지분 [구성요소],제 57 기,945849000000.0,제 56 기,829988000000.0,제 55 기,1013699000000.0,15,KRW,
20260310002820,11011,2025,00126380,SCE,자본변동표,ifrs-full_ProfitLoss,당기순이익,연결재무제표 [member],제 57 기,45206805000000.0,제 56 기,34451351000000.0,제 55 기,15487100000000.0,15,KRW,
20260310002820,11011,2025,00126380,SCE,자본변동표,ifrs-full_ProfitLoss,당기순이익,자본 [구성요소]|지배기업의 소유주에게 귀속되는 지분 [구성요소]|기타자본구성요소 [구성요소],제 57 기,0.0,제 56 기,0.0,제 55 기,0.0,15,KRW,
20260310002820,11011,2025,00126380,SCE,자본변동표,ifrs-full_ProfitLoss,당기순이익,자본 [구성요소]|지배기업의 소유주에게 귀속되는 지분 [구성요소]|주식발행초과금 [구성요소],제 57 기,0.0,제 56 기,0.0,제 55 기,0.0,15,KRW,
20260310002820,11011,2025,00126380,SCE,자본변동표,ifrs-full_ProfitLoss,당기순이익,자본 [구성요소]|지배기업의 소유주에게 귀속되는 지분 [구성요소]|자본금 [구성요소],제 57 기,0.0,제 56 기,0.0,제 55 기,0.0,15,KRW,
20260310002820,11011,2025,00126380,SCE,자본변동표,ifrs-full_ProfitLoss,당기순이익,자본 [구성요소]|지배기업의 소유주에게 귀속되는 지분 [구성요소]|이익잉여금 [구성요소],제 57 기,44260956000000.0,제 56 기,33621363000000.0,제 55 기,14473401000000.0,15,KRW,
20260310002820,11011,2025,00126380,SCE,자본변동표,ifrs-full_PurchaseOfTreasuryShares,자기주식의 취득,연결재무제표 [member],제 57 기,8189263000000.0,제 56 기,1811775000000.0,제 55 기,0.0,16,KRW,
20260310002820,11011,2025,00126380,SCE,자본변동표,ifrs-full_PurchaseOfTreasuryShares,자기주식의 취득,자본 [구성요소]|비지배지분 [구성요소],제 57 기,0.0,제 56 기,0.0,제 55 기,0.0,16,KRW,
20260310002820,11011,2025,00126380,SCE,자본변동표,ifrs-full_PurchaseOfTreasuryShares,자기주식의 취득,자본 [구성요소]|지배기업의 소유주에게 귀속되는 지분 [구성요소],제 57 기,8189263000000.0,제 56 기,1811775000000.0,제 55 기,0.0,16,KRW,
20260310002820,11011,2025,00126380,SCE,자본변동표,ifrs-full_PurchaseOfTreasuryShares,자기주식의 취득,자본 [구성요소]|지배기업의 소유주에게 귀속되는 지분 [구성요소]|기타자본구성요소 [구성요소],제 57 기,8189263000000.0,제 56 기,1811775000000.0,제 55 기,0.0,16,KRW,
20260310002820,11011,2025,00126380,SCE,자본변동표,ifrs-full_PurchaseOfTreasuryShares,자기주식의 취득,자본 [구성요소]|지배기업의 소유주에게 귀속되는 지분 [구성요소]|이익잉여금 [구성요소],제 57 기,0.0,제 56 기,0.0,제 55 기,0.0,16,KRW,
20260310002820,11011,2025,00126380,SCE,자본변동표,ifrs-full_PurchaseOfTreasuryShares,자기주식의 취득,자본 [구성요소]|지배기업의 소유주에게 귀속되는 지분 [구성요소]|자본금 [구성요소],제 57 기,0.0,제 56 기,0.0,제 55 기,0.0,16,KRW,
20260310002820,11011,2025,00126380,SCE,자본변동표,ifrs-full_PurchaseOfTreasuryShares,자기주식의 취득,자본 [구성요소]|지배기업의 소유주에게 귀속되는 지분 [구성요소]|주식발행초과금 [구성요소],제 57 기,0.0,제 56 기,0.0,제 55 기,0.0,16,KRW,
20260310002820,11011,2025,00126380,SCE,자본변동표,ifrs-full_ShareOfOtherComprehensiveIncomeOfAssociatesAndJointVenturesAccountedForUsingEquityMethod,관계기업 및 공동기업의 기타포괄손익에 대한 지분,연결재무제표 [member],제 57 기,336965000000.0,제 56 기,233746000000.0,제 55 기,75112000000.0,17,KRW,
20260310002820,11011,2025,00126380,SCE,자본변동표,ifrs-full_ShareOfOtherComprehensiveIncomeOfAssociatesAndJointVenturesAccountedForUsingEquityMethod,관계기업 및 공동기업의 기타포괄손익에 대한 지분,자본 [구성요소]|비지배지분 [구성요소],제 57 기,713000000.0,제 56 기,-5685000000.0,제 55 기,4955000000.0,17,KRW,
20260310002820,11011,2025,00126380,SCE,자본변동표,ifrs-full_ShareOfOtherComprehensiveIncomeOfAssociatesAndJointVenturesAccountedForUsingEquityMethod,관계기업 및 공동기업의 기타포괄손익에 대한 지분,자본 [구성요소]|지배기업의 소유주에게 귀속되는 지분 [구성요소],제 57 기,336252000000.0,제 56 기,239431000000.0,제 55 기,70157000000.0,17,KRW,
20260310002820,11011,2025,00126380,SCE,자본변동표,ifrs-full_ShareOfOtherComprehensiveIncomeOfAssociatesAndJointVenturesAccountedForUsingEquityMethod,관계기업 및 공동기업의 기타포괄손익에 대한 지분,자본 [구성요소]|지배기업의 소유주에게 귀속되는 지분 [구성요소]|자본금 [구성요소],제 57 기,0.0,제 56 기,0.0,제 55 기,0.0,17,KRW,
20260310002820,11011,2025,00126380,SCE,자본변동표,ifrs-full_ShareOfOtherComprehensiveIncomeOfAssociatesAndJointVenturesAccountedForUsingEquityMethod,관계기업 및 공동기업의 기타포괄손익에 대한 지분,자본 [구성요소]|지배기업의 소유주에게 귀속되는 지분 [구성요소]|이익잉여금 [구성요소],제 57 기,0.0,제 56 기,0.0,제 55 기,0.0,17,KRW,
20260310002820,11011,2025,00126380,SCE,자본변동표,ifrs-full_ShareOfOtherComprehensiveIncomeOfAssociatesAndJointVenturesAccountedForUsingEquityMethod,관계기업 및 공동기업의 기타포괄손익에 대한 지분,자본 [구성요소]|지배기업의 소유주에게 귀속되는 지분 [구성요소]|기타자본구성요소 [구성요소],제 57 기,336252000000.0,제 56 기,239431000000.0,제 55 기,70157000000.0,17,KRW,
20260310002820,11011,2025,00126380,SCE,자본변동표,ifrs-full_ShareOfOtherComprehensiveIncomeOfAssociatesAndJointVenturesAccountedForUsingEquityMethod,관계기업 및 공동기업의 기타포괄손익에 대한 지분,자본 [구성요소]|지배기업의 소유주에게 귀속되는 지분 [구성요소]|주식발행초과금 [구성요소],제 57 기,0.0,제 56 기,0.0,제 55 기,0.0,17,KRW,
